date,categoryCode,score,scoreChangePre,scoreChange,dataType,isTrack,isPpp,blockDynamicIndexList
2024-10-25,000022.BKDL,578.38,474.71,0.0,1,1,0,[]
2024-10-25,000007.BKDL,557.41,387.81,18.97,1,1,0,[]
2024-10-25,000036.BKDL,556.62,435.79,7.92,1,0,0,[]
2024-10-25,000035.BKDL,545.97,414.03,5.91,1,1,0,[]
2024-10-25,000011.BKDL,538.7,400.46,5.86,1,1,0,[]
2024-10-25,000024.BKDL,537.05,400.02,6.63,1,1,0,[]
2024-10-25,000004.BKDL,521.7,359.82,12.92,1,1,0,[]
2024-10-25,000001.BKDL,521.36,394.02,9.61,1,1,0,[]
2024-10-25,000010.BKDL,513.08,343.11,14.64,1,1,0,[]
2024-10-25,000033.BKDL,500.25,361.24,7.29,1,0,0,[]
2024-10-25,000012.BKDL,494.39,331.3,7.7,1,0,0,[]
2024-10-25,000027.BKDL,494.16,357.93,8.46,1,0,0,[]
2024-10-25,000009.BKDL,491.82,302.44,7.77,1,1,0,[]
2024-10-25,000026.BKDL,491.7,329.31,10.89,1,1,0,[]
2024-10-25,000019.BKDL,488.5,337.35,15.33,1,0,0,[]
2024-10-25,000032.BKDL,486.49,348.72,8.61,1,0,0,[]
2024-10-25,000003.BKDL,480.17,320.39,7.49,1,0,0,[]
2024-10-25,000015.BKDL,479.69,314.71,12.4,1,1,0,[]
2024-10-25,000008.BKDL,479.21,327.65,7.21,1,1,0,[]
2024-10-25,000021.BKDL,477.44,271.19,15.28,1,1,0,[]
2024-10-25,000018.BKDL,476.37,354.44,5.67,1,1,0,[]
2024-10-25,000006.BKDL,474.45,331.98,5.97,1,0,0,[]
2024-10-25,000038.BKDL,468.64,358.65,7.57,1,1,0,[]
2024-10-25,000031.BKDL,465.77,293.56,5.08,1,0,0,[]
2024-10-25,000017.BKDL,464.91,317.93,10.42,1,1,0,[]
2024-10-25,000029.BKDL,464.34,286.29,10.48,1,0,0,[]
2024-10-25,000016.BKDL,460.71,303.84,4.94,1,0,0,[]
2024-10-25,000034.BKDL,459.96,324.93,7.38,1,0,0,[]
2024-10-25,000023.BKDL,456.34,308.97,11.72,1,0,0,[]
2024-10-25,000025.BKDL,453.57,314.07,4.9,1,0,0,[]
2024-10-25,000037.BKDL,453.05,353.92,7.39,1,1,0,[]
2024-10-25,000013.BKDL,447.38,328.66,0.0,1,1,0,[]
2024-10-25,000014.BKDL,446.56,285.48,7.97,1,0,0,[]
2024-10-25,000005.BKDL,395.2,228.0,5.07,1,1,0,[]
2024-10-25,000028.BKDL,362.75,-46.31,7.72,1,1,0,[]
2024-10-24,000028.BKDL,409.06,65.6,3.86,1,1,0,[]
2024-10-24,000021.BKDL,206.25,87.85,7.64,1,1,0,[]
2024-10-24,000009.BKDL,189.38,16.96,3.53,1,1,0,[]
2024-10-24,000029.BKDL,178.05,-0.0,2.32,1,0,0,[]
2024-10-24,000031.BKDL,172.21,-24.71,2.18,1,0,0,[]
2024-10-24,000010.BKDL,169.97,-16.55,5.1,1,1,0,[]
2024-10-24,000007.BKDL,169.6,-42.69,4.75,1,1,0,[]
2024-10-24,000005.BKDL,167.2,-101.33,5.07,1,1,0,[]
2024-10-24,000015.BKDL,164.98,-27.66,4.77,1,1,0,[]
2024-10-24,000012.BKDL,163.09,1.93,3.21,1,0,0,[]
2024-10-24,000026.BKDL,162.39,-17.23,3.63,1,1,0,[]
2024-10-24,000004.BKDL,161.88,-59.86,2.72,1,1,0,[]
2024-10-24,000014.BKDL,161.08,9.57,6.38,1,0,0,[]
2024-10-24,000003.BKDL,159.78,-25.8,3.33,1,0,0,[]
2024-10-24,000016.BKDL,156.87,-46.93,3.71,1,0,0,[]
2024-10-24,000008.BKDL,151.56,-82.27,10.11,1,1,0,[]
2024-10-24,000019.BKDL,151.15,-41.62,2.19,1,0,0,[]
2024-10-24,000023.BKDL,147.37,-60.29,5.44,1,0,0,[]
2024-10-24,000017.BKDL,146.98,-112.58,5.21,1,1,0,[]
2024-10-24,000006.BKDL,142.47,-36.44,1.33,1,0,0,[]
2024-10-24,000025.BKDL,139.5,-64.44,0.82,1,0,0,[]
2024-10-24,000033.BKDL,139.01,-79.37,2.58,1,0,0,[]
2024-10-24,000011.BKDL,138.24,-123.15,2.52,1,1,0,[]
2024-10-24,000032.BKDL,137.77,-38.74,2.16,1,0,0,[]
2024-10-24,000024.BKDL,137.03,-92.82,6.63,1,1,0,[]
2024-10-24,000027.BKDL,136.23,-106.84,3.56,1,0,0,[]
2024-10-24,000034.BKDL,135.03,-36.93,2.11,1,0,0,[]
2024-10-24,000035.BKDL,131.94,-151.97,4.09,1,1,0,[]
2024-10-24,000001.BKDL,127.34,-134.54,7.21,1,1,0,[]
2024-10-24,000018.BKDL,121.93,-130.43,3.78,1,1,0,[]
2024-10-24,000036.BKDL,120.83,-154.51,0.0,1,0,0,[]
2024-10-24,000013.BKDL,118.72,-239.93,0.0,1,1,0,[]
2024-10-24,000038.BKDL,109.99,-119.15,2.39,1,1,0,[]
2024-10-24,000022.BKDL,103.67,-190.98,2.73,1,1,0,[]
2024-10-24,000037.BKDL,99.13,-149.14,3.04,1,1,0,[]
2024-10-23,000013.BKDL,358.65,64.98,4.99,1,1,0,[]
2024-10-23,000028.BKDL,343.46,-84.9,11.58,1,1,0,[]
2024-10-23,000022.BKDL,294.65,-117.31,16.37,1,1,0,[]
2024-10-23,000035.BKDL,283.91,-140.13,5.46,1,1,0,[]
2024-10-23,000036.BKDL,275.34,-136.68,5.94,1,0,0,[]
2024-10-23,000005.BKDL,268.53,-177.34,10.13,1,1,0,[]
2024-10-23,000001.BKDL,261.88,-158.57,14.41,1,1,0,[]
2024-10-23,000011.BKDL,261.39,-155.83,9.21,1,1,0,[]
2024-10-23,000017.BKDL,259.56,-129.78,9.38,1,1,0,[]
2024-10-23,000018.BKDL,252.36,-138.0,2.83,1,1,0,[]
2024-10-23,000037.BKDL,248.27,-109.13,8.7,1,1,0,[]
2024-10-23,000027.BKDL,243.07,-103.73,9.35,1,0,0,[]
2024-10-23,000008.BKDL,233.83,-88.05,7.21,1,1,0,[]
2024-10-23,000024.BKDL,229.85,-276.26,11.05,1,1,0,[]
2024-10-23,000038.BKDL,229.14,-174.54,6.78,1,1,0,[]
2024-10-23,000004.BKDL,221.74,-193.85,5.44,1,1,0,[]
2024-10-23,000033.BKDL,218.38,-113.69,5.58,1,0,0,[]
2024-10-23,000007.BKDL,212.29,-190.95,7.11,1,1,0,[]
2024-10-23,000023.BKDL,207.66,-195.09,5.45,1,0,0,[]
2024-10-23,000025.BKDL,203.94,-61.19,6.52,1,0,0,[]
2024-10-23,000016.BKDL,203.8,2.47,8.65,1,0,0,[]
2024-10-23,000031.BKDL,196.92,-18.89,4.36,1,0,0,[]
2024-10-23,000019.BKDL,192.77,-223.44,8.76,1,0,0,[]
2024-10-23,000015.BKDL,192.64,-184.05,8.59,1,1,0,[]
2024-10-23,000010.BKDL,186.52,-294.1,9.55,1,1,0,[]
2024-10-23,000003.BKDL,185.58,-83.21,5.83,1,0,0,[]
2024-10-23,000026.BKDL,179.62,-218.63,3.63,1,1,0,[]
2024-10-23,000006.BKDL,178.91,-115.3,3.97,1,0,0,[]
2024-10-23,000029.BKDL,178.05,-72.16,6.98,1,0,0,[]
2024-10-23,000032.BKDL,176.51,-94.72,2.15,1,0,0,[]
2024-10-23,000009.BKDL,172.42,-261.46,10.6,1,1,0,[]
2024-10-23,000034.BKDL,171.96,-78.06,3.17,1,0,0,[]
2024-10-23,000012.BKDL,161.16,-195.19,3.85,1,0,0,[]
2024-10-23,000014.BKDL,151.51,-97.29,7.97,1,0,0,[]
2024-10-23,000021.BKDL,118.4,-404.87,7.63,1,1,0,[]
2024-10-22,000021.BKDL,523.27,225.35,7.64,1,1,0,[]
2024-10-22,000024.BKDL,506.11,207.75,15.47,1,1,0,[]
2024-10-22,000010.BKDL,480.62,145.14,14.01,1,1,0,[]
2024-10-22,000005.BKDL,445.87,217.87,15.2,1,1,0,[]
2024-10-22,000009.BKDL,433.88,54.41,12.72,1,1,0,[]
2024-10-22,000028.BKDL,428.36,216.11,15.44,1,1,0,[]
2024-10-22,000035.BKDL,424.04,12.74,12.28,1,1,0,[]
2024-10-22,000001.BKDL,420.45,28.83,16.82,1,1,0,[]
2024-10-22,000011.BKDL,417.22,56.97,14.24,1,1,0,[]
2024-10-22,000019.BKDL,416.21,39.43,4.38,1,0,0,[]
2024-10-22,000004.BKDL,415.59,61.21,19.72,1,1,0,[]
2024-10-22,000036.BKDL,412.02,-41.59,7.93,1,0,0,[]
2024-10-22,000022.BKDL,411.96,38.2,19.1,1,1,0,[]
2024-10-22,000038.BKDL,403.68,11.55,7.17,1,1,0,[]
2024-10-22,000007.BKDL,403.24,99.63,10.68,1,1,0,[]
2024-10-22,000023.BKDL,402.75,68.66,10.46,1,0,0,[]
2024-10-22,000026.BKDL,398.25,9.07,9.97,1,1,0,[]
2024-10-22,000018.BKDL,390.36,19.85,12.29,1,1,0,[]
2024-10-22,000017.BKDL,389.34,63.59,14.07,1,1,0,[]
2024-10-22,000015.BKDL,376.69,63.89,10.49,1,1,0,[]
2024-10-22,000037.BKDL,357.4,30.0,12.17,1,1,0,[]
2024-10-22,000012.BKDL,356.35,-103.37,7.06,1,0,0,[]
2024-10-22,000027.BKDL,346.8,-129.55,9.35,1,0,0,[]
2024-10-22,000033.BKDL,332.07,-157.88,9.01,1,0,0,[]
2024-10-22,000008.BKDL,321.88,-43.3,14.43,1,1,0,[]
2024-10-22,000006.BKDL,294.21,-210.05,5.96,1,0,0,[]
2024-10-22,000013.BKDL,293.67,-243.69,5.0,1,1,0,[]
2024-10-22,000032.BKDL,271.23,-236.78,10.77,1,0,0,[]
2024-10-22,000003.BKDL,268.79,-241.34,5.82,1,0,0,[]
2024-10-22,000025.BKDL,265.13,-279.81,8.98,1,0,0,[]
2024-10-22,000029.BKDL,250.21,-294.43,10.48,1,0,0,[]
2024-10-22,000034.BKDL,250.02,-330.21,5.27,1,0,0,[]
2024-10-22,000014.BKDL,248.8,-296.64,4.79,1,0,0,[]
2024-10-22,000031.BKDL,215.81,-356.78,7.27,1,0,0,[]
2024-10-22,000016.BKDL,201.33,-368.08,4.94,1,0,0,[]
2024-10-21,000034.BKDL,580.23,-86.5,2.11,1,0,0,[]
2024-10-21,000031.BKDL,572.59,-120.62,2.18,1,0,0,[]
2024-10-21,000016.BKDL,569.41,-85.22,2.47,1,0,0,[]
2024-10-21,000014.BKDL,545.44,-149.92,4.78,1,0,0,[]
2024-10-21,000025.BKDL,544.94,-141.12,6.53,1,0,0,[]
2024-10-21,000029.BKDL,544.64,-158.27,9.31,1,0,0,[]
2024-10-21,000013.BKDL,537.36,-146.21,6.25,1,1,0,[]
2024-10-21,000003.BKDL,510.13,-125.65,4.17,1,0,0,[]
2024-10-21,000032.BKDL,508.01,-204.5,6.45,1,0,0,[]
2024-10-21,000006.BKDL,504.26,-168.98,5.3,1,0,0,[]
2024-10-21,000033.BKDL,489.95,-207.23,7.29,1,0,0,[]
2024-10-21,000027.BKDL,476.35,-207.46,6.68,1,0,0,[]
2024-10-21,000012.BKDL,459.72,-165.01,3.21,1,0,0,[]
2024-10-21,000036.BKDL,453.61,-231.76,13.86,1,0,0,[]
2024-10-21,000035.BKDL,411.3,-242.96,5.91,1,1,0,[]
2024-10-21,000038.BKDL,392.13,-268.59,3.59,1,1,0,[]
2024-10-21,000001.BKDL,391.62,-237.86,2.4,1,1,0,[]
2024-10-21,000026.BKDL,389.18,-289.4,5.44,1,1,0,[]
2024-10-21,000009.BKDL,379.47,-281.95,5.66,1,1,0,[]
2024-10-21,000019.BKDL,376.78,-251.92,6.57,1,0,0,[]
2024-10-21,000022.BKDL,373.76,-275.55,5.45,1,1,0,[]
2024-10-21,000018.BKDL,370.51,-259.92,8.51,1,1,0,[]
2024-10-21,000008.BKDL,365.18,-249.71,5.77,1,1,0,[]
2024-10-21,000011.BKDL,360.25,-263.07,6.7,1,1,0,[]
2024-10-21,000004.BKDL,354.38,-257.1,7.49,1,1,0,[]
2024-10-21,000010.BKDL,335.48,-280.09,4.46,1,1,0,[]
2024-10-21,000023.BKDL,334.09,-281.34,6.7,1,0,0,[]
2024-10-21,000037.BKDL,327.4,-329.14,7.83,1,1,0,[]
2024-10-21,000017.BKDL,325.75,-272.59,6.77,1,1,0,[]
2024-10-21,000015.BKDL,312.8,-295.63,6.68,1,1,0,[]
2024-10-21,000007.BKDL,303.61,-271.59,5.93,1,1,0,[]
2024-10-21,000024.BKDL,298.36,-298.36,4.42,1,1,0,[]
2024-10-21,000021.BKDL,297.92,-317.02,0.0,1,1,0,[]
2024-10-21,000005.BKDL,228.0,-349.6,5.07,1,1,0,[]
2024-10-21,000028.BKDL,212.25,-135.07,0.0,1,1,0,[]
2024-10-18,000032.BKDL,712.51,540.3,0.0,1,0,0,[]
2024-10-18,000029.BKDL,702.91,430.59,2.33,1,0,0,[]
2024-10-18,000033.BKDL,697.18,519.13,5.15,1,0,0,[]
2024-10-18,000014.BKDL,695.36,395.53,4.79,1,0,0,[]
2024-10-18,000031.BKDL,693.21,417.09,0.73,1,0,0,[]
2024-10-18,000025.BKDL,686.06,425.83,0.81,1,0,0,[]
2024-10-18,000036.BKDL,685.37,566.52,5.94,1,0,0,[]
2024-10-18,000027.BKDL,683.81,488.82,4.9,1,0,0,[]
2024-10-18,000013.BKDL,683.57,463.63,5.0,1,1,0,[]
2024-10-18,000026.BKDL,678.58,505.31,11.8,1,1,0,[]
2024-10-18,000006.BKDL,673.24,392.95,3.98,1,0,0,[]
2024-10-18,000034.BKDL,666.73,385.06,3.16,1,0,0,[]
2024-10-18,000009.BKDL,661.42,538.46,7.07,1,1,0,[]
2024-10-18,000038.BKDL,660.72,520.85,5.18,1,1,0,[]
2024-10-18,000037.BKDL,656.54,553.06,8.26,1,1,0,[]
2024-10-18,000016.BKDL,654.63,365.6,0.0,1,0,0,[]
2024-10-18,000035.BKDL,654.26,524.59,6.37,1,1,0,[]
2024-10-18,000022.BKDL,649.31,572.92,8.18,1,1,0,[]
2024-10-18,000003.BKDL,635.78,383.63,4.16,1,0,0,[]
2024-10-18,000018.BKDL,630.43,510.39,5.67,1,1,0,[]
2024-10-18,000001.BKDL,629.48,557.4,12.02,1,1,0,[]
2024-10-18,000019.BKDL,628.7,512.6,6.57,1,0,0,[]
2024-10-18,000012.BKDL,624.73,415.42,8.34,1,0,0,[]
2024-10-18,000011.BKDL,623.32,513.57,10.89,1,1,0,[]
2024-10-18,000010.BKDL,615.57,492.71,10.18,1,1,0,[]
2024-10-18,000023.BKDL,615.43,500.3,6.28,1,0,0,[]
2024-10-18,000021.BKDL,614.94,500.36,11.46,1,1,0,[]
2024-10-18,000008.BKDL,614.89,463.33,8.66,1,1,0,[]
2024-10-18,000004.BKDL,611.48,480.2,5.44,1,1,0,[]
2024-10-18,000015.BKDL,608.43,487.32,3.82,1,1,0,[]
2024-10-18,000017.BKDL,598.34,502.44,9.9,1,1,0,[]
2024-10-18,000024.BKDL,596.72,528.21,13.26,1,1,0,[]
2024-10-18,000005.BKDL,577.6,496.53,10.13,1,1,0,[]
2024-10-18,000007.BKDL,575.2,466.09,7.11,1,1,0,[]
2024-10-18,000028.BKDL,347.32,235.41,15.44,1,1,0,[]
2024-10-17,000014.BKDL,299.83,130.77,4.78,1,0,0,[]
2024-10-17,000016.BKDL,289.03,29.65,8.65,1,0,0,[]
2024-10-17,000034.BKDL,281.67,35.86,4.22,1,0,0,[]
2024-10-17,000006.BKDL,280.29,94.75,4.63,1,0,0,[]
2024-10-17,000031.BKDL,276.12,80.66,3.63,1,0,0,[]
2024-10-17,000029.BKDL,272.32,140.82,3.49,1,0,0,[]
2024-10-17,000025.BKDL,260.23,72.6,4.89,1,0,0,[]
2024-10-17,000003.BKDL,252.15,-4.16,6.66,1,0,0,[]
2024-10-17,000013.BKDL,219.94,31.24,8.75,1,1,0,[]
2024-10-17,000012.BKDL,209.31,-36.6,5.77,1,0,0,[]
2024-10-17,000027.BKDL,194.99,22.7,2.67,1,0,0,[]
2024-10-17,000033.BKDL,178.05,6.87,3.43,1,0,0,[]
2024-10-17,000026.BKDL,173.27,-9.98,4.53,1,1,0,[]
2024-10-17,000032.BKDL,172.21,40.9,6.46,1,0,0,[]
2024-10-17,000008.BKDL,151.56,-164.55,5.78,1,1,0,[]
2024-10-17,000038.BKDL,139.87,-51.41,2.79,1,1,0,[]
2024-10-17,000004.BKDL,131.28,-123.11,2.73,1,1,0,[]
2024-10-17,000035.BKDL,129.67,-71.43,2.73,1,1,0,[]
2024-10-17,000009.BKDL,122.96,-65.71,4.24,1,1,0,[]
2024-10-17,000010.BKDL,122.86,-94.85,4.46,1,1,0,[]
2024-10-17,000015.BKDL,121.11,-137.33,3.81,1,1,0,[]
2024-10-17,000018.BKDL,120.04,-127.6,5.67,1,1,0,[]
2024-10-17,000036.BKDL,118.85,-57.45,1.98,1,0,0,[]
2024-10-17,000019.BKDL,116.1,-96.39,10.95,1,0,0,[]
2024-10-17,000023.BKDL,115.13,-117.23,1.25,1,0,0,[]
2024-10-17,000021.BKDL,114.58,-34.38,3.81,1,1,0,[]
2024-10-17,000028.BKDL,111.91,-104.2,0.0,1,1,0,[]
2024-10-17,000011.BKDL,109.75,-151.64,4.19,1,1,0,[]
2024-10-17,000007.BKDL,109.11,-264.48,4.74,1,1,0,[]
2024-10-17,000037.BKDL,103.48,-90.87,1.3,1,1,0,[]
2024-10-17,000017.BKDL,95.9,-172.52,1.04,1,1,0,[]
2024-10-17,000005.BKDL,81.07,-197.6,0.0,1,1,0,[]
2024-10-17,000022.BKDL,76.39,-117.31,2.73,1,1,0,[]
2024-10-17,000001.BKDL,72.08,-175.39,2.41,1,1,0,[]
2024-10-17,000024.BKDL,68.51,-172.39,4.42,1,1,0,[]
2024-10-16,000007.BKDL,373.59,281.08,14.24,1,1,0,[]
2024-10-16,000008.BKDL,316.11,239.61,7.22,1,1,0,[]
2024-10-16,000005.BKDL,278.67,243.2,10.14,1,1,0,[]
2024-10-16,000017.BKDL,268.42,202.75,6.78,1,1,0,[]
2024-10-16,000011.BKDL,261.39,188.5,9.21,1,1,0,[]
2024-10-16,000016.BKDL,259.38,158.1,4.94,1,0,0,[]
2024-10-16,000015.BKDL,258.44,177.38,8.58,1,1,0,[]
2024-10-16,000003.BKDL,256.31,143.13,5.82,1,0,0,[]
2024-10-16,000004.BKDL,254.39,162.57,6.8,1,1,0,[]
2024-10-16,000018.BKDL,247.64,169.19,11.35,1,1,0,[]
2024-10-16,000001.BKDL,247.47,177.8,9.61,1,1,0,[]
2024-10-16,000012.BKDL,245.91,144.46,7.06,1,0,0,[]
2024-10-16,000034.BKDL,245.81,141.37,6.33,1,0,0,[]
2024-10-16,000024.BKDL,240.9,161.34,13.26,1,1,0,[]
2024-10-16,000023.BKDL,232.36,166.63,7.96,1,0,0,[]
2024-10-16,000010.BKDL,217.71,129.23,7.0,1,1,0,[]
2024-10-16,000028.BKDL,216.11,38.59,3.86,1,1,0,[]
2024-10-16,000019.BKDL,212.49,151.15,6.57,1,0,0,[]
2024-10-16,000035.BKDL,201.1,132.85,7.73,1,1,0,[]
2024-10-16,000031.BKDL,195.46,92.28,4.36,1,0,0,[]
2024-10-16,000037.BKDL,194.35,153.04,6.95,1,1,0,[]
2024-10-16,000022.BKDL,193.7,114.58,8.18,1,1,0,[]
2024-10-16,000038.BKDL,191.28,136.69,4.78,1,1,0,[]
2024-10-16,000013.BKDL,188.7,78.73,3.75,1,1,0,[]
2024-10-16,000009.BKDL,188.67,125.78,3.53,1,1,0,[]
2024-10-16,000025.BKDL,187.63,93.82,5.71,1,0,0,[]
2024-10-16,000006.BKDL,185.54,78.86,3.98,1,0,0,[]
2024-10-16,000026.BKDL,183.25,103.42,4.53,1,1,0,[]
2024-10-16,000036.BKDL,176.3,104.99,9.91,1,0,0,[]
2024-10-16,000027.BKDL,172.29,97.05,4.45,1,0,0,[]
2024-10-16,000033.BKDL,171.18,99.1,6.0,1,0,0,[]
2024-10-16,000014.BKDL,169.06,66.99,3.19,1,0,0,[]
2024-10-16,000021.BKDL,148.96,68.75,0.0,1,1,0,[]
2024-10-16,000029.BKDL,131.5,41.89,1.16,1,0,0,[]
2024-10-16,000032.BKDL,131.31,68.88,2.15,1,0,0,[]
2024-10-15,000028.BKDL,177.52,-131.21,3.86,1,1,0,[]
2024-10-15,000003.BKDL,113.18,-551.73,1.67,1,0,0,[]
2024-10-15,000013.BKDL,109.97,-574.85,1.25,1,1,0,[]
2024-10-15,000006.BKDL,106.68,-560.59,0.66,1,0,0,[]
2024-10-15,000034.BKDL,104.44,-585.5,2.11,1,0,0,[]
2024-10-15,000031.BKDL,103.18,-580.58,1.45,1,0,0,[]
2024-10-15,000014.BKDL,102.07,-578.94,0.0,1,0,0,[]
2024-10-15,000012.BKDL,101.45,-523.28,1.29,1,0,0,[]
2024-10-15,000016.BKDL,101.28,-591.64,1.23,1,0,0,[]
2024-10-15,000025.BKDL,93.81,-591.44,1.63,1,0,0,[]
2024-10-15,000007.BKDL,92.51,-555.04,2.37,1,1,0,[]
2024-10-15,000004.BKDL,91.82,-524.43,1.36,1,1,0,[]
2024-10-15,000029.BKDL,89.61,-569.07,0.0,1,0,0,[]
2024-10-15,000010.BKDL,88.48,-478.08,1.27,1,1,0,[]
2024-10-15,000015.BKDL,81.06,-485.41,1.91,1,1,0,[]
2024-10-15,000021.BKDL,80.21,-408.68,3.82,1,1,0,[]
2024-10-15,000026.BKDL,79.83,-539.78,1.81,1,1,0,[]
2024-10-15,000024.BKDL,79.56,-523.79,0.0,1,1,0,[]
2024-10-15,000022.BKDL,79.12,-523.81,2.73,1,1,0,[]
2024-10-15,000018.BKDL,78.45,-551.04,0.95,1,1,0,[]
2024-10-15,000008.BKDL,76.5,-578.81,1.44,1,1,0,[]
2024-10-15,000027.BKDL,75.24,-576.52,1.78,1,0,0,[]
2024-10-15,000011.BKDL,72.89,-565.51,0.0,1,1,0,[]
2024-10-15,000033.BKDL,72.08,-589.49,1.29,1,0,0,[]
2024-10-15,000036.BKDL,71.31,-582.37,1.98,1,0,0,[]
2024-10-15,000001.BKDL,69.67,-559.81,0.0,1,1,0,[]
2024-10-15,000035.BKDL,68.25,-563.72,1.37,1,1,0,[]
2024-10-15,000023.BKDL,65.73,-529.19,1.26,1,0,0,[]
2024-10-15,000017.BKDL,65.67,-532.15,1.04,1,1,0,[]
2024-10-15,000009.BKDL,62.89,-500.3,1.41,1,1,0,[]
2024-10-15,000032.BKDL,62.43,-613.49,0.0,1,0,0,[]
2024-10-15,000019.BKDL,61.34,-525.74,0.0,1,0,0,[]
2024-10-15,000038.BKDL,54.59,-547.55,1.19,1,1,0,[]
2024-10-15,000037.BKDL,41.31,-508.27,0.44,1,1,0,[]
2024-10-15,000005.BKDL,35.47,-501.6,0.0,1,1,0,[]
2024-10-14,000016.BKDL,692.92,624.99,3.7,1,0,0,[]
2024-10-14,000034.BKDL,689.94,630.86,4.22,1,0,0,[]
2024-10-14,000025.BKDL,685.25,646.09,3.26,1,0,0,[]
2024-10-14,000013.BKDL,684.82,654.83,5.0,1,1,0,[]
2024-10-14,000031.BKDL,683.76,642.34,5.08,1,0,0,[]
2024-10-14,000014.BKDL,681.01,628.38,4.79,1,0,0,[]
2024-10-14,000032.BKDL,675.92,658.7,8.61,1,0,0,[]
2024-10-14,000006.BKDL,667.27,616.91,7.29,1,0,0,[]
2024-10-14,000003.BKDL,664.91,595.01,10.82,1,0,0,[]
2024-10-14,000033.BKDL,661.57,628.96,10.73,1,0,0,[]
2024-10-14,000029.BKDL,658.68,628.42,3.49,1,0,0,[]
2024-10-14,000008.BKDL,655.31,620.67,12.99,1,1,0,[]
2024-10-14,000036.BKDL,653.68,629.91,15.85,1,0,0,[]
2024-10-14,000027.BKDL,651.76,611.25,8.91,1,0,0,[]
2024-10-14,000007.BKDL,647.55,590.62,13.05,1,1,0,[]
2024-10-14,000011.BKDL,638.4,604.05,12.57,1,1,0,[]
2024-10-14,000035.BKDL,631.97,597.39,11.83,1,1,0,[]
2024-10-14,000018.BKDL,629.49,593.57,11.34,1,1,0,[]
2024-10-14,000001.BKDL,629.48,574.22,7.21,1,1,0,[]
2024-10-14,000012.BKDL,624.73,565.02,12.2,1,0,0,[]
2024-10-14,000026.BKDL,619.61,569.71,12.7,1,1,0,[]
2024-10-14,000004.BKDL,616.25,560.48,9.53,1,1,0,[]
2024-10-14,000024.BKDL,603.35,567.99,15.47,1,1,0,[]
2024-10-14,000022.BKDL,602.93,567.46,27.28,1,1,0,[]
2024-10-14,000038.BKDL,602.14,561.49,8.37,1,1,0,[]
2024-10-14,000017.BKDL,597.82,551.95,10.94,1,1,0,[]
2024-10-14,000023.BKDL,594.92,546.77,12.56,1,0,0,[]
2024-10-14,000019.BKDL,587.08,538.89,15.34,1,0,0,[]
2024-10-14,000010.BKDL,566.56,512.45,13.37,1,1,0,[]
2024-10-14,000015.BKDL,566.47,486.36,14.31,1,1,0,[]
2024-10-14,000009.BKDL,563.19,522.2,14.13,1,1,0,[]
2024-10-14,000037.BKDL,549.58,515.67,10.0,1,1,0,[]
2024-10-14,000005.BKDL,537.07,486.4,25.34,1,1,0,[]
2024-10-14,000021.BKDL,488.89,404.86,26.73,1,1,0,[]
2024-10-14,000028.BKDL,308.73,127.35,19.3,1,1,0,[]
2024-10-11,000028.BKDL,181.38,-50.16,3.86,1,1,0,[]
2024-10-11,000021.BKDL,84.03,-217.71,0.0,1,1,0,[]
2024-10-11,000015.BKDL,80.11,-176.42,3.82,1,1,0,[]
2024-10-11,000003.BKDL,69.9,-153.12,3.33,1,0,0,[]
2024-10-11,000016.BKDL,67.93,-143.28,4.94,1,0,0,[]
2024-10-11,000012.BKDL,59.71,-196.48,3.21,1,0,0,[]
2024-10-11,000034.BKDL,59.08,-127.65,2.11,1,0,0,[]
2024-10-11,000007.BKDL,56.93,-303.61,3.56,1,1,0,[]
2024-10-11,000004.BKDL,55.77,-265.28,2.72,1,1,0,[]
2024-10-11,000001.BKDL,55.26,-283.5,0.0,1,1,0,[]
2024-10-11,000010.BKDL,54.11,-311.29,1.27,1,1,0,[]
2024-10-11,000014.BKDL,52.63,-140.35,0.0,1,0,0,[]
2024-10-11,000005.BKDL,50.67,-430.66,0.0,1,1,0,[]
2024-10-11,000006.BKDL,50.36,-151.08,2.65,1,0,0,[]
2024-10-11,000026.BKDL,49.9,-249.47,1.82,1,1,0,[]
2024-10-11,000019.BKDL,48.19,-265.06,0.0,1,0,0,[]
2024-10-11,000023.BKDL,48.15,-282.17,0.84,1,0,0,[]
2024-10-11,000017.BKDL,45.87,-347.12,2.09,1,1,0,[]
2024-10-11,000031.BKDL,41.42,-114.08,0.73,1,0,0,[]
2024-10-11,000009.BKDL,40.99,-216.93,0.71,1,1,0,[]
2024-10-11,000038.BKDL,40.65,-212.8,2.0,1,1,0,[]
2024-10-11,000027.BKDL,40.51,-207.91,0.0,1,0,0,[]
2024-10-11,000025.BKDL,39.16,-175.39,0.82,1,0,0,[]
2024-10-11,000018.BKDL,35.92,-405.48,0.0,1,1,0,[]
2024-10-11,000022.BKDL,35.47,-229.17,0.0,1,1,0,[]
2024-10-11,000024.BKDL,35.36,-397.82,2.21,1,1,0,[]
2024-10-11,000008.BKDL,34.64,-340.65,0.0,1,1,0,[]
2024-10-11,000035.BKDL,34.58,-264.8,0.0,1,1,0,[]
2024-10-11,000011.BKDL,34.35,-349.36,0.84,1,1,0,[]
2024-10-11,000037.BKDL,33.91,-255.23,1.74,1,1,0,[]
2024-10-11,000033.BKDL,32.61,-219.23,0.43,1,0,0,[]
2024-10-11,000029.BKDL,30.26,-123.36,0.0,1,0,0,[]
2024-10-11,000013.BKDL,29.99,-242.44,1.25,1,1,0,[]
2024-10-11,000036.BKDL,23.77,-209.97,0.0,1,0,0,[]
2024-10-11,000032.BKDL,17.22,-217.41,2.15,1,0,0,[]
2024-10-10,000005.BKDL,481.33,471.2,10.13,1,1,0,[]
2024-10-10,000018.BKDL,441.4,418.72,2.84,1,1,0,[]
2024-10-10,000024.BKDL,433.18,417.71,13.26,1,1,0,[]
2024-10-10,000017.BKDL,392.99,361.72,7.82,1,1,0,[]
2024-10-10,000011.BKDL,383.71,356.9,8.38,1,1,0,[]
2024-10-10,000008.BKDL,375.29,333.43,5.78,1,1,0,[]
2024-10-10,000010.BKDL,365.4,338.03,9.55,1,1,0,[]
2024-10-10,000007.BKDL,360.54,333.26,8.3,1,1,0,[]
2024-10-10,000001.BKDL,338.76,321.94,16.81,1,1,0,[]
2024-10-10,000023.BKDL,330.32,304.36,6.28,1,0,0,[]
2024-10-10,000004.BKDL,321.05,280.92,5.45,1,1,0,[]
2024-10-10,000019.BKDL,313.25,284.77,8.76,1,0,0,[]
2024-10-10,000021.BKDL,301.74,278.82,15.28,1,1,0,[]
2024-10-10,000035.BKDL,299.38,270.72,6.83,1,1,0,[]
2024-10-10,000026.BKDL,299.37,270.34,7.26,1,1,0,[]
2024-10-10,000037.BKDL,289.14,256.97,6.96,1,1,0,[]
2024-10-10,000013.BKDL,272.43,229.94,3.75,1,1,0,[]
2024-10-10,000022.BKDL,264.64,229.17,2.73,1,1,0,[]
2024-10-10,000009.BKDL,257.92,230.36,10.6,1,1,0,[]
2024-10-10,000015.BKDL,256.53,204.08,4.77,1,1,0,[]
2024-10-10,000012.BKDL,256.19,206.75,2.57,1,0,0,[]
2024-10-10,000038.BKDL,253.45,214.8,3.59,1,1,0,[]
2024-10-10,000033.BKDL,251.84,205.08,4.29,1,0,0,[]
2024-10-10,000027.BKDL,248.42,194.11,4.46,1,0,0,[]
2024-10-10,000032.BKDL,234.63,210.95,0.0,1,0,0,[]
2024-10-10,000036.BKDL,233.74,207.99,3.96,1,0,0,[]
2024-10-10,000028.BKDL,231.54,162.08,0.0,1,1,0,[]
2024-10-10,000003.BKDL,223.02,149.79,0.83,1,0,0,[]
2024-10-10,000025.BKDL,214.55,148.47,2.45,1,0,0,[]
2024-10-10,000016.BKDL,211.21,129.69,2.47,1,0,0,[]
2024-10-10,000006.BKDL,201.44,126.56,3.98,1,0,0,[]
2024-10-10,000014.BKDL,192.98,108.45,3.19,1,0,0,[]
2024-10-10,000034.BKDL,186.73,113.94,2.11,1,0,0,[]
2024-10-10,000031.BKDL,155.5,62.49,2.18,1,0,0,[]
2024-10-10,000029.BKDL,153.62,76.81,3.5,1,0,0,[]
2024-10-09,000031.BKDL,93.01,-630.72,1.45,1,0,0,[]
2024-10-09,000014.BKDL,84.53,-642.73,3.19,1,0,0,[]
2024-10-09,000016.BKDL,81.52,-639.81,1.23,1,0,0,[]
2024-10-09,000029.BKDL,76.81,-640.06,1.17,1,0,0,[]
2024-10-09,000006.BKDL,74.88,-636.13,0.67,1,0,0,[]
2024-10-09,000003.BKDL,73.23,-626.63,2.49,1,0,0,[]
2024-10-09,000034.BKDL,72.79,-648.8,0.0,1,0,0,[]
2024-10-09,000028.BKDL,69.46,-235.41,7.71,1,1,0,[]
2024-10-09,000025.BKDL,66.08,-651.8,1.63,1,0,0,[]
2024-10-09,000027.BKDL,54.31,-655.32,0.89,1,0,0,[]
2024-10-09,000015.BKDL,52.45,-596.99,0.0,1,1,0,[]
2024-10-09,000012.BKDL,49.44,-613.82,1.28,1,0,0,[]
2024-10-09,000033.BKDL,46.76,-672.73,0.42,1,0,0,[]
2024-10-09,000013.BKDL,42.49,-671.07,0.0,1,1,0,[]
2024-10-09,000008.BKDL,41.86,-632.21,2.89,1,1,0,[]
2024-10-09,000004.BKDL,40.13,-612.17,0.0,1,1,0,[]
2024-10-09,000038.BKDL,38.65,-629.64,0.0,1,1,0,[]
2024-10-09,000022.BKDL,35.47,-654.77,0.0,1,1,0,[]
2024-10-09,000037.BKDL,32.17,-614.8,0.0,1,1,0,[]
2024-10-09,000017.BKDL,31.27,-598.34,0.52,1,1,0,[]
2024-10-09,000026.BKDL,29.03,-662.25,0.0,1,1,0,[]
2024-10-09,000035.BKDL,28.66,-662.91,0.0,1,1,0,[]
2024-10-09,000019.BKDL,28.48,-615.55,2.19,1,0,0,[]
2024-10-09,000009.BKDL,27.56,-681.91,0.0,1,1,0,[]
2024-10-09,000010.BKDL,27.37,-612.39,0.0,1,1,0,[]
2024-10-09,000007.BKDL,27.28,-598.92,1.19,1,1,0,[]
2024-10-09,000011.BKDL,26.81,-661.86,0.0,1,1,0,[]
2024-10-09,000023.BKDL,25.96,-625.9,0.42,1,0,0,[]
2024-10-09,000036.BKDL,25.75,-695.28,0.0,1,0,0,[]
2024-10-09,000032.BKDL,23.68,-710.36,0.0,1,0,0,[]
2024-10-09,000021.BKDL,22.92,-649.31,3.82,1,1,0,[]
2024-10-09,000018.BKDL,22.68,-643.67,0.0,1,1,0,[]
2024-10-09,000001.BKDL,16.82,-624.67,0.0,1,1,0,[]
2024-10-09,000024.BKDL,15.47,-623.25,0.0,1,1,0,[]
2024-10-09,000005.BKDL,10.13,-643.47,0.0,1,1,0,[]
2024-10-08,000032.BKDL,734.04,-8.61,2.16,1,0,0,[]
2024-10-08,000014.BKDL,727.26,-11.16,0.0,1,0,0,[]
2024-10-08,000031.BKDL,723.73,-15.98,0.0,1,0,0,[]
2024-10-08,000034.BKDL,721.59,-18.99,1.05,1,0,0,[]
2024-10-08,000016.BKDL,721.33,-13.59,1.23,1,0,0,[]
2024-10-08,000036.BKDL,721.03,-17.83,1.98,1,0,0,[]
2024-10-08,000033.BKDL,719.49,-21.45,0.86,1,0,0,[]
2024-10-08,000025.BKDL,717.88,-18.76,0.82,1,0,0,[]
2024-10-08,000029.BKDL,716.87,-20.95,0.0,1,0,0,[]
2024-10-08,000013.BKDL,713.56,-23.74,0.0,1,1,0,[]
2024-10-08,000006.BKDL,711.01,-27.83,0.67,1,0,0,[]
2024-10-08,000027.BKDL,709.63,-27.16,0.89,1,0,0,[]
2024-10-08,000009.BKDL,709.47,-24.73,1.42,1,1,0,[]
2024-10-08,000003.BKDL,699.86,-34.12,1.66,1,0,0,[]
2024-10-08,000035.BKDL,691.57,-40.49,0.46,1,1,0,[]
2024-10-08,000026.BKDL,691.28,-47.17,0.91,1,1,0,[]
2024-10-08,000022.BKDL,690.24,-40.92,5.46,1,1,0,[]
2024-10-08,000011.BKDL,688.67,-39.37,0.84,1,1,0,[]
2024-10-08,000008.BKDL,674.07,-62.07,1.44,1,1,0,[]
2024-10-08,000021.BKDL,672.23,-49.65,0.0,1,1,0,[]
2024-10-08,000038.BKDL,668.29,-70.13,1.99,1,1,0,[]
2024-10-08,000018.BKDL,666.35,-70.89,0.94,1,1,0,[]
2024-10-08,000012.BKDL,663.26,-69.98,1.93,1,0,0,[]
2024-10-08,000005.BKDL,653.6,-81.07,0.0,1,1,0,[]
2024-10-08,000004.BKDL,652.3,-78.9,1.37,1,1,0,[]
2024-10-08,000023.BKDL,651.86,-84.15,2.93,1,0,0,[]
2024-10-08,000015.BKDL,649.44,-70.57,0.96,1,1,0,[]
2024-10-08,000037.BKDL,646.97,-94.35,2.17,1,1,0,[]
2024-10-08,000019.BKDL,644.03,-89.82,2.19,1,0,0,[]
2024-10-08,000001.BKDL,641.49,-81.69,2.4,1,1,0,[]
2024-10-08,000010.BKDL,639.76,-93.58,1.27,1,1,0,[]
2024-10-08,000024.BKDL,638.72,-86.19,0.0,1,1,0,[]
2024-10-08,000017.BKDL,629.61,-110.5,3.12,1,1,0,[]
2024-10-08,000007.BKDL,626.2,-100.81,3.56,1,1,0,[]
2024-10-08,000028.BKDL,304.87,-223.82,7.72,1,1,0,[]
2024-09-30,000032.BKDL,742.65,4.31,0.0,1,0,0,[]
2024-09-30,000037.BKDL,741.32,49.13,0.0,1,1,0,[]
2024-09-30,000033.BKDL,740.94,12.01,0.43,1,0,0,[]
2024-09-30,000034.BKDL,740.58,15.82,1.05,1,0,0,[]
2024-09-30,000017.BKDL,740.11,44.82,0.0,1,1,0,[]
2024-09-30,000031.BKDL,739.71,13.8,0.0,1,0,0,[]
2024-09-30,000036.BKDL,738.86,3.96,0.0,1,0,0,[]
2024-09-30,000006.BKDL,738.84,10.61,0.0,1,0,0,[]
2024-09-30,000026.BKDL,738.45,20.87,0.91,1,1,0,[]
2024-09-30,000014.BKDL,738.42,7.97,0.0,1,0,0,[]
2024-09-30,000038.BKDL,738.42,25.1,0.0,1,1,0,[]
2024-09-30,000029.BKDL,737.82,9.31,0.0,1,0,0,[]
2024-09-30,000013.BKDL,737.3,3.75,0.0,1,1,0,[]
2024-09-30,000018.BKDL,737.24,34.97,0.0,1,1,0,[]
2024-09-30,000027.BKDL,736.79,14.69,0.0,1,0,0,[]
2024-09-30,000025.BKDL,736.64,17.94,0.0,1,0,0,[]
2024-09-30,000008.BKDL,736.14,21.65,0.0,1,1,0,[]
2024-09-30,000023.BKDL,736.01,47.31,0.0,1,0,0,[]
2024-09-30,000016.BKDL,734.92,16.06,0.0,1,0,0,[]
2024-09-30,000005.BKDL,734.67,40.54,0.0,1,1,0,[]
2024-09-30,000009.BKDL,734.2,15.55,0.0,1,1,0,[]
2024-09-30,000003.BKDL,733.98,33.29,0.0,1,0,0,[]
2024-09-30,000019.BKDL,733.85,17.53,0.0,1,0,0,[]
2024-09-30,000010.BKDL,733.34,27.37,0.64,1,1,0,[]
2024-09-30,000012.BKDL,733.24,20.54,0.64,1,0,0,[]
2024-09-30,000035.BKDL,732.06,18.2,0.0,1,1,0,[]
2024-09-30,000004.BKDL,731.2,27.21,0.0,1,1,0,[]
2024-09-30,000022.BKDL,731.16,10.91,0.0,1,1,0,[]
2024-09-30,000011.BKDL,728.04,19.27,0.0,1,1,0,[]
2024-09-30,000007.BKDL,727.01,23.72,0.0,1,1,0,[]
2024-09-30,000024.BKDL,724.91,17.68,0.0,1,1,0,[]
2024-09-30,000001.BKDL,723.18,19.22,0.0,1,1,0,[]
2024-09-30,000021.BKDL,721.88,26.73,0.0,1,1,0,[]
2024-09-30,000015.BKDL,720.01,37.2,0.0,1,1,0,[]
2024-09-30,000028.BKDL,528.69,169.8,3.86,1,1,0,[]
2024-09-27,000032.BKDL,738.34,43.05,0.0,1,0,0,[]
2024-09-27,000036.BKDL,734.9,27.74,0.0,1,0,0,[]
2024-09-27,000013.BKDL,733.55,56.23,0.0,1,1,0,[]
2024-09-27,000014.BKDL,730.45,68.58,0.0,1,0,0,[]
2024-09-27,000033.BKDL,728.93,50.63,0.0,1,0,0,[]
2024-09-27,000029.BKDL,728.51,51.21,0.0,1,0,0,[]
2024-09-27,000006.BKDL,728.23,74.87,0.0,1,0,0,[]
2024-09-27,000031.BKDL,725.91,64.67,0.0,1,0,0,[]
2024-09-27,000034.BKDL,724.76,78.07,0.0,1,0,0,[]
2024-09-27,000027.BKDL,722.1,54.32,0.45,1,0,0,[]
2024-09-27,000022.BKDL,720.25,30.01,0.0,1,1,0,[]
2024-09-27,000016.BKDL,718.86,98.81,0.0,1,0,0,[]
2024-09-27,000025.BKDL,718.7,65.27,0.0,1,0,0,[]
2024-09-27,000009.BKDL,718.65,45.22,0.0,1,1,0,[]
2024-09-27,000026.BKDL,717.58,51.71,0.0,1,1,0,[]
2024-09-27,000019.BKDL,716.32,41.62,0.0,1,0,0,[]
2024-09-27,000008.BKDL,714.49,50.52,1.45,1,1,0,[]
2024-09-27,000035.BKDL,713.86,48.23,0.91,1,1,0,[]
2024-09-27,000038.BKDL,713.32,23.51,0.4,1,1,0,[]
2024-09-27,000012.BKDL,712.7,57.79,1.29,1,0,0,[]
2024-09-27,000011.BKDL,708.77,40.21,2.51,1,1,0,[]
2024-09-27,000024.BKDL,707.23,24.31,0.0,1,1,0,[]
2024-09-27,000010.BKDL,705.97,18.46,0.0,1,1,0,[]
2024-09-27,000004.BKDL,703.99,35.37,1.36,1,1,0,[]
2024-09-27,000001.BKDL,703.96,38.45,0.0,1,1,0,[]
2024-09-27,000007.BKDL,703.29,13.05,1.19,1,1,0,[]
2024-09-27,000018.BKDL,702.27,33.08,0.95,1,1,0,[]
2024-09-27,000003.BKDL,700.69,64.07,0.0,1,0,0,[]
2024-09-27,000017.BKDL,695.29,16.16,2.61,1,1,0,[]
2024-09-27,000021.BKDL,695.15,34.38,0.0,1,1,0,[]
2024-09-27,000005.BKDL,694.13,91.2,15.2,1,1,0,[]
2024-09-27,000037.BKDL,692.19,-3.48,1.74,1,1,0,[]
2024-09-27,000023.BKDL,688.7,15.91,0.84,1,0,0,[]
2024-09-27,000015.BKDL,682.81,24.79,1.9,1,1,0,[]
2024-09-27,000028.BKDL,358.89,15.43,3.86,1,1,0,[]
2024-09-26,000036.BKDL,707.16,372.4,1.98,1,0,0,[]
2024-09-26,000037.BKDL,695.67,317.4,1.31,1,1,0,[]
2024-09-26,000032.BKDL,695.29,350.87,2.15,1,0,0,[]
2024-09-26,000007.BKDL,690.24,256.17,3.55,1,1,0,[]
2024-09-26,000022.BKDL,690.24,327.39,0.0,1,1,0,[]
2024-09-26,000038.BKDL,689.81,314.82,2.0,1,1,0,[]
2024-09-26,000010.BKDL,687.51,285.83,5.09,1,1,0,[]
2024-09-26,000024.BKDL,682.92,322.68,2.21,1,1,0,[]
2024-09-26,000017.BKDL,679.13,268.42,3.13,1,1,0,[]
2024-09-26,000033.BKDL,678.3,344.51,3.43,1,0,0,[]
2024-09-26,000013.BKDL,677.32,323.66,3.75,1,1,0,[]
2024-09-26,000029.BKDL,677.3,367.74,2.32,1,0,0,[]
2024-09-26,000019.BKDL,674.7,256.3,6.57,1,0,0,[]
2024-09-26,000009.BKDL,673.43,242.38,2.12,1,1,0,[]
2024-09-26,000023.BKDL,672.79,278.83,4.61,1,0,0,[]
2024-09-26,000018.BKDL,669.19,292.06,3.78,1,1,0,[]
2024-09-26,000004.BKDL,668.62,258.47,1.36,1,1,0,[]
2024-09-26,000011.BKDL,668.56,275.63,2.51,1,1,0,[]
2024-09-26,000027.BKDL,667.78,333.89,2.67,1,0,0,[]
2024-09-26,000026.BKDL,665.87,291.2,5.44,1,1,0,[]
2024-09-26,000035.BKDL,665.63,310.29,4.55,1,1,0,[]
2024-09-26,000001.BKDL,665.51,336.36,2.4,1,1,0,[]
2024-09-26,000008.BKDL,663.97,275.69,7.22,1,1,0,[]
2024-09-26,000014.BKDL,661.87,320.57,4.79,1,0,0,[]
2024-09-26,000031.BKDL,661.24,319.0,3.64,1,0,0,[]
2024-09-26,000021.BKDL,660.77,171.88,11.46,1,1,0,[]
2024-09-26,000015.BKDL,658.02,193.59,2.86,1,1,0,[]
2024-09-26,000012.BKDL,654.91,227.93,7.06,1,0,0,[]
2024-09-26,000025.BKDL,653.43,310.81,4.08,1,0,0,[]
2024-09-26,000006.BKDL,653.36,298.19,4.64,1,0,0,[]
2024-09-26,000034.BKDL,646.69,229.98,8.44,1,0,0,[]
2024-09-26,000003.BKDL,636.62,215.54,6.66,1,0,0,[]
2024-09-26,000016.BKDL,620.05,221.09,8.65,1,0,0,[]
2024-09-26,000005.BKDL,602.93,278.66,0.0,1,1,0,[]
2024-09-26,000028.BKDL,343.46,-7.72,7.72,1,1,0,[]
2024-09-25,000021.BKDL,488.89,-187.16,11.45,1,1,0,[]
2024-09-25,000015.BKDL,464.43,-199.31,12.4,1,1,0,[]
2024-09-25,000007.BKDL,434.07,-232.45,14.23,1,1,0,[]
2024-09-25,000009.BKDL,431.05,-248.03,10.6,1,1,0,[]
2024-09-25,000012.BKDL,426.98,-239.49,9.64,1,0,0,[]
2024-09-25,000003.BKDL,421.08,-222.19,14.14,1,0,0,[]
2024-09-25,000019.BKDL,418.4,-254.11,10.95,1,0,0,[]
2024-09-25,000034.BKDL,416.71,-238.42,12.66,1,0,0,[]
2024-09-25,000017.BKDL,410.71,-281.97,9.38,1,1,0,[]
2024-09-25,000004.BKDL,410.15,-263.23,7.48,1,1,0,[]
2024-09-25,000010.BKDL,401.68,-282.64,12.73,1,1,0,[]
2024-09-25,000016.BKDL,398.96,-226.03,12.36,1,0,0,[]
2024-09-25,000023.BKDL,393.96,-290.55,11.3,1,0,0,[]
2024-09-25,000011.BKDL,392.93,-299.09,16.76,1,1,0,[]
2024-09-25,000008.BKDL,388.28,-288.68,23.1,1,1,0,[]
2024-09-25,000037.BKDL,378.27,-320.88,10.44,1,1,0,[]
2024-09-25,000018.BKDL,377.13,-316.63,9.46,1,1,0,[]
2024-09-25,000038.BKDL,374.99,-313.22,7.97,1,1,0,[]
2024-09-25,000026.BKDL,374.67,-301.18,9.98,1,1,0,[]
2024-09-25,000022.BKDL,362.85,-341.03,10.91,1,1,0,[]
2024-09-25,000024.BKDL,360.24,-335.94,4.42,1,1,0,[]
2024-09-25,000035.BKDL,355.34,-328.95,14.56,1,1,0,[]
2024-09-25,000006.BKDL,355.17,-300.84,10.6,1,0,0,[]
2024-09-25,000013.BKDL,353.66,-326.16,8.75,1,1,0,[]
2024-09-25,000028.BKDL,351.18,-42.44,11.58,1,1,0,[]
2024-09-25,000032.BKDL,344.42,-359.48,4.31,1,0,0,[]
2024-09-25,000025.BKDL,342.62,-309.18,10.6,1,0,0,[]
2024-09-25,000031.BKDL,342.24,-322.63,10.89,1,0,0,[]
2024-09-25,000014.BKDL,341.3,-293.45,12.76,1,0,0,[]
2024-09-25,000036.BKDL,334.76,-384.29,15.84,1,0,0,[]
2024-09-25,000027.BKDL,333.89,-334.34,12.46,1,0,0,[]
2024-09-25,000033.BKDL,333.79,-347.08,12.44,1,0,0,[]
2024-09-25,000001.BKDL,329.15,-360.39,4.8,1,1,0,[]
2024-09-25,000005.BKDL,324.27,-395.2,15.2,1,1,0,[]
2024-09-25,000029.BKDL,309.56,-384.04,10.48,1,0,0,[]
2024-09-24,000005.BKDL,719.47,501.6,0.0,1,1,0,[]
2024-09-24,000036.BKDL,719.05,610.1,0.0,1,0,0,[]
2024-09-24,000032.BKDL,703.9,572.59,2.15,1,0,0,[]
2024-09-24,000022.BKDL,703.88,567.47,0.0,1,1,0,[]
2024-09-24,000037.BKDL,699.15,540.45,1.74,1,1,0,[]
2024-09-24,000024.BKDL,696.18,587.89,2.21,1,1,0,[]
2024-09-24,000018.BKDL,693.76,509.45,3.78,1,1,0,[]
2024-09-24,000029.BKDL,693.6,529.51,2.33,1,0,0,[]
2024-09-24,000017.BKDL,692.68,513.39,2.61,1,1,0,[]
2024-09-24,000011.BKDL,692.02,542.05,2.51,1,1,0,[]
2024-09-24,000001.BKDL,689.54,569.41,2.4,1,1,0,[]
2024-09-24,000038.BKDL,688.21,526.42,1.99,1,1,0,[]
2024-09-24,000023.BKDL,684.51,516.63,2.93,1,0,0,[]
2024-09-24,000010.BKDL,684.32,538.54,3.81,1,1,0,[]
2024-09-24,000035.BKDL,684.29,530.96,2.28,1,1,0,[]
2024-09-24,000033.BKDL,680.87,513.98,3.0,1,0,0,[]
2024-09-24,000013.BKDL,679.82,472.38,3.75,1,1,0,[]
2024-09-24,000009.BKDL,679.08,550.47,4.94,1,1,0,[]
2024-09-24,000008.BKDL,676.96,459.0,4.33,1,1,0,[]
2024-09-24,000021.BKDL,676.05,530.91,7.64,1,1,0,[]
2024-09-24,000026.BKDL,675.85,500.76,5.44,1,1,0,[]
2024-09-24,000004.BKDL,673.38,510.14,4.08,1,1,0,[]
2024-09-24,000019.BKDL,672.51,508.22,2.19,1,0,0,[]
2024-09-24,000027.BKDL,668.23,479.02,3.12,1,0,0,[]
2024-09-24,000007.BKDL,666.52,518.27,5.93,1,1,0,[]
2024-09-24,000012.BKDL,666.47,475.78,5.14,1,0,0,[]
2024-09-24,000031.BKDL,664.87,447.61,4.36,1,0,0,[]
2024-09-24,000015.BKDL,663.74,508.3,3.81,1,1,0,[]
2024-09-24,000006.BKDL,656.01,442.64,2.65,1,0,0,[]
2024-09-24,000034.BKDL,655.13,405.11,5.28,1,0,0,[]
2024-09-24,000025.BKDL,651.8,420.12,4.89,1,0,0,[]
2024-09-24,000003.BKDL,643.27,404.43,4.99,1,0,0,[]
2024-09-24,000014.BKDL,634.75,409.87,4.78,1,0,0,[]
2024-09-24,000016.BKDL,624.99,348.31,7.41,1,0,0,[]
2024-09-24,000028.BKDL,393.62,277.85,3.85,1,1,0,[]
2024-09-23,000016.BKDL,276.68,-23.46,13.59,1,0,0,[]
2024-09-23,000034.BKDL,250.02,-3.17,13.71,1,0,0,[]
2024-09-23,000003.BKDL,238.84,-10.81,14.15,1,0,0,[]
2024-09-23,000025.BKDL,231.68,30.18,10.61,1,0,0,[]
2024-09-23,000014.BKDL,224.88,-1.59,7.98,1,0,0,[]
2024-09-23,000008.BKDL,217.96,59.18,10.11,1,1,0,[]
2024-09-23,000005.BKDL,217.87,162.14,5.07,1,1,0,[]
2024-09-23,000031.BKDL,217.26,8.72,12.35,1,0,0,[]
2024-09-23,000006.BKDL,213.37,1.33,9.28,1,0,0,[]
2024-09-23,000013.BKDL,207.44,62.48,11.24,1,1,0,[]
2024-09-23,000012.BKDL,190.69,-2.57,9.63,1,0,0,[]
2024-09-23,000027.BKDL,189.21,60.11,8.91,1,0,0,[]
2024-09-23,000018.BKDL,184.31,62.38,8.51,1,1,0,[]
2024-09-23,000017.BKDL,179.29,42.21,8.34,1,1,0,[]
2024-09-23,000026.BKDL,175.09,36.29,11.8,1,1,0,[]
2024-09-23,000023.BKDL,167.88,50.24,6.28,1,0,0,[]
2024-09-23,000033.BKDL,166.89,47.19,10.29,1,0,0,[]
2024-09-23,000019.BKDL,164.29,-10.96,2.19,1,0,0,[]
2024-09-23,000029.BKDL,164.09,22.11,9.31,1,0,0,[]
2024-09-23,000004.BKDL,163.24,23.8,6.8,1,1,0,[]
2024-09-23,000038.BKDL,161.79,39.85,6.77,1,1,0,[]
2024-09-23,000037.BKDL,158.7,50.0,6.96,1,1,0,[]
2024-09-23,000015.BKDL,155.44,-1.91,9.53,1,1,0,[]
2024-09-23,000035.BKDL,153.33,62.33,8.65,1,1,0,[]
2024-09-23,000011.BKDL,149.97,53.62,13.41,1,1,0,[]
2024-09-23,000007.BKDL,148.25,3.56,11.86,1,1,0,[]
2024-09-23,000010.BKDL,145.78,19.74,10.19,1,1,0,[]
2024-09-23,000021.BKDL,145.14,64.93,7.64,1,1,0,[]
2024-09-23,000022.BKDL,136.41,76.39,13.64,1,1,0,[]
2024-09-23,000032.BKDL,131.31,53.82,10.76,1,0,0,[]
2024-09-23,000009.BKDL,128.61,18.37,4.95,1,1,0,[]
2024-09-23,000001.BKDL,120.13,-12.01,12.01,1,1,0,[]
2024-09-23,000028.BKDL,115.77,-92.62,7.72,1,1,0,[]
2024-09-23,000036.BKDL,108.95,61.41,7.93,1,0,0,[]
2024-09-23,000024.BKDL,108.29,15.47,15.47,1,1,0,[]
2024-09-20,000016.BKDL,300.14,-334.73,7.41,1,0,0,[]
2024-09-20,000034.BKDL,253.19,-385.06,3.17,1,0,0,[]
2024-09-20,000003.BKDL,249.65,-372.82,6.65,1,0,0,[]
2024-09-20,000014.BKDL,226.47,-354.06,3.19,1,0,0,[]
2024-09-20,000006.BKDL,212.04,-373.73,2.65,1,0,0,[]
2024-09-20,000031.BKDL,208.54,-341.52,5.81,1,0,0,[]
2024-09-20,000028.BKDL,208.39,-243.12,15.44,1,1,0,[]
2024-09-20,000025.BKDL,201.5,-374.44,4.08,1,0,0,[]
2024-09-20,000012.BKDL,193.26,-422.48,4.49,1,0,0,[]
2024-09-20,000019.BKDL,175.25,-446.88,6.57,1,0,0,[]
2024-09-20,000008.BKDL,158.78,-482.09,2.89,1,1,0,[]
2024-09-20,000015.BKDL,157.35,-433.91,4.77,1,1,0,[]
2024-09-20,000013.BKDL,144.96,-426.14,3.75,1,1,0,[]
2024-09-20,000007.BKDL,144.69,-489.81,9.49,1,1,0,[]
2024-09-20,000029.BKDL,141.98,-368.91,4.66,1,0,0,[]
2024-09-20,000004.BKDL,139.44,-472.04,6.12,1,1,0,[]
2024-09-20,000026.BKDL,138.8,-469.92,1.81,1,1,0,[]
2024-09-20,000017.BKDL,137.08,-451.88,5.74,1,1,0,[]
2024-09-20,000001.BKDL,132.14,-485.32,9.61,1,1,0,[]
2024-09-20,000027.BKDL,129.1,-434.51,5.78,1,0,0,[]
2024-09-20,000010.BKDL,126.04,-516.27,1.91,1,1,0,[]
2024-09-20,000038.BKDL,121.94,-431.58,2.79,1,1,0,[]
2024-09-20,000018.BKDL,121.93,-465.97,2.84,1,1,0,[]
2024-09-20,000033.BKDL,119.7,-453.06,3.86,1,0,0,[]
2024-09-20,000023.BKDL,117.64,-446.72,3.35,1,0,0,[]
2024-09-20,000009.BKDL,110.24,-483.34,2.83,1,1,0,[]
2024-09-20,000037.BKDL,108.7,-418.7,3.91,1,1,0,[]
2024-09-20,000011.BKDL,96.35,-512.73,2.52,1,1,0,[]
2024-09-20,000024.BKDL,92.82,-548.11,2.21,1,1,0,[]
2024-09-20,000035.BKDL,91.0,-486.37,2.28,1,1,0,[]
2024-09-20,000021.BKDL,80.21,-488.89,7.64,1,1,0,[]
2024-09-20,000032.BKDL,77.49,-516.63,12.91,1,0,0,[]
2024-09-20,000022.BKDL,60.02,-542.91,0.0,1,1,0,[]
2024-09-20,000005.BKDL,55.73,-481.34,0.0,1,1,0,[]
2024-09-20,000036.BKDL,47.54,-552.66,1.98,1,0,0,[]
2024-09-19,000010.BKDL,642.31,525.82,10.18,1,1,0,[]
2024-09-19,000024.BKDL,640.93,528.22,17.68,1,1,0,[]
2024-09-19,000008.BKDL,640.87,519.62,10.1,1,1,0,[]
2024-09-19,000034.BKDL,638.25,542.25,10.55,1,0,0,[]
2024-09-19,000016.BKDL,634.87,523.71,6.17,1,0,0,[]
2024-09-19,000007.BKDL,634.5,482.69,9.48,1,1,0,[]
2024-09-19,000003.BKDL,622.47,515.12,8.32,1,0,0,[]
2024-09-19,000019.BKDL,622.13,495.08,10.96,1,0,0,[]
2024-09-19,000001.BKDL,617.46,487.72,9.61,1,1,0,[]
2024-09-19,000012.BKDL,615.74,496.32,10.91,1,0,0,[]
2024-09-19,000004.BKDL,611.48,491.09,9.52,1,1,0,[]
2024-09-19,000011.BKDL,609.08,488.44,10.06,1,1,0,[]
2024-09-19,000026.BKDL,608.72,498.04,9.98,1,1,0,[]
2024-09-19,000022.BKDL,602.93,488.35,5.45,1,1,0,[]
2024-09-19,000036.BKDL,600.2,499.18,9.91,1,0,0,[]
2024-09-19,000032.BKDL,594.12,495.1,15.07,1,0,0,[]
2024-09-19,000009.BKDL,593.58,501.01,7.77,1,1,0,[]
2024-09-19,000015.BKDL,591.26,439.63,8.58,1,1,0,[]
2024-09-19,000017.BKDL,588.96,418.53,12.51,1,1,0,[]
2024-09-19,000018.BKDL,587.9,448.01,5.67,1,1,0,[]
2024-09-19,000006.BKDL,585.77,479.09,7.95,1,0,0,[]
2024-09-19,000014.BKDL,580.53,468.89,9.57,1,0,0,[]
2024-09-19,000035.BKDL,577.37,459.53,9.1,1,1,0,[]
2024-09-19,000025.BKDL,575.94,482.94,10.61,1,0,0,[]
2024-09-19,000033.BKDL,572.76,456.92,14.16,1,0,0,[]
2024-09-19,000013.BKDL,571.1,448.63,11.25,1,1,0,[]
2024-09-19,000021.BKDL,569.1,469.79,0.0,1,1,0,[]
2024-09-19,000023.BKDL,564.36,402.76,11.73,1,0,0,[]
2024-09-19,000027.BKDL,563.61,447.42,10.24,1,0,0,[]
2024-09-19,000038.BKDL,553.52,418.83,11.16,1,1,0,[]
2024-09-19,000031.BKDL,550.06,425.81,9.44,1,0,0,[]
2024-09-19,000005.BKDL,537.07,395.2,20.27,1,1,0,[]
2024-09-19,000037.BKDL,527.4,360.44,12.61,1,1,0,[]
2024-09-19,000029.BKDL,510.89,411.97,9.31,1,0,0,[]
2024-09-19,000028.BKDL,451.51,351.17,23.15,1,1,0,[]
2024-09-18,000017.BKDL,170.43,33.35,10.42,1,1,0,[]
2024-09-18,000037.BKDL,166.96,100.44,6.52,1,1,0,[]
2024-09-18,000023.BKDL,161.6,87.08,6.28,1,0,0,[]
2024-09-18,000007.BKDL,151.81,40.33,11.86,1,1,0,[]
2024-09-18,000015.BKDL,151.63,50.54,10.49,1,1,0,[]
2024-09-18,000005.BKDL,141.87,35.47,15.2,1,1,0,[]
2024-09-18,000018.BKDL,139.89,54.82,14.18,1,1,0,[]
2024-09-18,000038.BKDL,134.69,74.12,4.78,1,1,0,[]
2024-09-18,000001.BKDL,129.74,33.64,9.61,1,1,0,[]
2024-09-18,000019.BKDL,127.05,41.62,10.95,1,0,0,[]
2024-09-18,000031.BKDL,124.25,73.39,1.45,1,0,0,[]
2024-09-18,000013.BKDL,122.47,58.74,2.5,1,1,0,[]
2024-09-18,000008.BKDL,121.25,34.65,10.11,1,1,0,[]
2024-09-18,000011.BKDL,120.64,36.86,9.21,1,1,0,[]
2024-09-18,000004.BKDL,120.39,32.65,4.76,1,1,0,[]
2024-09-18,000012.BKDL,119.42,49.43,3.21,1,0,0,[]
2024-09-18,000035.BKDL,117.84,60.51,5.92,1,1,0,[]
2024-09-18,000010.BKDL,116.49,40.1,4.45,1,1,0,[]
2024-09-18,000027.BKDL,116.19,67.66,3.11,1,0,0,[]
2024-09-18,000033.BKDL,115.84,71.65,3.0,1,0,0,[]
2024-09-18,000022.BKDL,114.58,73.66,0.0,1,1,0,[]
2024-09-18,000024.BKDL,112.71,30.94,15.47,1,1,0,[]
2024-09-18,000014.BKDL,111.64,76.55,1.59,1,0,0,[]
2024-09-18,000016.BKDL,111.16,50.64,4.94,1,0,0,[]
2024-09-18,000026.BKDL,110.68,42.64,1.82,1,1,0,[]
2024-09-18,000003.BKDL,107.35,38.28,4.99,1,0,0,[]
2024-09-18,000006.BKDL,106.68,51.02,4.63,1,0,0,[]
2024-09-18,000036.BKDL,101.02,63.38,1.98,1,0,0,[]
2024-09-18,000028.BKDL,100.34,-19.29,3.86,1,1,0,[]
2024-09-18,000021.BKDL,99.31,34.38,0.0,1,1,0,[]
2024-09-18,000032.BKDL,99.02,68.88,2.15,1,0,0,[]
2024-09-18,000029.BKDL,98.92,47.71,1.16,1,0,0,[]
2024-09-18,000034.BKDL,96.0,37.98,2.11,1,0,0,[]
2024-09-18,000025.BKDL,93.0,37.53,2.45,1,0,0,[]
2024-09-18,000009.BKDL,92.57,27.56,4.95,1,1,0,[]
2024-09-13,000017.BKDL,137.08,-31.27,7.82,1,1,0,[]
2024-09-13,000028.BKDL,119.63,-92.62,11.58,1,1,0,[]
2024-09-13,000007.BKDL,111.48,-26.09,4.74,1,1,0,[]
2024-09-13,000005.BKDL,106.4,-65.87,5.07,1,1,0,[]
2024-09-13,000015.BKDL,101.09,-68.66,4.77,1,1,0,[]
2024-09-13,000001.BKDL,96.1,-33.64,7.2,1,1,0,[]
2024-09-13,000004.BKDL,87.74,-63.94,3.4,1,1,0,[]
2024-09-13,000008.BKDL,86.6,-98.16,4.33,1,1,0,[]
2024-09-13,000019.BKDL,85.43,-30.67,4.38,1,0,0,[]
2024-09-13,000018.BKDL,85.07,-65.21,7.57,1,1,0,[]
2024-09-13,000011.BKDL,83.78,-67.86,2.51,1,1,0,[]
2024-09-13,000024.BKDL,81.77,-44.21,4.42,1,1,0,[]
2024-09-13,000010.BKDL,76.39,-35.01,5.09,1,1,0,[]
2024-09-13,000023.BKDL,74.52,-59.03,3.35,1,0,0,[]
2024-09-13,000012.BKDL,69.99,-64.2,3.21,1,0,0,[]
2024-09-13,000003.BKDL,69.07,-114.01,2.5,1,0,0,[]
2024-09-13,000026.BKDL,68.04,-48.08,1.82,1,1,0,[]
2024-09-13,000037.BKDL,66.52,-50.44,4.78,1,1,0,[]
2024-09-13,000009.BKDL,65.01,-58.65,5.65,1,1,0,[]
2024-09-13,000021.BKDL,64.93,-45.84,0.0,1,1,0,[]
2024-09-13,000013.BKDL,63.73,-82.48,3.75,1,1,0,[]
2024-09-13,000038.BKDL,60.57,-62.57,1.99,1,1,0,[]
2024-09-13,000016.BKDL,60.52,-148.22,2.47,1,0,0,[]
2024-09-13,000034.BKDL,58.02,-102.33,2.11,1,0,0,[]
2024-09-13,000035.BKDL,57.33,-88.72,3.19,1,1,0,[]
2024-09-13,000006.BKDL,55.66,-85.48,3.97,1,0,0,[]
2024-09-13,000025.BKDL,55.47,-79.13,2.44,1,0,0,[]
2024-09-13,000029.BKDL,51.21,-23.27,2.33,1,0,0,[]
2024-09-13,000031.BKDL,50.86,-76.3,1.45,1,0,0,[]
2024-09-13,000027.BKDL,48.53,-56.53,3.12,1,0,0,[]
2024-09-13,000033.BKDL,44.19,-63.07,1.72,1,0,0,[]
2024-09-13,000022.BKDL,40.92,-62.75,2.73,1,1,0,[]
2024-09-13,000036.BKDL,37.64,-45.56,1.98,1,0,0,[]
2024-09-13,000014.BKDL,35.09,-89.31,1.6,1,0,0,[]
2024-09-13,000032.BKDL,30.14,-53.81,2.16,1,0,0,[]
2024-09-12,000028.BKDL,212.25,146.65,19.3,1,1,0,[]
2024-09-12,000016.BKDL,208.74,135.87,7.41,1,0,0,[]
2024-09-12,000008.BKDL,184.76,121.25,11.55,1,1,0,[]
2024-09-12,000003.BKDL,183.08,104.02,5.83,1,0,0,[]
2024-09-12,000005.BKDL,172.27,111.47,25.34,1,1,0,[]
2024-09-12,000015.BKDL,169.75,100.13,8.58,1,1,0,[]
2024-09-12,000017.BKDL,168.35,107.37,9.38,1,1,0,[]
2024-09-12,000034.BKDL,160.35,96.0,8.44,1,0,0,[]
2024-09-12,000004.BKDL,151.68,65.98,4.76,1,1,0,[]
2024-09-12,000011.BKDL,151.64,49.43,6.7,1,1,0,[]
2024-09-12,000018.BKDL,150.28,73.72,7.56,1,1,0,[]
2024-09-12,000013.BKDL,146.21,62.48,8.75,1,1,0,[]
2024-09-12,000035.BKDL,146.05,-14.1,6.83,1,1,0,[]
2024-09-12,000006.BKDL,141.14,55.0,3.31,1,0,0,[]
2024-09-12,000007.BKDL,137.57,42.69,8.3,1,1,0,[]
2024-09-12,000025.BKDL,134.6,52.21,4.08,1,0,0,[]
2024-09-12,000012.BKDL,134.19,62.28,4.49,1,0,0,[]
2024-09-12,000023.BKDL,133.55,23.44,6.28,1,0,0,[]
2024-09-12,000001.BKDL,129.74,-31.23,9.61,1,1,0,[]
2024-09-12,000031.BKDL,127.16,42.87,2.91,1,0,0,[]
2024-09-12,000024.BKDL,125.98,50.84,8.85,1,1,0,[]
2024-09-12,000014.BKDL,124.4,47.85,1.6,1,0,0,[]
2024-09-12,000009.BKDL,123.66,-2.12,1.41,1,1,0,[]
2024-09-12,000038.BKDL,123.14,-13.15,5.58,1,1,0,[]
2024-09-12,000037.BKDL,116.96,-34.35,5.65,1,1,0,[]
2024-09-12,000026.BKDL,116.12,21.77,3.63,1,1,0,[]
2024-09-12,000019.BKDL,116.1,28.48,4.38,1,0,0,[]
2024-09-12,000010.BKDL,111.4,24.82,5.73,1,1,0,[]
2024-09-12,000021.BKDL,110.77,15.28,0.0,1,1,0,[]
2024-09-12,000033.BKDL,107.26,-3.86,5.15,1,0,0,[]
2024-09-12,000027.BKDL,105.06,-18.26,4.89,1,0,0,[]
2024-09-12,000022.BKDL,103.67,-43.65,5.45,1,1,0,[]
2024-09-12,000032.BKDL,83.95,-30.14,4.3,1,0,0,[]
2024-09-12,000036.BKDL,83.2,-67.34,1.99,1,0,0,[]
2024-09-12,000029.BKDL,74.48,-16.29,0.0,1,0,0,[]
2024-09-11,000035.BKDL,173.8,-109.65,71.88,1,1,0,[]
2024-09-11,000036.BKDL,166.39,-51.5,53.48,1,0,0,[]
2024-09-11,000001.BKDL,158.57,-16.82,64.87,1,1,0,[]
2024-09-11,000037.BKDL,146.09,-47.39,40.0,1,1,0,[]
2024-09-11,000022.BKDL,144.59,-70.94,43.65,1,1,0,[]
2024-09-11,000027.BKDL,133.11,-216.81,60.99,1,0,0,[]
2024-09-11,000032.BKDL,129.16,-217.41,60.28,1,0,0,[]
2024-09-11,000038.BKDL,125.13,-115.17,64.16,1,1,0,[]
2024-09-11,000033.BKDL,124.42,-243.69,54.06,1,0,0,[]
2024-09-11,000009.BKDL,123.66,-95.4,48.05,1,1,0,[]
2024-09-11,000023.BKDL,108.43,-131.88,48.98,1,0,0,[]
2024-09-11,000029.BKDL,103.57,-260.68,40.73,1,0,0,[]
2024-09-11,000011.BKDL,103.05,-149.96,47.76,1,1,0,[]
2024-09-11,000026.BKDL,94.35,-222.26,55.34,1,1,0,[]
2024-09-11,000025.BKDL,93.81,-354.86,52.21,1,0,0,[]
2024-09-11,000004.BKDL,91.82,-178.21,42.85,1,1,0,[]
2024-09-11,000021.BKDL,91.67,-87.85,53.48,1,1,0,[]
2024-09-11,000006.BKDL,91.44,-298.19,48.37,1,0,0,[]
2024-09-11,000003.BKDL,88.21,-353.68,43.27,1,0,0,[]
2024-09-11,000007.BKDL,87.76,-142.32,54.55,1,1,0,[]
2024-09-11,000031.BKDL,86.47,-355.32,37.06,1,0,0,[]
2024-09-11,000013.BKDL,83.73,-291.17,38.74,1,1,0,[]
2024-09-11,000019.BKDL,83.24,-159.92,43.81,1,0,0,[]
2024-09-11,000018.BKDL,83.18,-171.07,39.7,1,1,0,[]
2024-09-11,000028.BKDL,81.04,-81.04,38.59,1,1,0,[]
2024-09-11,000010.BKDL,80.85,-136.22,40.75,1,1,0,[]
2024-09-11,000024.BKDL,79.56,-77.36,33.15,1,1,0,[]
2024-09-11,000016.BKDL,74.11,-424.89,40.76,1,0,0,[]
2024-09-11,000012.BKDL,73.84,-279.3,37.88,1,0,0,[]
2024-09-11,000014.BKDL,71.77,-341.3,43.06,1,0,0,[]
2024-09-11,000005.BKDL,70.93,-187.47,50.66,1,1,0,[]
2024-09-11,000034.BKDL,68.57,-408.27,41.14,1,0,0,[]
2024-09-11,000008.BKDL,64.95,-229.51,31.75,1,1,0,[]
2024-09-11,000015.BKDL,64.85,-159.26,30.52,1,1,0,[]
2024-09-11,000017.BKDL,55.25,-140.2,24.5,1,1,0,[]
2024-09-10,000016.BKDL,499.0,407.6,11.11,1,0,0,"[{'blockCode': '885881.DDBK', 'score': 638.4, 'scoreChangePre': 549.73, 'scoreChange': 0.0, 'dataType': 0, 'industryType': 0, 'isTrack': 0, 'isPpp': 0}, {'blockCode': '885459.DDBK', 'score': 569.27, 'scoreChangePre': 502.85, 'scoreChange': -4.75, 'dataType': 0, 'industryType': 0, 'isTrack': 0, 'isPpp': 0}, {'blockCode': '885844.DDBK', 'score': 558.6, 'scoreChangePre': 492.88, 'scoreChange': -10.95, 'dataType': 0, 'industryType': 0, 'isTrack': 0, 'isPpp': 0}, {'blockCode': '886039.DDBK', 'score': 558.6, 'scoreChangePre': 558.6, 'scoreChange': 0.0, 'dataType': 0, 'industryType': 0, 'isTrack': 0, 'isPpp': 0}, {'blockCode': '886017.DDBK', 'score': 551.7, 'scoreChangePre': 524.11, 'scoreChange': 13.79, 'dataType': 0, 'industryType': 0, 'isTrack': 0, 'isPpp': 0}, {'blockCode': '885956.DDBK', 'score': 542.17, 'scoreChangePre': 443.59, 'scoreChange': -16.43, 'dataType': 0, 'industryType': 0, 'isTrack': 0, 'isPpp': 0}, {'blockCode': '885568.DDBK', 'score': 541.14, 'scoreChangePre': 450.95, 'scoreChange': -2.91, 'dataType': 0, 'industryType': 0, 'isTrack': 0, 'isPpp': 0}, {'blockCode': '885730.DDBK', 'score': 464.15, 'scoreChangePre': 399.38, 'scoreChange': -10.79, 'dataType': 0, 'industryType': 0, 'isTrack': 0, 'isPpp': 0}, {'blockCode': '885378.DDBK', 'score': 463.55, 'scoreChangePre': 382.82, 'scoreChange': 0.0, 'dataType': 0, 'industryType': 0, 'isTrack': 0, 'isPpp': 0}]"
2024-09-10,000034.BKDL,476.84,377.67,18.99,1,0,0,"[{'blockCode': '886040.DDBK', 'score': 662.04, 'scoreChangePre': 662.04, 'scoreChange': 41.37, 'dataType': 0, 'industryType': 0, 'isTrack': 0, 'isPpp': 0}, {'blockCode': '886062.DDBK', 'score': 624.95, 'scoreChangePre': 582.15, 'scoreChange': 34.25, 'dataType': 0, 'industryType': 0, 'isTrack': 0, 'isPpp': 0}, {'blockCode': '886068.DDBK', 'score': 589.63, 'scoreChangePre': 558.6, 'scoreChange': 0.0, 'dataType': 0, 'industryType': 0, 'isTrack': 0, 'isPpp': 0}, {'blockCode': '886019.DDBK', 'score': 558.6, 'scoreChangePre': 506.08, 'scoreChange': 19.1, 'dataType': 0, 'industryType': 0, 'isTrack': 0, 'isPpp': 0}, {'blockCode': '886071.DDBK', 'score': 537.91, 'scoreChangePre': 537.91, 'scoreChange': 0.0, 'dataType': 0, 'industryType': 0, 'isTrack': 0, 'isPpp': 0}, {'blockCode': '886031.DDBK', 'score': 514.11, 'scoreChangePre': 481.15, 'scoreChange': 13.18, 'dataType': 0, 'industryType': 0, 'isTrack': 0, 'isPpp': 0}, {'blockCode': '886074.DDBK', 'score': 489.44, 'scoreChangePre': 425.6, 'scoreChange': 21.28, 'dataType': 0, 'industryType': 0, 'isTrack': 0, 'isPpp': 0}, {'blockCode': '885728.DDBK', 'score': 468.33, 'scoreChangePre': 371.8, 'scoreChange': 5.96, 'dataType': 0, 'industryType': 0, 'isTrack': 0, 'isPpp': 0}, {'blockCode': '886070.DDBK', 'score': 319.2, 'scoreChangePre': 283.73, 'scoreChange': 0.0, 'dataType': 0, 'industryType': 0, 'isTrack': 0, 'isPpp': 0}]"
2024-09-10,000025.BKDL,448.67,360.57,16.31,1,0,0,"[{'blockCode': '885998.DDBK', 'score': 541.67, 'scoreChangePre': 428.82, 'scoreChange': 0.0, 'dataType': 0, 'industryType': 0, 'isTrack': 0, 'isPpp': 0}, {'blockCode': '885940.DDBK', 'score': 496.53, 'scoreChangePre': 461.06, 'scoreChange': 0.0, 'dataType': 0, 'industryType': 0, 'isTrack': 0, 'isPpp': 0}, {'blockCode': '885312.DDBK', 'score': 472.37, 'scoreChangePre': 395.47, 'scoreChange': 2.2, 'dataType': 0, 'industryType': 0, 'isTrack': 0, 'isPpp': 0}, {'blockCode': '885556.DDBK', 'score': 460.02, 'scoreChangePre': 380.36, 'scoreChange': 3.98, 'dataType': 0, 'industryType': 0, 'isTrack': 0, 'isPpp': 0}, {'blockCode': '885574.DDBK', 'score': 455.45, 'scoreChangePre': 407.23, 'scoreChange': 16.07, 'dataType': 0, 'industryType': 0, 'isTrack': 0, 'isPpp': 0}, {'blockCode': '885783.DDBK', 'score': 453.24, 'scoreChangePre': 373.72, 'scoreChange': 0.0, 'dataType': 0, 'industryType': 0, 'isTrack': 0, 'isPpp': 0}, {'blockCode': '886037.DDBK', 'score': 449.98, 'scoreChangePre': 418.95, 'scoreChange': 0.0, 'dataType': 0, 'industryType': 0, 'isTrack': 0, 'isPpp': 0}, {'blockCode': '886043.DDBK', 'score': 431.2, 'scoreChangePre': 392.0, 'scoreChange': 39.2, 'dataType': 0, 'industryType': 0, 'isTrack': 0, 'isPpp': 0}, {'blockCode': '885868.DDBK', 'score': 318.0, 'scoreChangePre': 234.31, 'scoreChange': -8.37, 'dataType': 0, 'industryType': 0, 'isTrack': 0, 'isPpp': 0}]"
2024-09-10,000003.BKDL,441.89,342.86,11.65,1,0,0,"[{'blockCode': '886013.DDBK', 'score': 598.39, 'scoreChangePre': 537.91, 'scoreChange': -6.36, 'dataType': 0, 'industryType': 0, 'isTrack': 0, 'isPpp': 0}, {'blockCode': '886034.DDBK', 'score': 595.84, 'scoreChangePre': 471.71, 'scoreChange': 0.0, 'dataType': 0, 'industryType': 0, 'isTrack': 0, 'isPpp': 0}, {'blockCode': '886023.DDBK', 'score': 590.7, 'scoreChangePre': 526.49, 'scoreChange': 0.0, 'dataType': 0, 'industryType': 0, 'isTrack': 0, 'isPpp': 0}, {'blockCode': '885942.DDBK', 'score': 590.47, 'scoreChangePre': 530.08, 'scoreChange': -20.13, 'dataType': 0, 'industryType': 0, 'isTrack': 0, 'isPpp': 0}, {'blockCode': '886041.DDBK', 'score': 544.16, 'scoreChangePre': 471.2, 'scoreChange': 0.0, 'dataType': 0, 'industryType': 0, 'isTrack': 0, 'isPpp': 0}, {'blockCode': '885966.DDBK', 'score': 516.8, 'scoreChangePre': 486.4, 'scoreChange': 0.0, 'dataType': 0, 'industryType': 0, 'isTrack': 0, 'isPpp': 0}, {'blockCode': '885975.DDBK', 'score': 503.24, 'scoreChangePre': 402.59, 'scoreChange': -20.13, 'dataType': 0, 'industryType': 0, 'isTrack': 0, 'isPpp': 0}, {'blockCode': '885452.DDBK', 'score': 489.64, 'scoreChangePre': 383.9, 'scoreChange': 9.2, 'dataType': 0, 'industryType': 0, 'isTrack': 0, 'isPpp': 0}, {'blockCode': '885976.DDBK', 'score': 484.51, 'scoreChangePre': 381.42, 'scoreChange': 2.58, 'dataType': 0, 'industryType': 0, 'isTrack': 0, 'isPpp': 0}, {'blockCode': '885887.DDBK', 'score': 484.26, 'scoreChangePre': 404.97, 'scoreChange': 14.16, 'dataType': 0, 'industryType': 0, 'isTrack': 0, 'isPpp': 0}, {'blockCode': '885866.DDBK', 'score': 441.0, 'scoreChangePre': 362.6, 'scoreChange': -9.8, 'dataType': 0, 'industryType': 0, 'isTrack': 0, 'isPpp': 0}, {'blockCode': '885933.DDBK', 'score': 422.42, 'scoreChangePre': 377.95, 'scoreChange': 33.35, 'dataType': 0, 'industryType': 0, 'isTrack': 0, 'isPpp': 0}, {'blockCode': '885757.DDBK', 'score': 420.3, 'scoreChangePre': 336.86, 'scoreChange': 6.18, 'dataType': 0, 'industryType': 0, 'isTrack': 0, 'isPpp': 0}, {'blockCode': '885333.DDBK', 'score': 412.66, 'scoreChangePre': 332.14, 'scoreChange': -10.06, 'dataType': 0, 'industryType': 0, 'isTrack': 0, 'isPpp': 0}, {'blockCode': '885842.DDBK', 'score': 340.48, 'scoreChangePre': 223.44, 'scoreChange': -10.64, 'dataType': 0, 'industryType': 0, 'isTrack': 0, 'isPpp': 0}]"
2024-09-10,000031.BKDL,441.79,358.23,13.08,1,0,0,"[{'blockCode': '886044.DDBK', 'score': 570.24, 'scoreChangePre': 477.14, 'scoreChange': 11.64, 'dataType': 0, 'industryType': 0, 'isTrack': 0, 'isPpp': 0}, {'blockCode': '885362.DDBK', 'score': 556.07, 'scoreChangePre': 475.19, 'scoreChange': -3.37, 'dataType': 0, 'industryType': 0, 'isTrack': 0, 'isPpp': 0}, {'blockCode': '885790.DDBK', 'score': 542.51, 'scoreChangePre': 459.75, 'scoreChange': 4.6, 'dataType': 0, 'industryType': 0, 'isTrack': 0, 'isPpp': 0}, {'blockCode': '885977.DDBK', 'score': 538.79, 'scoreChangePre': 443.71, 'scoreChange': 15.85, 'dataType': 0, 'industryType': 0, 'isTrack': 0, 'isPpp': 0}, {'blockCode': '885957.DDBK', 'score': 502.41, 'scoreChangePre': 414.27, 'scoreChange': -8.81, 'dataType': 0, 'industryType': 0, 'isTrack': 0, 'isPpp': 0}, {'blockCode': '886033.DDBK', 'score': 490.0, 'scoreChangePre': 401.8, 'scoreChange': -9.8, 'dataType': 0, 'industryType': 0, 'isTrack': 0, 'isPpp': 0}, {'blockCode': '886073.DDBK', 'score': 458.34, 'scoreChangePre': 429.69, 'scoreChange': -28.64, 'dataType': 0, 'industryType': 0, 'isTrack': 0, 'isPpp': 0}, {'blockCode': '886049.DDBK', 'score': 453.36, 'scoreChangePre': 372.4, 'scoreChange': -32.38, 'dataType': 0, 'industryType': 0, 'isTrack': 0, 'isPpp': 0}, {'blockCode': '886050.DDBK', 'score': 446.88, 'scoreChangePre': 335.16, 'scoreChange': -7.45, 'dataType': 0, 'industryType': 0, 'isTrack': 0, 'isPpp': 0}, {'blockCode': '886009.DDBK', 'score': 439.79, 'scoreChangePre': 383.04, 'scoreChange': -7.09, 'dataType': 0, 'industryType': 0, 'isTrack': 0, 'isPpp': 0}, {'blockCode': '886042.DDBK', 'score': 425.6, 'scoreChangePre': 386.91, 'scoreChange': 0.0, 'dataType': 0, 'industryType': 0, 'isTrack': 0, 'isPpp': 0}, {'blockCode': '886054.DDBK', 'score': 408.44, 'scoreChangePre': 240.26, 'scoreChange': -48.05, 'dataType': 0, 'industryType': 0, 'isTrack': 0, 'isPpp': 0}, {'blockCode': '886048.DDBK', 'score': 407.53, 'scoreChangePre': 351.32, 'scoreChange': 0.0, 'dataType': 0, 'industryType': 0, 'isTrack': 0, 'isPpp': 0}, {'blockCode': '885756.DDBK', 'score': 401.52, 'scoreChangePre': 338.69, 'scoreChange': 1.53, 'dataType': 0, 'industryType': 0, 'isTrack': 0, 'isPpp': 0}, {'blockCode': '885897.DDBK', 'score': 344.61, 'scoreChangePre': 277.91, 'scoreChange': 0.0, 'dataType': 0, 'industryType': 0, 'isTrack': 0, 'isPpp': 0}, {'blockCode': '885864.DDBK', 'score': 314.21, 'scoreChangePre': 244.38, 'scoreChange': 0.0, 'dataType': 0, 'industryType': 0, 'isTrack': 0, 'isPpp': 0}, {'blockCode': '885908.DDBK', 'score': 312.82, 'scoreChangePre': 238.34, 'scoreChange': -29.79, 'dataType': 0, 'industryType': 0, 'isTrack': 0, 'isPpp': 0}, {'blockCode': '885925.DDBK', 'score': 292.08, 'scoreChangePre': 248.27, 'scoreChange': 0.0, 'dataType': 0, 'industryType': 0, 'isTrack': 0, 'isPpp': 0}]"
2024-09-10,000014.BKDL,413.07,323.76,14.35,1,0,0,"[{'blockCode': '885759.DDBK', 'score': 589.29, 'scoreChangePre': 515.63, 'scoreChange': 0.0, 'dataType': 0, 'industryType': 0, 'isTrack': 0, 'isPpp': 0}, {'blockCode': '886036.DDBK', 'score': 546.19, 'scoreChangePre': 463.43, 'scoreChange': 0.0, 'dataType': 0, 'industryType': 0, 'isTrack': 0, 'isPpp': 0}, {'blockCode': '885454.DDBK', 'score': 430.33, 'scoreChangePre': 347.57, 'scoreChange': -8.27, 'dataType': 0, 'industryType': 0, 'isTrack': 0, 'isPpp': 0}, {'blockCode': '885771.DDBK', 'score': 420.97, 'scoreChangePre': 388.59, 'scoreChange': 16.19, 'dataType': 0, 'industryType': 0, 'isTrack': 0, 'isPpp': 0}, {'blockCode': '885785.DDBK', 'score': 343.35, 'scoreChangePre': 272.04, 'scoreChange': 2.64, 'dataType': 0, 'industryType': 0, 'isTrack': 0, 'isPpp': 0}, {'blockCode': '886047.DDBK', 'score': 304.69, 'scoreChangePre': 135.42, 'scoreChange': 33.85, 'dataType': 0, 'industryType': 0, 'isTrack': 0, 'isPpp': 0}]"
2024-09-10,000006.BKDL,389.63,301.5,11.93,1,0,0,"[{'blockCode': '885982.DDBK', 'score': 674.98, 'scoreChangePre': 605.15, 'scoreChange': 0.0, 'dataType': 0, 'industryType': 0, 'isTrack': 0, 'isPpp': 0}, {'blockCode': '886058.DDBK', 'score': 674.98, 'scoreChangePre': 605.15, 'scoreChange': 0.0, 'dataType': 0, 'industryType': 0, 'isTrack': 0, 'isPpp': 0}, {'blockCode': '885980.DDBK', 'score': 602.32, 'scoreChangePre': 550.51, 'scoreChange': 6.48, 'dataType': 0, 'industryType': 0, 'isTrack': 0, 'isPpp': 0}, {'blockCode': '885923.DDBK', 'score': 523.07, 'scoreChangePre': 471.9, 'scoreChange': 5.69, 'dataType': 0, 'industryType': 0, 'isTrack': 0, 'isPpp': 0}, {'blockCode': '885843.DDBK', 'score': 488.78, 'scoreChangePre': 418.95, 'scoreChange': 0.0, 'dataType': 0, 'industryType': 0, 'isTrack': 0, 'isPpp': 0}, {'blockCode': '886055.DDBK', 'score': 459.56, 'scoreChangePre': 459.56, 'scoreChange': 0.0, 'dataType': 0, 'industryType': 0, 'isTrack': 0, 'isPpp': 0}, {'blockCode': '885806.DDBK', 'score': 426.69, 'scoreChangePre': 345.25, 'scoreChange': 8.48, 'dataType': 0, 'industryType': 0, 'isTrack': 0, 'isPpp': 1}, {'blockCode': '886059.DDBK', 'score': 381.95, 'scoreChangePre': 334.21, 'scoreChange': 0.0, 'dataType': 0, 'industryType': 0, 'isTrack': 0, 'isPpp': 0}, {'blockCode': '885376.DDBK', 'score': 273.48, 'scoreChangePre': 192.02, 'scoreChange': 5.82, 'dataType': 0, 'industryType': 0, 'isTrack': 0, 'isPpp': 0}, {'blockCode': '885502.DDBK', 'score': 136.45, 'scoreChangePre': 22.74, 'scoreChange': 0.0, 'dataType': 0, 'industryType': 0, 'isTrack': 0, 'isPpp': 0}]"
2024-09-10,000013.BKDL,374.9,273.68,23.74,1,1,0,"[{'blockCode': '885860.DDBK', 'score': 541.67, 'scoreChangePre': 338.54, 'scoreChange': 135.42, 'dataType': 0, 'industryType': 0, 'isTrack': 1, 'isPpp': 0}, {'blockCode': '886076.DDBK', 'score': 528.29, 'scoreChangePre': 433.02, 'scoreChange': 8.66, 'dataType': 0, 'industryType': 0, 'isTrack': 1, 'isPpp': 0}, {'blockCode': '886030.DDBK', 'score': 372.4, 'scoreChangePre': 284.78, 'scoreChange': 43.81, 'dataType': 0, 'industryType': 0, 'isTrack': 1, 'isPpp': 0}, {'blockCode': '885700.DDBK', 'score': 367.26, 'scoreChangePre': 267.37, 'scoreChange': 5.88, 'dataType': 0, 'industryType': 0, 'isTrack': 1, 'isPpp': 0}, {'blockCode': '885743.DDBK', 'score': 340.84, 'scoreChangePre': 231.43, 'scoreChange': 16.83, 'dataType': 0, 'industryType': 0, 'isTrack': 1, 'isPpp': 0}, {'blockCode': '885426.DDBK', 'score': 332.78, 'scoreChangePre': 285.24, 'scoreChange': -15.85, 'dataType': 0, 'industryType': 0, 'isTrack': 1, 'isPpp': 0}, {'blockCode': '885566.DDBK', 'score': 299.25, 'scoreChangePre': 232.75, 'scoreChange': 13.3, 'dataType': 0, 'industryType': 0, 'isTrack': 1, 'isPpp': 0}, {'blockCode': '885795.DDBK', 'score': 289.64, 'scoreChangePre': 124.13, 'scoreChange': 41.37, 'dataType': 0, 'industryType': 0, 'isTrack': 1, 'isPpp': 0}, {'blockCode': '885884.DDBK', 'score': 284.38, 'scoreChangePre': 189.59, 'scoreChange': -13.54, 'dataType': 0, 'industryType': 0, 'isTrack': 1, 'isPpp': 0}]"
2024-09-10,000033.BKDL,368.11,263.0,20.59,1,0,0,"[{'blockCode': '886002.DDBK', 'score': 513.19, 'scoreChangePre': 426.9, 'scoreChange': 4.55, 'dataType': 0, 'industryType': 0, 'isTrack': 0, 'isPpp': 0}, {'blockCode': '886057.DDBK', 'score': 436.47, 'scoreChangePre': 336.36, 'scoreChange': 4.01, 'dataType': 0, 'industryType': 0, 'isTrack': 0, 'isPpp': 0}, {'blockCode': '885786.DDBK', 'score': 432.46, 'scoreChangePre': 372.4, 'scoreChange': 24.02, 'dataType': 0, 'industryType': 0, 'isTrack': 0, 'isPpp': 0}, {'blockCode': '885930.DDBK', 'score': 405.5, 'scoreChangePre': 355.85, 'scoreChange': 0.0, 'dataType': 0, 'industryType': 0, 'isTrack': 0, 'isPpp': 0}, {'blockCode': '885929.DDBK', 'score': 385.6, 'scoreChangePre': 291.32, 'scoreChange': 7.54, 'dataType': 0, 'industryType': 0, 'isTrack': 0, 'isPpp': 0}, {'blockCode': '885517.DDBK', 'score': 382.78, 'scoreChangePre': 306.22, 'scoreChange': 11.68, 'dataType': 0, 'industryType': 0, 'isTrack': 0, 'isPpp': 0}, {'blockCode': '886069.DDBK', 'score': 382.46, 'scoreChangePre': 362.33, 'scoreChange': 20.12, 'dataType': 0, 'industryType': 0, 'isTrack': 0, 'isPpp': 0}, {'blockCode': '885941.DDBK', 'score': 356.77, 'scoreChangePre': 244.59, 'scoreChange': 16.55, 'dataType': 0, 'industryType': 0, 'isTrack': 0, 'isPpp': 0}, {'blockCode': '885427.DDBK', 'score': 345.08, 'scoreChangePre': 253.06, 'scoreChange': -2.88, 'dataType': 0, 'industryType': 0, 'isTrack': 0, 'isPpp': 0}, {'blockCode': '885946.DDBK', 'score': 339.01, 'scoreChangePre': 272.23, 'scoreChange': 5.13, 'dataType': 0, 'industryType': 0, 'isTrack': 0, 'isPpp': 0}, {'blockCode': '885619.DDBK', 'score': 336.8, 'scoreChangePre': 232.75, 'scoreChange': -8.22, 'dataType': 0, 'industryType': 0, 'isTrack': 0, 'isPpp': 0}, {'blockCode': '885537.DDBK', 'score': 306.2, 'scoreChangePre': 190.34, 'scoreChange': -8.27, 'dataType': 0, 'industryType': 0, 'isTrack': 0, 'isPpp': 0}, {'blockCode': '886008.DDBK', 'score': 292.9, 'scoreChangePre': 217.58, 'scoreChange': 8.37, 'dataType': 0, 'industryType': 0, 'isTrack': 0, 'isPpp': 0}]"
2024-09-10,000029.BKDL,364.25,279.3,18.62,1,0,0,"[{'blockCode': '885953.DDBK', 'score': 509.6, 'scoreChangePre': 431.2, 'scoreChange': 0.0, 'dataType': 0, 'industryType': 0, 'isTrack': 0, 'isPpp': 0}, {'blockCode': '885987.DDBK', 'score': 402.59, 'scoreChangePre': 362.33, 'scoreChange': -40.26, 'dataType': 0, 'industryType': 0, 'isTrack': 0, 'isPpp': 0}, {'blockCode': '885875.DDBK', 'score': 391.02, 'scoreChangePre': 335.16, 'scoreChange': -9.31, 'dataType': 0, 'industryType': 0, 'isTrack': 0, 'isPpp': 0}, {'blockCode': '885959.DDBK', 'score': 386.54, 'scoreChangePre': 329.97, 'scoreChange': 37.71, 'dataType': 0, 'industryType': 0, 'isTrack': 0, 'isPpp': 0}, {'blockCode': '885800.DDBK', 'score': 381.63, 'scoreChangePre': 295.45, 'scoreChange': 3.07, 'dataType': 0, 'industryType': 0, 'isTrack': 0, 'isPpp': 0}, {'blockCode': '885675.DDBK', 'score': 369.24, 'scoreChangePre': 302.97, 'scoreChange': 12.62, 'dataType': 0, 'industryType': 0, 'isTrack': 0, 'isPpp': 0}, {'blockCode': '885774.DDBK', 'score': 301.47, 'scoreChangePre': 195.07, 'scoreChange': 0.0, 'dataType': 0, 'industryType': 0, 'isTrack': 0, 'isPpp': 0}, {'blockCode': '885809.DDBK', 'score': 299.99, 'scoreChangePre': 227.58, 'scoreChange': -10.34, 'dataType': 0, 'industryType': 0, 'isTrack': 0, 'isPpp': 0}, {'blockCode': '885738.DDBK', 'score': 289.64, 'scoreChangePre': 200.97, 'scoreChange': -11.83, 'dataType': 0, 'industryType': 0, 'isTrack': 0, 'isPpp': 0}, {'blockCode': '886020.DDBK', 'score': 248.27, 'scoreChangePre': 186.2, 'scoreChange': 41.38, 'dataType': 0, 'industryType': 0, 'isTrack': 0, 'isPpp': 0}]"
2024-09-10,000012.BKDL,353.14,229.22,12.2,1,0,0,"[{'blockCode': '885918.DDBK', 'score': 599.47, 'scoreChangePre': 563.14, 'scoreChange': 54.49, 'dataType': 0, 'industryType': 0, 'isTrack': 0, 'isPpp': 0}, {'blockCode': '886046.DDBK', 'score': 522.67, 'scoreChangePre': 431.2, 'scoreChange': 26.14, 'dataType': 0, 'industryType': 0, 'isTrack': 0, 'isPpp': 0}, {'blockCode': '885874.DDBK', 'score': 496.53, 'scoreChangePre': 441.36, 'scoreChange': 0.0, 'dataType': 0, 'industryType': 0, 'isTrack': 0, 'isPpp': 0}, {'blockCode': '885934.DDBK', 'score': 490.69, 'scoreChangePre': 442.5, 'scoreChange': 8.76, 'dataType': 0, 'industryType': 0, 'isTrack': 0, 'isPpp': 0}, {'blockCode': '885950.DDBK', 'score': 487.97, 'scoreChangePre': 449.45, 'scoreChange': 6.42, 'dataType': 0, 'industryType': 0, 'isTrack': 0, 'isPpp': 0}, {'blockCode': '885816.DDBK', 'score': 484.12, 'scoreChangePre': 409.64, 'scoreChange': 0.0, 'dataType': 0, 'industryType': 0, 'isTrack': 0, 'isPpp': 0}, {'blockCode': '885791.DDBK', 'score': 476.67, 'scoreChangePre': 387.29, 'scoreChange': 14.89, 'dataType': 0, 'industryType': 0, 'isTrack': 0, 'isPpp': 0}, {'blockCode': '885797.DDBK', 'score': 462.61, 'scoreChangePre': 370.09, 'scoreChange': 9.25, 'dataType': 0, 'industryType': 0, 'isTrack': 0, 'isPpp': 0}, {'blockCode': '885772.DDBK', 'score': 458.34, 'scoreChangePre': 372.4, 'scoreChange': 0.0, 'dataType': 0, 'industryType': 0, 'isTrack': 0, 'isPpp': 0}, {'blockCode': '885480.DDBK', 'score': 442.23, 'scoreChangePre': 349.13, 'scoreChange': 23.28, 'dataType': 0, 'industryType': 0, 'isTrack': 0, 'isPpp': 0}, {'blockCode': '885709.DDBK', 'score': 438.6, 'scoreChangePre': 353.09, 'scoreChange': 5.51, 'dataType': 0, 'industryType': 0, 'isTrack': 0, 'isPpp': 0}, {'blockCode': '885820.DDBK', 'score': 438.12, 'scoreChangePre': 312.94, 'scoreChange': -25.03, 'dataType': 0, 'industryType': 0, 'isTrack': 0, 'isPpp': 0}, {'blockCode': '886060.DDBK', 'score': 437.17, 'scoreChangePre': 404.79, 'scoreChange': 32.39, 'dataType': 0, 'industryType': 0, 'isTrack': 0, 'isPpp': 0}, {'blockCode': '885779.DDBK', 'score': 436.77, 'scoreChangePre': 340.22, 'scoreChange': 13.8, 'dataType': 0, 'industryType': 0, 'isTrack': 0, 'isPpp': 0}, {'blockCode': '885890.DDBK', 'score': 418.95, 'scoreChangePre': 320.03, 'scoreChange': 23.27, 'dataType': 0, 'industryType': 0, 'isTrack': 0, 'isPpp': 0}, {'blockCode': '885457.DDBK', 'score': 410.92, 'scoreChangePre': 295.35, 'scoreChange': 38.52, 'dataType': 0, 'industryType': 0, 'isTrack': 0, 'isPpp': 0}, {'blockCode': '885418.DDBK', 'score': 386.05, 'scoreChangePre': 308.06, 'scoreChange': 39.0, 'dataType': 0, 'industryType': 0, 'isTrack': 0, 'isPpp': 0}, {'blockCode': '885737.DDBK', 'score': 383.68, 'scoreChangePre': 293.4, 'scoreChange': 22.56, 'dataType': 0, 'industryType': 0, 'isTrack': 0, 'isPpp': 0}, {'blockCode': '885603.DDBK', 'score': 367.3, 'scoreChangePre': 265.27, 'scoreChange': 20.41, 'dataType': 0, 'industryType': 0, 'isTrack': 0, 'isPpp': 0}, {'blockCode': '885701.DDBK', 'score': 365.98, 'scoreChangePre': 282.51, 'scoreChange': -19.26, 'dataType': 0, 'industryType': 0, 'isTrack': 0, 'isPpp': 0}, {'blockCode': '885647.DDBK', 'score': 343.75, 'scoreChangePre': 286.46, 'scoreChange': 0.0, 'dataType': 0, 'industryType': 0, 'isTrack': 0, 'isPpp': 0}, {'blockCode': '885586.DDBK', 'score': 337.27, 'scoreChangePre': 182.69, 'scoreChange': 0.0, 'dataType': 0, 'industryType': 0, 'isTrack': 0, 'isPpp': 0}, {'blockCode': '885876.DDBK', 'score': 309.64, 'scoreChangePre': 159.01, 'scoreChange': 25.11, 'dataType': 0, 'industryType': 0, 'isTrack': 0, 'isPpp': 0}, {'blockCode': '886014.DDBK', 'score': 266.0, 'scoreChangePre': 212.8, 'scoreChange': -17.73, 'dataType': 0, 'industryType': 0, 'isTrack': 0, 'isPpp': 0}, {'blockCode': '885788.DDBK', 'score': 230.73, 'scoreChangePre': 60.72, 'scoreChange': 4.05, 'dataType': 0, 'industryType': 0, 'isTrack': 0, 'isPpp': 0}, {'blockCode': '885615.DDBK', 'score': 192.21, 'scoreChangePre': 64.07, 'scoreChange': 0.0, 'dataType': 0, 'industryType': 0, 'isTrack': 0, 'isPpp': 0}, {'blockCode': '885497.DDBK', 'score': 145.09, 'scoreChangePre': -38.69, 'scoreChange': -19.35, 'dataType': 0, 'industryType': 0, 'isTrack': 0, 'isPpp': 0}, {'blockCode': '885580.DDBK', 'score': 129.53, 'scoreChangePre': 0.0, 'scoreChange': 0.0, 'dataType': 0, 'industryType': 0, 'isTrack': 0, 'isPpp': 0}, {'blockCode': '885792.DDBK', 'score': 93.1, 'scoreChangePre': -186.2, 'scoreChange': 0.0, 'dataType': 0, 'industryType': 0, 'isTrack': 0, 'isPpp': 0}]"
2024-09-10,000027.BKDL,349.92,266.67,18.25,1,0,0,"[{'blockCode': '885766.DDBK', 'score': 520.75, 'scoreChangePre': 454.14, 'scoreChange': 12.11, 'dataType': 0, 'industryType': 0, 'isTrack': 0, 'isPpp': 0}, {'blockCode': '886001.DDBK', 'score': 516.39, 'scoreChangePre': 456.81, 'scoreChange': -9.94, 'dataType': 0, 'industryType': 0, 'isTrack': 0, 'isPpp': 0}, {'blockCode': '886035.DDBK', 'score': 454.15, 'scoreChangePre': 390.57, 'scoreChange': 27.25, 'dataType': 0, 'industryType': 0, 'isTrack': 0, 'isPpp': 0}, {'blockCode': '885861.DDBK', 'score': 443.33, 'scoreChangePre': 443.33, 'scoreChange': 0.0, 'dataType': 0, 'industryType': 0, 'isTrack': 0, 'isPpp': 0}, {'blockCode': '885662.DDBK', 'score': 441.36, 'scoreChangePre': 408.26, 'scoreChange': 0.0, 'dataType': 0, 'industryType': 0, 'isTrack': 0, 'isPpp': 0}, {'blockCode': '885943.DDBK', 'score': 431.2, 'scoreChangePre': 431.2, 'scoreChange': 0.0, 'dataType': 0, 'industryType': 0, 'isTrack': 0, 'isPpp': 0}, {'blockCode': '885461.DDBK', 'score': 410.46, 'scoreChangePre': 353.38, 'scoreChange': 8.16, 'dataType': 0, 'industryType': 0, 'isTrack': 0, 'isPpp': 0}, {'blockCode': '885736.DDBK', 'score': 393.28, 'scoreChangePre': 316.71, 'scoreChange': 6.96, 'dataType': 0, 'industryType': 0, 'isTrack': 0, 'isPpp': 0}, {'blockCode': '885974.DDBK', 'score': 388.59, 'scoreChangePre': 259.06, 'scoreChange': 32.38, 'dataType': 0, 'industryType': 0, 'isTrack': 0, 'isPpp': 0}, {'blockCode': '885545.DDBK', 'score': 379.65, 'scoreChangePre': 295.61, 'scoreChange': 5.8, 'dataType': 0, 'industryType': 0, 'isTrack': 0, 'isPpp': 0}, {'blockCode': '886067.DDBK', 'score': 370.51, 'scoreChangePre': 283.55, 'scoreChange': 0.0, 'dataType': 0, 'industryType': 0, 'isTrack': 0, 'isPpp': 0}, {'blockCode': '885564.DDBK', 'score': 363.4, 'scoreChangePre': 287.84, 'scoreChange': 10.79, 'dataType': 0, 'industryType': 0, 'isTrack': 0, 'isPpp': 0}, {'blockCode': '886066.DDBK', 'score': 356.88, 'scoreChangePre': 279.3, 'scoreChange': -46.55, 'dataType': 0, 'industryType': 0, 'isTrack': 0, 'isPpp': 0}, {'blockCode': '885871.DDBK', 'score': 345.8, 'scoreChangePre': 319.2, 'scoreChange': 0.0, 'dataType': 0, 'industryType': 0, 'isTrack': 0, 'isPpp': 0}, {'blockCode': '885997.DDBK', 'score': 335.4, 'scoreChangePre': 269.27, 'scoreChange': 17.32, 'dataType': 0, 'industryType': 0, 'isTrack': 0, 'isPpp': 0}, {'blockCode': '885999.DDBK', 'score': 321.29, 'scoreChangePre': 240.97, 'scoreChange': 21.91, 'dataType': 0, 'industryType': 0, 'isTrack': 0, 'isPpp': 0}, {'blockCode': '886061.DDBK', 'score': 319.2, 'scoreChangePre': 248.27, 'scoreChange': 7.88, 'dataType': 0, 'industryType': 0, 'isTrack': 0, 'isPpp': 0}, {'blockCode': '885834.DDBK', 'score': 318.5, 'scoreChangePre': 249.9, 'scoreChange': 0.0, 'dataType': 0, 'industryType': 0, 'isTrack': 0, 'isPpp': 0}, {'blockCode': '885431.DDBK', 'score': 317.65, 'scoreChangePre': 243.66, 'scoreChange': 6.91, 'dataType': 0, 'industryType': 0, 'isTrack': 0, 'isPpp': 0}, {'blockCode': '885945.DDBK', 'score': 309.53, 'scoreChangePre': 270.84, 'scoreChange': -9.67, 'dataType': 0, 'industryType': 0, 'isTrack': 0, 'isPpp': 0}, {'blockCode': '885467.DDBK', 'score': 297.27, 'scoreChangePre': 248.27, 'scoreChange': 3.27, 'dataType': 0, 'industryType': 0, 'isTrack': 0, 'isPpp': 0}, {'blockCode': '886064.DDBK', 'score': 292.6, 'scoreChangePre': 266.0, 'scoreChange': 0.0, 'dataType': 0, 'industryType': 0, 'isTrack': 0, 'isPpp': 0}, {'blockCode': '886000.DDBK', 'score': 281.37, 'scoreChangePre': 231.72, 'scoreChange': 16.55, 'dataType': 0, 'industryType': 0, 'isTrack': 0, 'isPpp': 0}, {'blockCode': '885775.DDBK', 'score': 229.48, 'scoreChangePre': 144.94, 'scoreChange': 0.0, 'dataType': 0, 'industryType': 0, 'isTrack': 0, 'isPpp': 0}, {'blockCode': '885886.DDBK', 'score': 203.13, 'scoreChangePre': 90.28, 'scoreChange': 0.0, 'dataType': 0, 'industryType': 0, 'isTrack': 0, 'isPpp': 0}, {'blockCode': '885902.DDBK', 'score': 196.0, 'scoreChangePre': 117.6, 'scoreChange': 39.2, 'dataType': 0, 'industryType': 0, 'isTrack': 0, 'isPpp': 0}]"
2024-09-10,000032.BKDL,346.57,243.25,19.37,1,0,0,"[{'blockCode': '885907.DDBK', 'score': 357.8, 'scoreChangePre': 277.48, 'scoreChange': 14.61, 'dataType': 0, 'industryType': 0, 'isTrack': 0, 'isPpp': 0}, {'blockCode': '885598.DDBK', 'score': 340.11, 'scoreChangePre': 251.85, 'scoreChange': 12.91, 'dataType': 0, 'industryType': 0, 'isTrack': 0, 'isPpp': 1}, {'blockCode': '885905.DDBK', 'score': 331.34, 'scoreChangePre': 223.73, 'scoreChange': 8.5, 'dataType': 0, 'industryType': 0, 'isTrack': 0, 'isPpp': 1}, {'blockCode': '885906.DDBK', 'score': 254.32, 'scoreChangePre': 236.15, 'scoreChange': 0.0, 'dataType': 0, 'industryType': 0, 'isTrack': 0, 'isPpp': 1}]"
2024-09-10,000026.BKDL,316.61,204.12,22.68,1,1,0,"[{'blockCode': '885611.DDBK', 'score': 445.9, 'scoreChangePre': 372.4, 'scoreChange': 9.8, 'dataType': 0, 'industryType': 0, 'isTrack': 1, 'isPpp': 0}, {'blockCode': '885642.DDBK', 'score': 292.86, 'scoreChangePre': 169.93, 'scoreChange': 18.08, 'dataType': 0, 'industryType': 0, 'isTrack': 1, 'isPpp': 0}, {'blockCode': '885840.DDBK', 'score': 292.01, 'scoreChangePre': 198.5, 'scoreChange': 11.48, 'dataType': 0, 'industryType': 0, 'isTrack': 1, 'isPpp': 0}, {'blockCode': '885965.DDBK', 'score': 276.99, 'scoreChangePre': 141.57, 'scoreChange': 18.46, 'dataType': 0, 'industryType': 0, 'isTrack': 1, 'isPpp': 0}, {'blockCode': '885898.DDBK', 'score': 65.72, 'scoreChangePre': -131.43, 'scoreChange': 0.0, 'dataType': 0, 'industryType': 0, 'isTrack': 1, 'isPpp': 0}]"
2024-09-10,000008.BKDL,294.46,202.08,14.44,1,1,0,"[{'blockCode': '885423.DDBK', 'score': 551.49, 'scoreChangePre': 443.47, 'scoreChange': 17.05, 'dataType': 0, 'industryType': 0, 'isTrack': 1, 'isPpp': 0}, {'blockCode': '885433.DDBK', 'score': 321.83, 'scoreChangePre': 275.85, 'scoreChange': -36.78, 'dataType': 0, 'industryType': 0, 'isTrack': 1, 'isPpp': 0}, {'blockCode': '885572.DDBK', 'score': 208.11, 'scoreChangePre': 104.06, 'scoreChange': 10.96, 'dataType': 0, 'industryType': 0, 'isTrack': 1, 'isPpp': 0}, {'blockCode': '885428.DDBK', 'score': 200.52, 'scoreChangePre': 171.87, 'scoreChange': 28.64, 'dataType': 0, 'industryType': 0, 'isTrack': 1, 'isPpp': 0}, {'blockCode': '885692.DDBK', 'score': 196.0, 'scoreChangePre': 98.0, 'scoreChange': 0.0, 'dataType': 0, 'industryType': 0, 'isTrack': 1, 'isPpp': 0}, {'blockCode': '885398.DDBK', 'score': 109.0, 'scoreChangePre': 27.25, 'scoreChange': -9.08, 'dataType': 0, 'industryType': 0, 'isTrack': 1, 'isPpp': 0}, {'blockCode': '885914.DDBK', 'score': 77.38, 'scoreChangePre': 29.02, 'scoreChange': -19.35, 'dataType': 0, 'industryType': 0, 'isTrack': 1, 'isPpp': 0}]"
2024-09-10,000035.BKDL,283.45,192.0,19.11,1,1,0,"[{'blockCode': '886004.DDBK', 'score': 530.54, 'scoreChangePre': 510.13, 'scoreChange': -10.21, 'dataType': 0, 'industryType': 0, 'isTrack': 1, 'isPpp': 0}, {'blockCode': '885819.DDBK', 'score': 503.84, 'scoreChangePre': 481.93, 'scoreChange': -21.9, 'dataType': 0, 'industryType': 0, 'isTrack': 1, 'isPpp': 0}, {'blockCode': '885938.DDBK', 'score': 446.88, 'scoreChangePre': 340.48, 'scoreChange': 10.64, 'dataType': 0, 'industryType': 0, 'isTrack': 1, 'isPpp': 0}, {'blockCode': '885311.DDBK', 'score': 431.2, 'scoreChangePre': 348.88, 'scoreChange': -23.52, 'dataType': 0, 'industryType': 0, 'isTrack': 1, 'isPpp': 0}, {'blockCode': '886003.DDBK', 'score': 333.88, 'scoreChangePre': 256.83, 'scoreChange': -25.68, 'dataType': 0, 'industryType': 0, 'isTrack': 1, 'isPpp': 0}, {'blockCode': '886011.DDBK', 'score': 328.59, 'scoreChangePre': 175.25, 'scoreChange': 0.0, 'dataType': 0, 'industryType': 0, 'isTrack': 1, 'isPpp': 0}, {'blockCode': '885921.DDBK', 'score': 324.75, 'scoreChangePre': 250.62, 'scoreChange': 15.89, 'dataType': 0, 'industryType': 0, 'isTrack': 1, 'isPpp': 0}, {'blockCode': '885425.DDBK', 'score': 323.5, 'scoreChangePre': 210.65, 'scoreChange': -22.57, 'dataType': 0, 'industryType': 0, 'isTrack': 1, 'isPpp': 0}, {'blockCode': '886065.DDBK', 'score': 312.34, 'scoreChangePre': 288.31, 'scoreChange': -24.02, 'dataType': 0, 'industryType': 0, 'isTrack': 1, 'isPpp': 0}, {'blockCode': '885798.DDBK', 'score': 297.92, 'scoreChangePre': 148.96, 'scoreChange': 0.0, 'dataType': 0, 'industryType': 0, 'isTrack': 1, 'isPpp': 0}, {'blockCode': '885789.DDBK', 'score': 291.15, 'scoreChangePre': 243.75, 'scoreChange': 27.08, 'dataType': 0, 'industryType': 0, 'isTrack': 1, 'isPpp': 0}, {'blockCode': '885948.DDBK', 'score': 285.24, 'scoreChangePre': 142.62, 'scoreChange': -31.7, 'dataType': 0, 'industryType': 0, 'isTrack': 1, 'isPpp': 0}, {'blockCode': '885571.DDBK', 'score': 281.82, 'scoreChangePre': 197.28, 'scoreChange': -4.02, 'dataType': 0, 'industryType': 0, 'isTrack': 1, 'isPpp': 0}, {'blockCode': '885641.DDBK', 'score': 257.1, 'scoreChangePre': 161.68, 'scoreChange': -7.95, 'dataType': 0, 'industryType': 0, 'isTrack': 1, 'isPpp': 0}, {'blockCode': '885531.DDBK', 'score': 243.96, 'scoreChangePre': 163.6, 'scoreChange': -11.48, 'dataType': 0, 'industryType': 0, 'isTrack': 1, 'isPpp': 0}, {'blockCode': '886005.DDBK', 'score': 229.17, 'scoreChangePre': 190.98, 'scoreChange': -19.1, 'dataType': 0, 'industryType': 0, 'isTrack': 1, 'isPpp': 0}, {'blockCode': '885710.DDBK', 'score': 226.99, 'scoreChangePre': 147.19, 'scoreChange': 10.64, 'dataType': 0, 'industryType': 0, 'isTrack': 1, 'isPpp': 0}, {'blockCode': '886053.DDBK', 'score': 219.06, 'scoreChangePre': 175.25, 'scoreChange': 0.0, 'dataType': 0, 'industryType': 0, 'isTrack': 1, 'isPpp': 0}, {'blockCode': '886007.DDBK', 'score': 216.23, 'scoreChangePre': 96.1, 'scoreChange': 12.01, 'dataType': 0, 'industryType': 0, 'isTrack': 1, 'isPpp': 0}, {'blockCode': '886010.DDBK', 'score': 215.16, 'scoreChangePre': 132.4, 'scoreChange': 0.0, 'dataType': 0, 'industryType': 0, 'isTrack': 1, 'isPpp': 0}, {'blockCode': '885920.DDBK', 'score': 193.1, 'scoreChangePre': 117.24, 'scoreChange': 6.9, 'dataType': 0, 'industryType': 0, 'isTrack': 1, 'isPpp': 0}, {'blockCode': '885996.DDBK', 'score': 191.23, 'scoreChangePre': 140.91, 'scoreChange': 20.13, 'dataType': 0, 'industryType': 0, 'isTrack': 1, 'isPpp': 0}, {'blockCode': '885944.DDBK', 'score': 171.88, 'scoreChangePre': 91.67, 'scoreChange': 22.92, 'dataType': 0, 'industryType': 0, 'isTrack': 1, 'isPpp': 0}, {'blockCode': '885878.DDBK', 'score': 168.63, 'scoreChangePre': 70.26, 'scoreChange': 0.0, 'dataType': 0, 'industryType': 0, 'isTrack': 1, 'isPpp': 0}, {'blockCode': '885936.DDBK', 'score': 162.27, 'scoreChangePre': 108.18, 'scoreChange': 4.16, 'dataType': 0, 'industryType': 0, 'isTrack': 1, 'isPpp': 0}, {'blockCode': '886006.DDBK', 'score': 159.6, 'scoreChangePre': 70.93, 'scoreChange': -35.47, 'dataType': 0, 'industryType': 0, 'isTrack': 1, 'isPpp': 0}, {'blockCode': '886038.DDBK', 'score': 156.8, 'scoreChangePre': 78.4, 'scoreChange': -39.2, 'dataType': 0, 'industryType': 0, 'isTrack': 1, 'isPpp': 0}, {'blockCode': '885928.DDBK', 'score': 155.89, 'scoreChangePre': 86.61, 'scoreChange': 17.32, 'dataType': 0, 'industryType': 0, 'isTrack': 1, 'isPpp': 0}, {'blockCode': '885935.DDBK', 'score': 148.96, 'scoreChangePre': 134.06, 'scoreChange': -14.9, 'dataType': 0, 'industryType': 0, 'isTrack': 1, 'isPpp': 0}, {'blockCode': '886032.DDBK', 'score': 136.55, 'scoreChangePre': 80.69, 'scoreChange': 12.42, 'dataType': 0, 'industryType': 0, 'isTrack': 1, 'isPpp': 0}, {'blockCode': '886026.DDBK', 'score': 119.17, 'scoreChangePre': 59.59, 'scoreChange': 0.0, 'dataType': 0, 'industryType': 0, 'isTrack': 1, 'isPpp': 0}, {'blockCode': '885958.DDBK', 'score': 80.52, 'scoreChangePre': 0.0, 'scoreChange': -20.13, 'dataType': 0, 'industryType': 0, 'isTrack': 1, 'isPpp': 0}, {'blockCode': '885922.DDBK', 'score': 50.78, 'scoreChangePre': -33.86, 'scoreChange': 0.0, 'dataType': 0, 'industryType': 0, 'isTrack': 1, 'isPpp': 0}, {'blockCode': '885781.DDBK', 'score': 33.85, 'scoreChangePre': 33.85, 'scoreChange': 0.0, 'dataType': 0, 'industryType': 0, 'isTrack': 1, 'isPpp': 0}]"
2024-09-10,000004.BKDL,270.03,135.35,12.24,1,1,0,"[{'blockCode': '885617.DDBK', 'score': 335.44, 'scoreChangePre': 227.42, 'scoreChange': 22.74, 'dataType': 0, 'industryType': 0, 'isTrack': 1, 'isPpp': 0}, {'blockCode': '885939.DDBK', 'score': 329.43, 'scoreChangePre': 200.52, 'scoreChange': 14.32, 'dataType': 0, 'industryType': 0, 'isTrack': 1, 'isPpp': 0}, {'blockCode': '885521.DDBK', 'score': 282.51, 'scoreChangePre': 182.99, 'scoreChange': -3.21, 'dataType': 0, 'industryType': 0, 'isTrack': 1, 'isPpp': 0}, {'blockCode': '885924.DDBK', 'score': 270.84, 'scoreChangePre': 162.51, 'scoreChange': 4.52, 'dataType': 0, 'industryType': 0, 'isTrack': 1, 'isPpp': 0}, {'blockCode': '885744.DDBK', 'score': 267.66, 'scoreChangePre': 135.77, 'scoreChange': -15.52, 'dataType': 0, 'industryType': 0, 'isTrack': 1, 'isPpp': 0}, {'blockCode': '885472.DDBK', 'score': 260.09, 'scoreChangePre': 59.11, 'scoreChange': -11.82, 'dataType': 0, 'industryType': 0, 'isTrack': 1, 'isPpp': 0}, {'blockCode': '885827.DDBK', 'score': 221.86, 'scoreChangePre': 15.85, 'scoreChange': 31.7, 'dataType': 0, 'industryType': 0, 'isTrack': 1, 'isPpp': 0}, {'blockCode': '885514.DDBK', 'score': 217.58, 'scoreChangePre': 58.58, 'scoreChange': -16.74, 'dataType': 0, 'industryType': 0, 'isTrack': 1, 'isPpp': 0}, {'blockCode': '885734.DDBK', 'score': 208.54, 'scoreChangePre': 89.37, 'scoreChange': 0.0, 'dataType': 0, 'industryType': 0, 'isTrack': 1, 'isPpp': 0}, {'blockCode': '885345.DDBK', 'score': 205.09, 'scoreChangePre': 64.77, 'scoreChange': 0.0, 'dataType': 0, 'industryType': 0, 'isTrack': 1, 'isPpp': 0}, {'blockCode': '885849.DDBK', 'score': 204.82, 'scoreChangePre': 37.24, 'scoreChange': 18.62, 'dataType': 0, 'industryType': 0, 'isTrack': 1, 'isPpp': 0}, {'blockCode': '885832.DDBK', 'score': 204.13, 'scoreChangePre': 121.37, 'scoreChange': 16.55, 'dataType': 0, 'industryType': 0, 'isTrack': 1, 'isPpp': 0}, {'blockCode': '885487.DDBK', 'score': 186.2, 'scoreChangePre': 46.55, 'scoreChange': 0.0, 'dataType': 0, 'industryType': 0, 'isTrack': 1, 'isPpp': 0}, {'blockCode': '885894.DDBK', 'score': 173.79, 'scoreChangePre': -99.3, 'scoreChange': 24.83, 'dataType': 0, 'industryType': 0, 'isTrack': 1, 'isPpp': 0}, {'blockCode': '885764.DDBK', 'score': 112.85, 'scoreChangePre': -22.57, 'scoreChange': 0.0, 'dataType': 0, 'industryType': 0, 'isTrack': 1, 'isPpp': 0}, {'blockCode': '885591.DDBK', 'score': 82.76, 'scoreChangePre': -0.0, 'scoreChange': 0.0, 'dataType': 0, 'industryType': 0, 'isTrack': 1, 'isPpp': 0}]"
2024-09-10,000005.BKDL,258.4,157.07,20.27,1,1,0,"[{'blockCode': '885748.DDBK', 'score': 434.47, 'scoreChangePre': 310.34, 'scoreChange': -62.06, 'dataType': 0, 'industryType': 0, 'isTrack': 1, 'isPpp': 0}, {'blockCode': '885372.DDBK', 'score': 372.4, 'scoreChangePre': 274.4, 'scoreChange': 19.6, 'dataType': 0, 'industryType': 0, 'isTrack': 1, 'isPpp': 0}, {'blockCode': '885430.DDBK', 'score': 242.75, 'scoreChangePre': 154.48, 'scoreChange': 5.52, 'dataType': 0, 'industryType': 0, 'isTrack': 1, 'isPpp': 0}]"
2024-09-10,000018.BKDL,254.25,145.55,17.96,1,1,0,"[{'blockCode': '885500.DDBK', 'score': 337.27, 'scoreChangePre': 267.01, 'scoreChange': 42.16, 'dataType': 0, 'industryType': 0, 'isTrack': 1, 'isPpp': 0}, {'blockCode': '885562.DDBK', 'score': 307.07, 'scoreChangePre': 189.47, 'scoreChange': -6.53, 'dataType': 0, 'industryType': 0, 'isTrack': 1, 'isPpp': 0}, {'blockCode': '885770.DDBK', 'score': 271.36, 'scoreChangePre': 155.89, 'scoreChange': -5.77, 'dataType': 0, 'industryType': 0, 'isTrack': 1, 'isPpp': 0}, {'blockCode': '885494.DDBK', 'score': 224.02, 'scoreChangePre': 126.56, 'scoreChange': 13.09, 'dataType': 0, 'industryType': 0, 'isTrack': 1, 'isPpp': 0}, {'blockCode': '885964.DDBK', 'score': 202.16, 'scoreChangePre': 106.4, 'scoreChange': 0.0, 'dataType': 0, 'industryType': 0, 'isTrack': 1, 'isPpp': 0}, {'blockCode': '885733.DDBK', 'score': 82.76, 'scoreChangePre': -20.68, 'scoreChange': 0.0, 'dataType': 0, 'industryType': 0, 'isTrack': 1, 'isPpp': 0}]"
2024-09-10,000011.BKDL,253.01,130.69,19.27,1,1,0,"[{'blockCode': '885555.DDBK', 'score': 372.4, 'scoreChangePre': 302.57, 'scoreChange': 46.55, 'dataType': 0, 'industryType': 0, 'isTrack': 1, 'isPpp': 0}, {'blockCode': '885919.DDBK', 'score': 270.13, 'scoreChangePre': 131.2, 'scoreChange': -11.58, 'dataType': 0, 'industryType': 0, 'isTrack': 1, 'isPpp': 0}, {'blockCode': '886052.DDBK', 'score': 263.78, 'scoreChangePre': 139.65, 'scoreChange': 15.51, 'dataType': 0, 'industryType': 0, 'isTrack': 1, 'isPpp': 0}, {'blockCode': '885992.DDBK', 'score': 262.87, 'scoreChangePre': 43.81, 'scoreChange': 0.0, 'dataType': 0, 'industryType': 0, 'isTrack': 1, 'isPpp': 0}, {'blockCode': '885563.DDBK', 'score': 249.14, 'scoreChangePre': 144.24, 'scoreChange': 2.62, 'dataType': 0, 'industryType': 0, 'isTrack': 1, 'isPpp': 0}, {'blockCode': '885854.DDBK', 'score': 242.87, 'scoreChangePre': 113.34, 'scoreChange': -16.19, 'dataType': 0, 'industryType': 0, 'isTrack': 1, 'isPpp': 0}, {'blockCode': '885823.DDBK', 'score': 237.1, 'scoreChangePre': 162.36, 'scoreChange': 12.89, 'dataType': 0, 'industryType': 0, 'isTrack': 1, 'isPpp': 0}, {'blockCode': '885986.DDBK', 'score': 223.44, 'scoreChangePre': 119.17, 'scoreChange': -14.9, 'dataType': 0, 'industryType': 0, 'isTrack': 1, 'isPpp': 0}, {'blockCode': '885961.DDBK', 'score': 201.3, 'scoreChangePre': -60.39, 'scoreChange': 20.13, 'dataType': 0, 'industryType': 0, 'isTrack': 1, 'isPpp': 0}, {'blockCode': '885690.DDBK', 'score': 190.43, 'scoreChangePre': 55.01, 'scoreChange': -4.23, 'dataType': 0, 'industryType': 0, 'isTrack': 1, 'isPpp': 0}, {'blockCode': '885410.DDBK', 'score': 183.15, 'scoreChangePre': 103.79, 'scoreChange': -12.21, 'dataType': 0, 'industryType': 0, 'isTrack': 1, 'isPpp': 0}, {'blockCode': '885412.DDBK', 'score': 176.6, 'scoreChangePre': 26.87, 'scoreChange': -3.84, 'dataType': 0, 'industryType': 0, 'isTrack': 1, 'isPpp': 0}]"
2024-09-10,000019.BKDL,243.16,92.01,19.72,1,0,0,"[{'blockCode': '885963.DDBK', 'score': 456.0, 'scoreChangePre': 364.8, 'scoreChange': 0.0, 'dataType': 0, 'industryType': 0, 'isTrack': 0, 'isPpp': 0}, {'blockCode': '885747.DDBK', 'score': 446.88, 'scoreChangePre': 372.4, 'scoreChange': 74.48, 'dataType': 0, 'industryType': 0, 'isTrack': 0, 'isPpp': 0}, {'blockCode': '885753.DDBK', 'score': 289.64, 'scoreChangePre': 206.88, 'scoreChange': 41.37, 'dataType': 0, 'industryType': 0, 'isTrack': 0, 'isPpp': 0}, {'blockCode': '885522.DDBK', 'score': 231.99, 'scoreChangePre': 30.53, 'scoreChange': 24.42, 'dataType': 0, 'industryType': 0, 'isTrack': 0, 'isPpp': 0}, {'blockCode': '886012.DDBK', 'score': 220.05, 'scoreChangePre': 118.49, 'scoreChange': 0.0, 'dataType': 0, 'industryType': 0, 'isTrack': 0, 'isPpp': 0}, {'blockCode': '885895.DDBK', 'score': 186.2, 'scoreChangePre': 31.03, 'scoreChange': 0.0, 'dataType': 0, 'industryType': 0, 'isTrack': 0, 'isPpp': 0}, {'blockCode': '885960.DDBK', 'score': 156.8, 'scoreChangePre': 78.4, 'scoreChange': -39.2, 'dataType': 0, 'industryType': 0, 'isTrack': 0, 'isPpp': 0}, {'blockCode': '885825.DDBK', 'score': 79.8, 'scoreChangePre': -133.0, 'scoreChange': -26.6, 'dataType': 0, 'industryType': 0, 'isTrack': 0, 'isPpp': 0}, {'blockCode': '885761.DDBK', 'score': 38.19, 'scoreChangePre': -19.1, 'scoreChange': 0.0, 'dataType': 0, 'industryType': 0, 'isTrack': 0, 'isPpp': 0}]"
2024-09-10,000023.BKDL,240.31,141.09,16.74,1,0,0,"[{'blockCode': '885796.DDBK', 'score': 372.4, 'scoreChangePre': 245.78, 'scoreChange': 29.79, 'dataType': 0, 'industryType': 0, 'isTrack': 0, 'isPpp': 0}, {'blockCode': '885787.DDBK', 'score': 310.33, 'scoreChangePre': 206.89, 'scoreChange': 27.58, 'dataType': 0, 'industryType': 0, 'isTrack': 0, 'isPpp': 0}, {'blockCode': '885739.DDBK', 'score': 301.33, 'scoreChangePre': 136.45, 'scoreChange': 11.37, 'dataType': 0, 'industryType': 0, 'isTrack': 0, 'isPpp': 0}, {'blockCode': '885742.DDBK', 'score': 288.8, 'scoreChangePre': 136.8, 'scoreChange': -15.2, 'dataType': 0, 'industryType': 0, 'isTrack': 0, 'isPpp': 0}, {'blockCode': '885802.DDBK', 'score': 266.79, 'scoreChangePre': 11.11, 'scoreChange': -44.47, 'dataType': 0, 'industryType': 0, 'isTrack': 0, 'isPpp': 0}, {'blockCode': '885932.DDBK', 'score': 248.27, 'scoreChangePre': 148.96, 'scoreChange': 0.0, 'dataType': 0, 'industryType': 0, 'isTrack': 0, 'isPpp': 0}, {'blockCode': '885729.DDBK', 'score': 235.2, 'scoreChangePre': 117.6, 'scoreChange': 0.0, 'dataType': 0, 'industryType': 0, 'isTrack': 0, 'isPpp': 0}, {'blockCode': '885869.DDBK', 'score': 229.68, 'scoreChangePre': 153.12, 'scoreChange': 0.0, 'dataType': 0, 'industryType': 0, 'isTrack': 0, 'isPpp': 1}, {'blockCode': '885587.DDBK', 'score': 180.56, 'scoreChangePre': 67.71, 'scoreChange': -22.57, 'dataType': 0, 'industryType': 0, 'isTrack': 0, 'isPpp': 0}, {'blockCode': '885873.DDBK', 'score': 165.51, 'scoreChangePre': 113.79, 'scoreChange': -20.69, 'dataType': 0, 'industryType': 0, 'isTrack': 0, 'isPpp': 0}, {'blockCode': '886072.DDBK', 'score': 129.18, 'scoreChangePre': 92.5, 'scoreChange': 7.97, 'dataType': 0, 'industryType': 0, 'isTrack': 0, 'isPpp': 0}, {'blockCode': '885560.DDBK', 'score': 113.34, 'scoreChangePre': -32.38, 'scoreChange': -16.19, 'dataType': 0, 'industryType': 0, 'isTrack': 0, 'isPpp': 0}, {'blockCode': '885740.DDBK', 'score': 112.42, 'scoreChangePre': -14.06, 'scoreChange': 14.05, 'dataType': 0, 'industryType': 0, 'isTrack': 0, 'isPpp': 0}]"
2024-09-10,000038.BKDL,240.3,159.4,8.77,1,1,0,"[{'blockCode': '885694.DDBK', 'score': 254.35, 'scoreChangePre': 175.17, 'scoreChange': 4.32, 'dataType': 0, 'industryType': 0, 'isTrack': 1, 'isPpp': 1}, {'blockCode': '883304.DDBK', 'score': 148.46, 'scoreChangePre': 102.3, 'scoreChange': -6.24, 'dataType': 0, 'industryType': 0, 'isTrack': 1, 'isPpp': 0}]"
2024-09-10,000007.BKDL,230.08,91.32,10.67,1,1,0,"[{'blockCode': '885478.DDBK', 'score': 374.68, 'scoreChangePre': 324.42, 'scoreChange': 4.56, 'dataType': 0, 'industryType': 0, 'isTrack': 1, 'isPpp': 0}, {'blockCode': '885984.DDBK', 'score': 238.34, 'scoreChangePre': 148.96, 'scoreChange': -14.89, 'dataType': 0, 'industryType': 0, 'isTrack': 1, 'isPpp': 0}, {'blockCode': '885386.DDBK', 'score': 206.89, 'scoreChangePre': 62.07, 'scoreChange': 10.35, 'dataType': 0, 'industryType': 0, 'isTrack': 1, 'isPpp': 0}, {'blockCode': '885991.DDBK', 'score': 177.92, 'scoreChangePre': 41.37, 'scoreChange': -8.28, 'dataType': 0, 'industryType': 0, 'isTrack': 1, 'isPpp': 0}, {'blockCode': '885750.DDBK', 'score': 140.91, 'scoreChangePre': -80.52, 'scoreChange': 20.13, 'dataType': 0, 'industryType': 0, 'isTrack': 1, 'isPpp': 0}, {'blockCode': '885915.DDBK', 'score': 126.24, 'scoreChangePre': -88.36, 'scoreChange': -31.56, 'dataType': 0, 'industryType': 0, 'isTrack': 1, 'isPpp': 0}, {'blockCode': '885760.DDBK', 'score': 112.12, 'scoreChangePre': -16.02, 'scoreChange': -16.02, 'dataType': 0, 'industryType': 0, 'isTrack': 1, 'isPpp': 0}, {'blockCode': '885758.DDBK', 'score': 111.72, 'scoreChangePre': 37.24, 'scoreChange': 0.0, 'dataType': 0, 'industryType': 0, 'isTrack': 1, 'isPpp': 0}, {'blockCode': '885782.DDBK', 'score': 95.49, 'scoreChangePre': 57.3, 'scoreChange': 19.1, 'dataType': 0, 'industryType': 0, 'isTrack': 1, 'isPpp': 0}, {'blockCode': '885978.DDBK', 'score': 62.07, 'scoreChangePre': -62.06, 'scoreChange': 62.07, 'dataType': 0, 'industryType': 0, 'isTrack': 1, 'isPpp': 0}, {'blockCode': '885439.DDBK', 'score': 41.38, 'scoreChangePre': -186.2, 'scoreChange': 0.0, 'dataType': 0, 'industryType': 0, 'isTrack': 1, 'isPpp': 0}]"
2024-09-10,000015.BKDL,224.11,103.0,11.45,1,1,0,"[{'blockCode': '885749.DDBK', 'score': 386.19, 'scoreChangePre': 303.43, 'scoreChange': 0.0, 'dataType': 0, 'industryType': 0, 'isTrack': 1, 'isPpp': 0}, {'blockCode': '885456.DDBK', 'score': 299.99, 'scoreChangePre': 222.41, 'scoreChange': 10.35, 'dataType': 0, 'industryType': 0, 'isTrack': 1, 'isPpp': 0}, {'blockCode': '885413.DDBK', 'score': 271.69, 'scoreChangePre': 156.93, 'scoreChange': -2.34, 'dataType': 0, 'industryType': 0, 'isTrack': 1, 'isPpp': 0}, {'blockCode': '885657.DDBK', 'score': 248.27, 'scoreChangePre': 110.34, 'scoreChange': 0.0, 'dataType': 0, 'industryType': 0, 'isTrack': 1, 'isPpp': 0}, {'blockCode': '885835.DDBK', 'score': 149.9, 'scoreChangePre': 56.21, 'scoreChange': 4.69, 'dataType': 0, 'industryType': 0, 'isTrack': 1, 'isPpp': 0}, {'blockCode': '885623.DDBK', 'score': 140.2, 'scoreChangePre': 17.53, 'scoreChange': 8.76, 'dataType': 0, 'industryType': 0, 'isTrack': 1, 'isPpp': 0}, {'blockCode': '885814.DDBK', 'score': 85.94, 'scoreChangePre': -28.64, 'scoreChange': 0.0, 'dataType': 0, 'industryType': 0, 'isTrack': 1, 'isPpp': 0}, {'blockCode': '885570.DDBK', 'score': 68.6, 'scoreChangePre': -68.6, 'scoreChange': -19.6, 'dataType': 0, 'industryType': 0, 'isTrack': 1, 'isPpp': 0}, {'blockCode': '885620.DDBK', 'score': 65.02, 'scoreChangePre': -35.47, 'scoreChange': -5.91, 'dataType': 0, 'industryType': 0, 'isTrack': 1, 'isPpp': 0}, {'blockCode': '885767.DDBK', 'score': 43.81, 'scoreChangePre': -131.44, 'scoreChange': 0.0, 'dataType': 0, 'industryType': 0, 'isTrack': 1, 'isPpp': 0}]"
2024-09-10,000009.BKDL,219.06,36.75,11.31,1,1,0,"[{'blockCode': '885983.DDBK', 'score': 599.47, 'scoreChangePre': 472.31, 'scoreChange': 0.0, 'dataType': 0, 'industryType': 0, 'isTrack': 1, 'isPpp': 0}, {'blockCode': '885947.DDBK', 'score': 372.4, 'scoreChangePre': 53.2, 'scoreChange': 0.0, 'dataType': 0, 'industryType': 0, 'isTrack': 1, 'isPpp': 0}, {'blockCode': '885402.DDBK', 'score': 347.57, 'scoreChangePre': 111.72, 'scoreChange': 6.2, 'dataType': 0, 'industryType': 0, 'isTrack': 1, 'isPpp': 0}, {'blockCode': '886028.DDBK', 'score': 319.2, 'scoreChangePre': 177.33, 'scoreChange': 0.0, 'dataType': 0, 'industryType': 0, 'isTrack': 1, 'isPpp': 0}, {'blockCode': '885765.DDBK', 'score': 282.75, 'scoreChangePre': 82.76, 'scoreChange': 6.9, 'dataType': 0, 'industryType': 0, 'isTrack': 1, 'isPpp': 0}, {'blockCode': '885981.DDBK', 'score': 279.3, 'scoreChangePre': 93.1, 'scoreChange': 31.03, 'dataType': 0, 'industryType': 0, 'isTrack': 1, 'isPpp': 0}, {'blockCode': '886024.DDBK', 'score': 260.68, 'scoreChangePre': 186.2, 'scoreChange': 0.0, 'dataType': 0, 'industryType': 0, 'isTrack': 1, 'isPpp': 0}, {'blockCode': '885993.DDBK', 'score': 234.47, 'scoreChangePre': 13.79, 'scoreChange': 13.79, 'dataType': 0, 'industryType': 0, 'isTrack': 1, 'isPpp': 0}, {'blockCode': '885539.DDBK', 'score': 226.78, 'scoreChangePre': 23.87, 'scoreChange': 14.32, 'dataType': 0, 'industryType': 0, 'isTrack': 1, 'isPpp': 0}, {'blockCode': '885880.DDBK', 'score': 207.41, 'scoreChangePre': 61.28, 'scoreChange': 0.0, 'dataType': 0, 'industryType': 0, 'isTrack': 1, 'isPpp': 0}, {'blockCode': '886022.DDBK', 'score': 206.89, 'scoreChangePre': -31.03, 'scoreChange': 20.69, 'dataType': 0, 'industryType': 0, 'isTrack': 1, 'isPpp': 0}, {'blockCode': '885818.DDBK', 'score': 194.3, 'scoreChangePre': 48.58, 'scoreChange': 16.2, 'dataType': 0, 'industryType': 0, 'isTrack': 1, 'isPpp': 0}, {'blockCode': '885703.DDBK', 'score': 187.88, 'scoreChangePre': -53.68, 'scoreChange': 0.0, 'dataType': 0, 'industryType': 0, 'isTrack': 1, 'isPpp': 0}, {'blockCode': '885490.DDBK', 'score': 183.15, 'scoreChangePre': -219.77, 'scoreChange': 24.42, 'dataType': 0, 'industryType': 0, 'isTrack': 1, 'isPpp': 0}, {'blockCode': '885917.DDBK', 'score': 140.53, 'scoreChangePre': -126.47, 'scoreChange': 14.05, 'dataType': 0, 'industryType': 0, 'isTrack': 1, 'isPpp': 0}, {'blockCode': '885883.DDBK', 'score': 131.44, 'scoreChangePre': -21.9, 'scoreChange': -43.81, 'dataType': 0, 'industryType': 0, 'isTrack': 1, 'isPpp': 0}, {'blockCode': '885994.DDBK', 'score': 126.24, 'scoreChangePre': -37.87, 'scoreChange': 0.0, 'dataType': 0, 'industryType': 0, 'isTrack': 1, 'isPpp': 0}, {'blockCode': '885913.DDBK', 'score': 124.13, 'scoreChangePre': -113.79, 'scoreChange': 0.0, 'dataType': 0, 'industryType': 0, 'isTrack': 1, 'isPpp': 0}, {'blockCode': '885985.DDBK', 'score': 124.13, 'scoreChangePre': -82.76, 'scoreChange': 0.0, 'dataType': 0, 'industryType': 0, 'isTrack': 1, 'isPpp': 0}, {'blockCode': '885838.DDBK', 'score': 121.25, 'scoreChangePre': -86.6, 'scoreChange': -17.32, 'dataType': 0, 'industryType': 0, 'isTrack': 1, 'isPpp': 0}, {'blockCode': '886025.DDBK', 'score': 119.17, 'scoreChangePre': 0.0, 'scoreChange': 0.0, 'dataType': 0, 'industryType': 0, 'isTrack': 1, 'isPpp': 0}, {'blockCode': '885900.DDBK', 'score': 114.58, 'scoreChangePre': -28.65, 'scoreChange': 28.64, 'dataType': 0, 'industryType': 0, 'isTrack': 1, 'isPpp': 0}, {'blockCode': '885952.DDBK', 'score': 111.16, 'scoreChangePre': -100.05, 'scoreChange': 22.23, 'dataType': 0, 'industryType': 0, 'isTrack': 1, 'isPpp': 0}, {'blockCode': '885805.DDBK', 'score': 106.4, 'scoreChangePre': -106.4, 'scoreChange': 0.0, 'dataType': 0, 'industryType': 0, 'isTrack': 1, 'isPpp': 0}, {'blockCode': '886015.DDBK', 'score': 95.49, 'scoreChangePre': -81.16, 'scoreChange': 0.0, 'dataType': 0, 'industryType': 0, 'isTrack': 1, 'isPpp': 0}, {'blockCode': '885661.DDBK', 'score': 94.58, 'scoreChangePre': -130.04, 'scoreChange': 11.82, 'dataType': 0, 'industryType': 0, 'isTrack': 1, 'isPpp': 0}, {'blockCode': '885989.DDBK', 'score': 93.88, 'scoreChangePre': -93.88, 'scoreChange': 0.0, 'dataType': 0, 'industryType': 0, 'isTrack': 1, 'isPpp': 0}, {'blockCode': '886018.DDBK', 'score': 93.1, 'scoreChangePre': -465.5, 'scoreChange': 0.0, 'dataType': 0, 'industryType': 0, 'isTrack': 1, 'isPpp': 0}, {'blockCode': '885955.DDBK', 'score': 90.28, 'scoreChangePre': -90.28, 'scoreChange': 0.0, 'dataType': 0, 'industryType': 0, 'isTrack': 1, 'isPpp': 0}, {'blockCode': '886029.DDBK', 'score': 87.62, 'scoreChangePre': -0.0, 'scoreChange': 0.0, 'dataType': 0, 'industryType': 0, 'isTrack': 1, 'isPpp': 0}, {'blockCode': '886077.DDBK', 'score': 87.28, 'scoreChangePre': -58.19, 'scoreChange': -5.82, 'dataType': 0, 'industryType': 0, 'isTrack': 1, 'isPpp': 0}, {'blockCode': '885769.DDBK', 'score': 86.6, 'scoreChangePre': -329.1, 'scoreChange': 17.32, 'dataType': 0, 'industryType': 0, 'isTrack': 1, 'isPpp': 0}, {'blockCode': '885403.DDBK', 'score': 85.23, 'scoreChangePre': -122.28, 'scoreChange': 0.0, 'dataType': 0, 'industryType': 0, 'isTrack': 1, 'isPpp': 0}, {'blockCode': '886051.DDBK', 'score': 84.64, 'scoreChangePre': -33.85, 'scoreChange': 0.0, 'dataType': 0, 'industryType': 0, 'isTrack': 1, 'isPpp': 0}, {'blockCode': '885852.DDBK', 'score': 74.48, 'scoreChangePre': -0.0, 'scoreChange': 0.0, 'dataType': 0, 'industryType': 0, 'isTrack': 1, 'isPpp': 0}, {'blockCode': '885954.DDBK', 'score': 70.93, 'scoreChangePre': -56.75, 'scoreChange': -7.1, 'dataType': 0, 'industryType': 0, 'isTrack': 1, 'isPpp': 0}, {'blockCode': '885578.DDBK', 'score': 70.26, 'scoreChangePre': -267.01, 'scoreChange': -14.06, 'dataType': 0, 'industryType': 0, 'isTrack': 1, 'isPpp': 0}, {'blockCode': '885845.DDBK', 'score': 67.71, 'scoreChangePre': -54.17, 'scoreChange': -13.54, 'dataType': 0, 'industryType': 0, 'isTrack': 1, 'isPpp': 0}, {'blockCode': '885926.DDBK', 'score': 64.77, 'scoreChangePre': -194.29, 'scoreChange': -32.38, 'dataType': 0, 'industryType': 0, 'isTrack': 1, 'isPpp': 0}, {'blockCode': '885879.DDBK', 'score': 59.8, 'scoreChangePre': -125.04, 'scoreChange': 5.44, 'dataType': 0, 'industryType': 0, 'isTrack': 1, 'isPpp': 0}, {'blockCode': '885856.DDBK', 'score': 47.04, 'scoreChangePre': -109.76, 'scoreChange': 0.0, 'dataType': 0, 'industryType': 0, 'isTrack': 1, 'isPpp': 0}, {'blockCode': '885927.DDBK', 'score': 46.55, 'scoreChangePre': -186.2, 'scoreChange': 0.0, 'dataType': 0, 'industryType': 0, 'isTrack': 1, 'isPpp': 0}, {'blockCode': '885508.DDBK', 'score': 24.03, 'scoreChangePre': -72.07, 'scoreChange': 0.0, 'dataType': 0, 'industryType': 0, 'isTrack': 1, 'isPpp': 0}, {'blockCode': '886027.DDBK', 'score': 22.57, 'scoreChangePre': -135.42, 'scoreChange': -22.57, 'dataType': 0, 'industryType': 0, 'isTrack': 1, 'isPpp': 0}, {'blockCode': '885846.DDBK', 'score': 0.0, 'scoreChangePre': -186.2, 'scoreChange': 0.0, 'dataType': 0, 'industryType': 0, 'isTrack': 1, 'isPpp': 0}, {'blockCode': '886056.DDBK', 'score': 0.0, 'scoreChangePre': -229.17, 'scoreChange': -28.65, 'dataType': 0, 'industryType': 0, 'isTrack': 1, 'isPpp': 0}]"
2024-09-10,000036.BKDL,217.89,118.85,19.8,1,0,0,"[{'blockCode': '886063.DDBK', 'score': 319.2, 'scoreChangePre': 266.0, 'scoreChange': 0.0, 'dataType': 0, 'industryType': 0, 'isTrack': 0, 'isPpp': 0}, {'blockCode': '885544.DDBK', 'score': 205.88, 'scoreChangePre': 119.09, 'scoreChange': 12.11, 'dataType': 0, 'industryType': 0, 'isTrack': 0, 'isPpp': 0}]"
2024-09-10,000010.BKDL,217.07,68.11,13.36,1,1,0,"[{'blockCode': '885910.DDBK', 'score': 446.88, 'scoreChangePre': 347.57, 'scoreChange': 0.0, 'dataType': 0, 'industryType': 0, 'isTrack': 1, 'isPpp': 0}, {'blockCode': '885768.DDBK', 'score': 425.6, 'scoreChangePre': 425.6, 'scoreChange': 0.0, 'dataType': 0, 'industryType': 0, 'isTrack': 1, 'isPpp': 0}, {'blockCode': '885888.DDBK', 'score': 335.16, 'scoreChangePre': 260.68, 'scoreChange': 18.62, 'dataType': 0, 'industryType': 0, 'isTrack': 1, 'isPpp': 0}, {'blockCode': '885899.DDBK', 'score': 297.92, 'scoreChangePre': 231.72, 'scoreChange': 33.1, 'dataType': 0, 'industryType': 0, 'isTrack': 1, 'isPpp': 0}, {'blockCode': '885406.DDBK', 'score': 279.3, 'scoreChangePre': 106.4, 'scoreChange': 0.0, 'dataType': 0, 'industryType': 0, 'isTrack': 1, 'isPpp': 0}, {'blockCode': '885990.DDBK', 'score': 275.85, 'scoreChangePre': 151.72, 'scoreChange': 13.79, 'dataType': 0, 'industryType': 0, 'isTrack': 1, 'isPpp': 0}, {'blockCode': '885851.DDBK', 'score': 255.36, 'scoreChangePre': 127.68, 'scoreChange': 42.56, 'dataType': 0, 'industryType': 0, 'isTrack': 1, 'isPpp': 0}, {'blockCode': '885543.DDBK', 'score': 238.34, 'scoreChangePre': 163.86, 'scoreChange': 22.35, 'dataType': 0, 'industryType': 0, 'isTrack': 1, 'isPpp': 0}, {'blockCode': '885420.DDBK', 'score': 213.45, 'scoreChangePre': 75.69, 'scoreChange': 12.11, 'dataType': 0, 'industryType': 0, 'isTrack': 1, 'isPpp': 0}, {'blockCode': '885525.DDBK', 'score': 193.65, 'scoreChangePre': 119.17, 'scoreChange': -14.89, 'dataType': 0, 'industryType': 0, 'isTrack': 1, 'isPpp': 0}, {'blockCode': '885705.DDBK', 'score': 184.11, 'scoreChangePre': -11.16, 'scoreChange': 2.79, 'dataType': 0, 'industryType': 0, 'isTrack': 1, 'isPpp': 0}, {'blockCode': '885784.DDBK', 'score': 177.79, 'scoreChangePre': -9.61, 'scoreChange': 7.21, 'dataType': 0, 'industryType': 0, 'isTrack': 1, 'isPpp': 0}, {'blockCode': '885780.DDBK', 'score': 165.51, 'scoreChangePre': 0.0, 'scoreChange': -41.38, 'dataType': 0, 'industryType': 0, 'isTrack': 1, 'isPpp': 0}, {'blockCode': '885988.DDBK', 'score': 159.6, 'scoreChangePre': 15.2, 'scoreChange': 0.0, 'dataType': 0, 'industryType': 0, 'isTrack': 1, 'isPpp': 0}, {'blockCode': '885629.DDBK', 'score': 152.78, 'scoreChangePre': 38.2, 'scoreChange': 0.0, 'dataType': 0, 'industryType': 0, 'isTrack': 1, 'isPpp': 0}, {'blockCode': '885904.DDBK', 'score': 129.53, 'scoreChangePre': 64.76, 'scoreChange': 0.0, 'dataType': 0, 'industryType': 0, 'isTrack': 1, 'isPpp': 0}, {'blockCode': '885911.DDBK', 'score': 117.6, 'scoreChangePre': -156.8, 'scoreChange': -19.6, 'dataType': 0, 'industryType': 0, 'isTrack': 1, 'isPpp': 0}, {'blockCode': '885951.DDBK', 'score': 78.03, 'scoreChangePre': -177.33, 'scoreChange': -7.09, 'dataType': 0, 'industryType': 0, 'isTrack': 1, 'isPpp': 0}, {'blockCode': '885462.DDBK', 'score': 65.72, 'scoreChangePre': -131.43, 'scoreChange': 0.0, 'dataType': 0, 'industryType': 0, 'isTrack': 1, 'isPpp': 0}, {'blockCode': '886016.DDBK', 'score': 49.65, 'scoreChangePre': -99.31, 'scoreChange': 0.0, 'dataType': 0, 'industryType': 0, 'isTrack': 1, 'isPpp': 0}]"
2024-09-10,000022.BKDL,215.53,128.23,13.64,1,1,0,"[{'blockCode': '885650.DDBK', 'score': 355.47, 'scoreChangePre': 253.91, 'scoreChange': -16.93, 'dataType': 0, 'industryType': 0, 'isTrack': 1, 'isPpp': 0}, {'blockCode': '885931.DDBK', 'score': 286.46, 'scoreChangePre': 114.58, 'scoreChange': 0.0, 'dataType': 0, 'industryType': 0, 'isTrack': 1, 'isPpp': 0}, {'blockCode': '885937.DDBK', 'score': 266.0, 'scoreChangePre': 212.8, 'scoreChange': 53.2, 'dataType': 0, 'industryType': 0, 'isTrack': 1, 'isPpp': 0}, {'blockCode': '885551.DDBK', 'score': 186.2, 'scoreChangePre': 53.2, 'scoreChange': -26.6, 'dataType': 0, 'industryType': 0, 'isTrack': 1, 'isPpp': 0}, {'blockCode': '885912.DDBK', 'score': 186.2, 'scoreChangePre': 148.96, 'scoreChange': 0.0, 'dataType': 0, 'industryType': 0, 'isTrack': 1, 'isPpp': 0}, {'blockCode': '885882.DDBK', 'score': 156.8, 'scoreChangePre': 52.27, 'scoreChange': 13.07, 'dataType': 0, 'industryType': 0, 'isTrack': 1, 'isPpp': 0}, {'blockCode': '885829.DDBK', 'score': 148.96, 'scoreChangePre': -74.48, 'scoreChange': 0.0, 'dataType': 0, 'industryType': 0, 'isTrack': 1, 'isPpp': 0}, {'blockCode': '885633.DDBK', 'score': 135.42, 'scoreChangePre': 33.86, 'scoreChange': -33.85, 'dataType': 0, 'industryType': 0, 'isTrack': 1, 'isPpp': 0}, {'blockCode': '885901.DDBK', 'score': 135.42, 'scoreChangePre': 79.0, 'scoreChange': -11.28, 'dataType': 0, 'industryType': 0, 'isTrack': 1, 'isPpp': 0}, {'blockCode': '885903.DDBK', 'score': 106.4, 'scoreChangePre': 106.4, 'scoreChange': 0.0, 'dataType': 0, 'industryType': 0, 'isTrack': 1, 'isPpp': 0}, {'blockCode': '885652.DDBK', 'score': 53.2, 'scoreChangePre': 53.2, 'scoreChange': 0.0, 'dataType': 0, 'industryType': 0, 'isTrack': 1, 'isPpp': 0}]"
2024-09-10,000017.BKDL,195.45,63.06,16.68,1,1,0,"[{'blockCode': '885893.DDBK', 'score': 365.1, 'scoreChangePre': 350.5, 'scoreChange': 14.61, 'dataType': 0, 'industryType': 0, 'isTrack': 1, 'isPpp': 0}, {'blockCode': '885493.DDBK', 'score': 228.41, 'scoreChangePre': 69.52, 'scoreChange': 0.0, 'dataType': 0, 'industryType': 0, 'isTrack': 1, 'isPpp': 0}, {'blockCode': '886021.DDBK', 'score': 183.09, 'scoreChangePre': 54.55, 'scoreChange': 9.18, 'dataType': 0, 'industryType': 0, 'isTrack': 1, 'isPpp': 1}, {'blockCode': '885595.DDBK', 'score': 175.63, 'scoreChangePre': 53.66, 'scoreChange': 8.13, 'dataType': 0, 'industryType': 0, 'isTrack': 1, 'isPpp': 0}, {'blockCode': '885741.DDBK', 'score': 144.51, 'scoreChangePre': 33.35, 'scoreChange': 22.23, 'dataType': 0, 'industryType': 0, 'isTrack': 1, 'isPpp': 1}, {'blockCode': '885697.DDBK', 'score': 120.13, 'scoreChangePre': -24.02, 'scoreChange': 0.0, 'dataType': 0, 'industryType': 0, 'isTrack': 1, 'isPpp': 0}]"
2024-09-10,000037.BKDL,193.48,133.04,12.61,1,1,0,"[{'blockCode': '885520.DDBK', 'score': 188.21, 'scoreChangePre': 139.55, 'scoreChange': 6.42, 'dataType': 0, 'industryType': 0, 'isTrack': 1, 'isPpp': 1}, {'blockCode': '883303.DDBK', 'score': 172.48, 'scoreChangePre': 131.32, 'scoreChange': -1.96, 'dataType': 0, 'industryType': 0, 'isTrack': 1, 'isPpp': 0}, {'blockCode': '885745.DDBK', 'score': 156.04, 'scoreChangePre': 110.15, 'scoreChange': -1.31, 'dataType': 0, 'industryType': 0, 'isTrack': 1, 'isPpp': 0}, {'blockCode': '883300.DDBK', 'score': 151.81, 'scoreChangePre': 111.49, 'scoreChange': 0.0, 'dataType': 0, 'industryType': 0, 'isTrack': 1, 'isPpp': 0}, {'blockCode': '883302.DDBK', 'score': 139.18, 'scoreChangePre': 112.85, 'scoreChange': 3.76, 'dataType': 0, 'industryType': 0, 'isTrack': 1, 'isPpp': 0}, {'blockCode': '883301.DDBK', 'score': 135.42, 'scoreChangePre': 121.88, 'scoreChange': 13.54, 'dataType': 0, 'industryType': 0, 'isTrack': 1, 'isPpp': 0}, {'blockCode': '885663.DDBK', 'score': 99.95, 'scoreChangePre': 67.71, 'scoreChange': -3.23, 'dataType': 0, 'industryType': 0, 'isTrack': 1, 'isPpp': 0}]"
2024-09-10,000021.BKDL,179.52,-49.65,22.92,1,1,0,"[{'blockCode': '885540.DDBK', 'score': 212.02, 'scoreChangePre': 10.87, 'scoreChange': 21.74, 'dataType': 0, 'industryType': 0, 'isTrack': 1, 'isPpp': 0}, {'blockCode': '885968.DDBK', 'score': 196.0, 'scoreChangePre': 156.8, 'scoreChange': 39.2, 'dataType': 0, 'industryType': 0, 'isTrack': 1, 'isPpp': 0}, {'blockCode': '885909.DDBK', 'score': 91.67, 'scoreChangePre': -229.17, 'scoreChange': 0.0, 'dataType': 0, 'industryType': 0, 'isTrack': 1, 'isPpp': 0}]"
2024-09-10,000001.BKDL,175.39,120.13,16.82,1,1,0,"[{'blockCode': '885355.DDBK', 'score': 207.41, 'scoreChangePre': 150.84, 'scoreChange': -9.43, 'dataType': 0, 'industryType': 0, 'isTrack': 1, 'isPpp': 0}, {'blockCode': '885343.DDBK', 'score': 199.5, 'scoreChangePre': 199.5, 'scoreChange': 26.6, 'dataType': 0, 'industryType': 0, 'isTrack': 1, 'isPpp': 0}, {'blockCode': '885972.DDBK', 'score': 171.88, 'scoreChangePre': 171.88, 'scoreChange': -19.09, 'dataType': 0, 'industryType': 0, 'isTrack': 1, 'isPpp': 0}, {'blockCode': '885284.DDBK', 'score': 145.72, 'scoreChangePre': 129.53, 'scoreChange': 32.38, 'dataType': 0, 'industryType': 0, 'isTrack': 1, 'isPpp': 0}, {'blockCode': '885552.DDBK', 'score': 123.2, 'scoreChangePre': 84.0, 'scoreChange': 5.6, 'dataType': 0, 'industryType': 0, 'isTrack': 1, 'isPpp': 0}, {'blockCode': '885530.DDBK', 'score': 114.58, 'scoreChangePre': 47.74, 'scoreChange': 9.54, 'dataType': 0, 'industryType': 0, 'isTrack': 1, 'isPpp': 0}, {'blockCode': '885970.DDBK', 'score': 99.31, 'scoreChangePre': 99.31, 'scoreChange': 0.0, 'dataType': 0, 'industryType': 0, 'isTrack': 1, 'isPpp': 0}, {'blockCode': '885973.DDBK', 'score': 99.31, 'scoreChangePre': 74.48, 'scoreChange': 0.0, 'dataType': 0, 'industryType': 0, 'isTrack': 1, 'isPpp': 0}, {'blockCode': '885969.DDBK', 'score': 90.28, 'scoreChangePre': 45.14, 'scoreChange': 0.0, 'dataType': 0, 'industryType': 0, 'isTrack': 1, 'isPpp': 0}, {'blockCode': '885971.DDBK', 'score': 82.76, 'scoreChangePre': 82.76, 'scoreChange': 0.0, 'dataType': 0, 'industryType': 0, 'isTrack': 1, 'isPpp': 0}, {'blockCode': '885865.DDBK', 'score': 79.8, 'scoreChangePre': 53.2, 'scoreChange': 0.0, 'dataType': 0, 'industryType': 0, 'isTrack': 1, 'isPpp': 0}]"
2024-09-10,000028.BKDL,162.08,42.45,23.15,1,1,0,"[{'blockCode': '885699.DDBK', 'score': 150.5, 'scoreChangePre': 42.45, 'scoreChange': 11.57, 'dataType': 0, 'industryType': 0, 'isTrack': 1, 'isPpp': 1}]"
2024-09-10,000024.BKDL,156.92,-8.84,11.05,1,1,0,"[{'blockCode': '885706.DDBK', 'score': 327.71, 'scoreChangePre': 238.33, 'scoreChange': 14.89, 'dataType': 0, 'industryType': 0, 'isTrack': 1, 'isPpp': 0}, {'blockCode': '885962.DDBK', 'score': 223.44, 'scoreChangePre': 18.62, 'scoreChange': 18.62, 'dataType': 0, 'industryType': 0, 'isTrack': 1, 'isPpp': 0}, {'blockCode': '885839.DDBK', 'score': 101.56, 'scoreChangePre': -67.71, 'scoreChange': -33.86, 'dataType': 0, 'industryType': 0, 'isTrack': 1, 'isPpp': 0}, {'blockCode': '885640.DDBK', 'score': 93.1, 'scoreChangePre': 93.1, 'scoreChange': 0.0, 'dataType': 0, 'industryType': 0, 'isTrack': 1, 'isPpp': 0}, {'blockCode': '885505.DDBK', 'score': 76.39, 'scoreChangePre': -114.58, 'scoreChange': -38.19, 'dataType': 0, 'industryType': 0, 'isTrack': 1, 'isPpp': 0}, {'blockCode': '885967.DDBK', 'score': 55.17, 'scoreChangePre': -68.96, 'scoreChange': 0.0, 'dataType': 0, 'industryType': 0, 'isTrack': 1, 'isPpp': 0}, {'blockCode': '885812.DDBK', 'score': 49.65, 'scoreChangePre': -161.38, 'scoreChange': 0.0, 'dataType': 0, 'industryType': 0, 'isTrack': 1, 'isPpp': 0}, {'blockCode': '885863.DDBK', 'score': 47.54, 'scoreChangePre': 31.69, 'scoreChange': 0.0, 'dataType': 0, 'industryType': 0, 'isTrack': 1, 'isPpp': 0}, {'blockCode': '885995.DDBK', 'score': 40.26, 'scoreChangePre': -120.78, 'scoreChange': 0.0, 'dataType': 0, 'industryType': 0, 'isTrack': 1, 'isPpp': 0}, {'blockCode': '885811.DDBK', 'score': 37.24, 'scoreChangePre': -74.48, 'scoreChange': 0.0, 'dataType': 0, 'industryType': 0, 'isTrack': 1, 'isPpp': 0}, {'blockCode': '885573.DDBK', 'score': 23.28, 'scoreChangePre': -93.1, 'scoreChange': 0.0, 'dataType': 0, 'industryType': 0, 'isTrack': 1, 'isPpp': 0}, {'blockCode': '885808.DDBK', 'score': 0.0, 'scoreChangePre': -169.27, 'scoreChange': 0.0, 'dataType': 0, 'industryType': 0, 'isTrack': 1, 'isPpp': 0}, {'blockCode': '885810.DDBK', 'score': 0.0, 'scoreChangePre': -62.07, 'scoreChange': -62.07, 'dataType': 0, 'industryType': 0, 'isTrack': 1, 'isPpp': 0}, {'blockCode': '885877.DDBK', 'score': 0.0, 'scoreChangePre': -124.13, 'scoreChange': -62.07, 'dataType': 0, 'industryType': 0, 'isTrack': 1, 'isPpp': 0}]"
2024-09-09,000021.BKDL,229.17,202.43,11.46,1,1,0,"[{'blockCode': '885909.DDBK', 'score': 320.84, 'scoreChangePre': 275.01, 'scoreChange': 0.0, 'dataType': 0, 'industryType': 0, 'isTrack': 1, 'isPpp': 0}, {'blockCode': '885540.DDBK', 'score': 201.15, 'scoreChangePre': 179.4, 'scoreChange': 5.44, 'dataType': 0, 'industryType': 0, 'isTrack': 1, 'isPpp': 0}, {'blockCode': '885968.DDBK', 'score': 39.2, 'scoreChangePre': -0.0, 'scoreChange': 0.0, 'dataType': 0, 'industryType': 0, 'isTrack': 1, 'isPpp': 0}]"
2024-09-09,000009.BKDL,182.31,151.22,7.77,1,1,0,"[{'blockCode': '886018.DDBK', 'score': 558.6, 'scoreChangePre': 558.6, 'scoreChange': 0.0, 'dataType': 0, 'industryType': 0, 'isTrack': 1, 'isPpp': 0}, {'blockCode': '885769.DDBK', 'score': 415.7, 'scoreChangePre': 363.74, 'scoreChange': 0.0, 'dataType': 0, 'industryType': 0, 'isTrack': 1, 'isPpp': 0}, {'blockCode': '885490.DDBK', 'score': 402.92, 'scoreChangePre': 378.5, 'scoreChange': -12.21, 'dataType': 0, 'industryType': 0, 'isTrack': 1, 'isPpp': 0}, {'blockCode': '885578.DDBK', 'score': 337.27, 'scoreChangePre': 309.16, 'scoreChange': 0.0, 'dataType': 0, 'industryType': 0, 'isTrack': 1, 'isPpp': 0}, {'blockCode': '885947.DDBK', 'score': 319.2, 'scoreChangePre': 319.2, 'scoreChange': 0.0, 'dataType': 0, 'industryType': 0, 'isTrack': 1, 'isPpp': 0}, {'blockCode': '885917.DDBK', 'score': 267.0, 'scoreChangePre': 231.87, 'scoreChange': -7.03, 'dataType': 0, 'industryType': 0, 'isTrack': 1, 'isPpp': 0}, {'blockCode': '885926.DDBK', 'score': 259.06, 'scoreChangePre': 259.06, 'scoreChange': 64.76, 'dataType': 0, 'industryType': 0, 'isTrack': 1, 'isPpp': 0}, {'blockCode': '885703.DDBK', 'score': 241.56, 'scoreChangePre': 221.43, 'scoreChange': 6.71, 'dataType': 0, 'industryType': 0, 'isTrack': 1, 'isPpp': 0}, {'blockCode': '885913.DDBK', 'score': 237.92, 'scoreChangePre': 206.89, 'scoreChange': 20.69, 'dataType': 0, 'industryType': 0, 'isTrack': 1, 'isPpp': 0}, {'blockCode': '886022.DDBK', 'score': 237.92, 'scoreChangePre': 206.89, 'scoreChange': -10.35, 'dataType': 0, 'industryType': 0, 'isTrack': 1, 'isPpp': 0}, {'blockCode': '885402.DDBK', 'score': 235.85, 'scoreChangePre': 204.82, 'scoreChange': 0.0, 'dataType': 0, 'industryType': 0, 'isTrack': 1, 'isPpp': 0}, {'blockCode': '885927.DDBK', 'score': 232.75, 'scoreChangePre': 201.72, 'scoreChange': -15.52, 'dataType': 0, 'industryType': 0, 'isTrack': 1, 'isPpp': 0}, {'blockCode': '886056.DDBK', 'score': 229.17, 'scoreChangePre': 229.17, 'scoreChange': 28.65, 'dataType': 0, 'industryType': 0, 'isTrack': 1, 'isPpp': 0}, {'blockCode': '885661.DDBK', 'score': 224.62, 'scoreChangePre': 189.15, 'scoreChange': 0.0, 'dataType': 0, 'industryType': 0, 'isTrack': 1, 'isPpp': 0}, {'blockCode': '885993.DDBK', 'score': 220.68, 'scoreChangePre': 179.3, 'scoreChange': -13.79, 'dataType': 0, 'industryType': 0, 'isTrack': 1, 'isPpp': 0}, {'blockCode': '885805.DDBK', 'score': 212.8, 'scoreChangePre': 212.8, 'scoreChange': 0.0, 'dataType': 0, 'industryType': 0, 'isTrack': 1, 'isPpp': 0}, {'blockCode': '885952.DDBK', 'score': 211.21, 'scoreChangePre': 166.74, 'scoreChange': 0.0, 'dataType': 0, 'industryType': 0, 'isTrack': 1, 'isPpp': 0}, {'blockCode': '885838.DDBK', 'score': 207.85, 'scoreChangePre': 190.53, 'scoreChange': 0.0, 'dataType': 0, 'industryType': 0, 'isTrack': 1, 'isPpp': 0}, {'blockCode': '885403.DDBK', 'score': 207.51, 'scoreChangePre': 174.16, 'scoreChange': -3.7, 'dataType': 0, 'industryType': 0, 'isTrack': 1, 'isPpp': 0}, {'blockCode': '885985.DDBK', 'score': 206.89, 'scoreChangePre': 206.89, 'scoreChange': 0.0, 'dataType': 0, 'industryType': 0, 'isTrack': 1, 'isPpp': 0}, {'blockCode': '885539.DDBK', 'score': 202.91, 'scoreChangePre': 179.04, 'scoreChange': 2.39, 'dataType': 0, 'industryType': 0, 'isTrack': 1, 'isPpp': 0}, {'blockCode': '885765.DDBK', 'score': 199.99, 'scoreChangePre': 172.4, 'scoreChange': 0.0, 'dataType': 0, 'industryType': 0, 'isTrack': 1, 'isPpp': 0}, {'blockCode': '885989.DDBK', 'score': 187.76, 'scoreChangePre': 156.47, 'scoreChange': -6.26, 'dataType': 0, 'industryType': 0, 'isTrack': 1, 'isPpp': 0}, {'blockCode': '885846.DDBK', 'score': 186.2, 'scoreChangePre': 139.65, 'scoreChange': -46.55, 'dataType': 0, 'industryType': 0, 'isTrack': 1, 'isPpp': 0}, {'blockCode': '885981.DDBK', 'score': 186.2, 'scoreChangePre': 155.17, 'scoreChange': 0.0, 'dataType': 0, 'industryType': 0, 'isTrack': 1, 'isPpp': 0}, {'blockCode': '885879.DDBK', 'score': 184.84, 'scoreChangePre': 163.09, 'scoreChange': -5.44, 'dataType': 0, 'industryType': 0, 'isTrack': 1, 'isPpp': 0}, {'blockCode': '885955.DDBK', 'score': 180.56, 'scoreChangePre': 180.56, 'scoreChange': -22.57, 'dataType': 0, 'industryType': 0, 'isTrack': 1, 'isPpp': 0}, {'blockCode': '886015.DDBK', 'score': 176.65, 'scoreChangePre': 152.78, 'scoreChange': 0.0, 'dataType': 0, 'industryType': 0, 'isTrack': 1, 'isPpp': 0}, {'blockCode': '885994.DDBK', 'score': 164.11, 'scoreChangePre': 138.86, 'scoreChange': 0.0, 'dataType': 0, 'industryType': 0, 'isTrack': 1, 'isPpp': 0}, {'blockCode': '886027.DDBK', 'score': 157.99, 'scoreChangePre': 112.85, 'scoreChange': 0.0, 'dataType': 0, 'industryType': 0, 'isTrack': 1, 'isPpp': 0}, {'blockCode': '885856.DDBK', 'score': 156.8, 'scoreChangePre': 109.76, 'scoreChange': 7.84, 'dataType': 0, 'industryType': 0, 'isTrack': 1, 'isPpp': 0}, {'blockCode': '885883.DDBK', 'score': 153.34, 'scoreChangePre': 131.43, 'scoreChange': 0.0, 'dataType': 0, 'industryType': 0, 'isTrack': 1, 'isPpp': 0}, {'blockCode': '885880.DDBK', 'score': 146.13, 'scoreChangePre': 98.99, 'scoreChange': 4.71, 'dataType': 0, 'industryType': 0, 'isTrack': 1, 'isPpp': 0}, {'blockCode': '885818.DDBK', 'score': 145.72, 'scoreChangePre': 80.95, 'scoreChange': 16.19, 'dataType': 0, 'industryType': 0, 'isTrack': 1, 'isPpp': 0}, {'blockCode': '886077.DDBK', 'score': 145.47, 'scoreChangePre': 128.01, 'scoreChange': -11.64, 'dataType': 0, 'industryType': 0, 'isTrack': 1, 'isPpp': 0}, {'blockCode': '885900.DDBK', 'score': 143.23, 'scoreChangePre': 57.29, 'scoreChange': 0.0, 'dataType': 0, 'industryType': 0, 'isTrack': 1, 'isPpp': 0}, {'blockCode': '886028.DDBK', 'score': 141.87, 'scoreChangePre': 141.87, 'scoreChange': -35.46, 'dataType': 0, 'industryType': 0, 'isTrack': 1, 'isPpp': 0}, {'blockCode': '885954.DDBK', 'score': 127.68, 'scoreChangePre': 99.31, 'scoreChange': -14.19, 'dataType': 0, 'industryType': 0, 'isTrack': 1, 'isPpp': 0}, {'blockCode': '885983.DDBK', 'score': 127.16, 'scoreChangePre': 72.66, 'scoreChange': 0.0, 'dataType': 0, 'industryType': 0, 'isTrack': 1, 'isPpp': 0}, {'blockCode': '885845.DDBK', 'score': 121.88, 'scoreChangePre': 121.88, 'scoreChange': -13.54, 'dataType': 0, 'industryType': 0, 'isTrack': 1, 'isPpp': 0}, {'blockCode': '886025.DDBK', 'score': 119.17, 'scoreChangePre': 59.59, 'scoreChange': -29.79, 'dataType': 0, 'industryType': 0, 'isTrack': 1, 'isPpp': 0}, {'blockCode': '886051.DDBK', 'score': 118.49, 'scoreChangePre': 67.71, 'scoreChange': 0.0, 'dataType': 0, 'industryType': 0, 'isTrack': 1, 'isPpp': 0}, {'blockCode': '885508.DDBK', 'score': 96.1, 'scoreChangePre': 96.1, 'scoreChange': 0.0, 'dataType': 0, 'industryType': 0, 'isTrack': 1, 'isPpp': 0}, {'blockCode': '886029.DDBK', 'score': 87.62, 'scoreChangePre': 43.81, 'scoreChange': 0.0, 'dataType': 0, 'industryType': 0, 'isTrack': 1, 'isPpp': 0}, {'blockCode': '885852.DDBK', 'score': 74.48, 'scoreChangePre': 74.48, 'scoreChange': 0.0, 'dataType': 0, 'industryType': 0, 'isTrack': 1, 'isPpp': 0}, {'blockCode': '886024.DDBK', 'score': 74.48, 'scoreChangePre': 74.48, 'scoreChange': 0.0, 'dataType': 0, 'industryType': 0, 'isTrack': 1, 'isPpp': 0}]"
2024-09-09,000024.BKDL,165.76,132.61,4.42,1,1,0,"[{'blockCode': '885812.DDBK', 'score': 211.03, 'scoreChangePre': 161.38, 'scoreChange': 12.42, 'dataType': 0, 'industryType': 0, 'isTrack': 1, 'isPpp': 0}, {'blockCode': '885962.DDBK', 'score': 204.82, 'scoreChangePre': 176.89, 'scoreChange': -18.62, 'dataType': 0, 'industryType': 0, 'isTrack': 1, 'isPpp': 0}, {'blockCode': '885505.DDBK', 'score': 190.97, 'scoreChangePre': 171.87, 'scoreChange': -38.2, 'dataType': 0, 'industryType': 0, 'isTrack': 1, 'isPpp': 0}, {'blockCode': '885808.DDBK', 'score': 169.27, 'scoreChangePre': 135.42, 'scoreChange': 0.0, 'dataType': 0, 'industryType': 0, 'isTrack': 1, 'isPpp': 0}, {'blockCode': '885839.DDBK', 'score': 169.27, 'scoreChangePre': 135.42, 'scoreChange': 0.0, 'dataType': 0, 'industryType': 0, 'isTrack': 1, 'isPpp': 0}, {'blockCode': '885995.DDBK', 'score': 161.04, 'scoreChangePre': 120.78, 'scoreChange': -20.13, 'dataType': 0, 'industryType': 0, 'isTrack': 1, 'isPpp': 0}, {'blockCode': '885877.DDBK', 'score': 124.13, 'scoreChangePre': 124.13, 'scoreChange': 0.0, 'dataType': 0, 'industryType': 0, 'isTrack': 1, 'isPpp': 0}, {'blockCode': '885967.DDBK', 'score': 124.13, 'scoreChangePre': 82.75, 'scoreChange': -27.59, 'dataType': 0, 'industryType': 0, 'isTrack': 1, 'isPpp': 0}, {'blockCode': '885573.DDBK', 'score': 116.38, 'scoreChangePre': 93.1, 'scoreChange': -23.27, 'dataType': 0, 'industryType': 0, 'isTrack': 1, 'isPpp': 0}, {'blockCode': '885811.DDBK', 'score': 111.72, 'scoreChangePre': 74.48, 'scoreChange': 0.0, 'dataType': 0, 'industryType': 0, 'isTrack': 1, 'isPpp': 0}, {'blockCode': '885706.DDBK', 'score': 89.38, 'scoreChangePre': 44.69, 'scoreChange': -14.89, 'dataType': 0, 'industryType': 0, 'isTrack': 1, 'isPpp': 0}, {'blockCode': '885810.DDBK', 'score': 62.07, 'scoreChangePre': 62.07, 'scoreChange': 0.0, 'dataType': 0, 'industryType': 0, 'isTrack': 1, 'isPpp': 0}, {'blockCode': '885863.DDBK', 'score': 15.85, 'scoreChangePre': -15.84, 'scoreChange': -15.84, 'dataType': 0, 'industryType': 0, 'isTrack': 1, 'isPpp': 0}, {'blockCode': '885640.DDBK', 'score': 0.0, 'scoreChangePre': -46.55, 'scoreChange': -46.55, 'dataType': 0, 'industryType': 0, 'isTrack': 1, 'isPpp': 0}]"
2024-09-09,000019.BKDL,151.15,89.81,4.38,1,0,0,"[{'blockCode': '885825.DDBK', 'score': 212.8, 'scoreChangePre': 186.2, 'scoreChange': 26.6, 'dataType': 0, 'industryType': 0, 'isTrack': 0, 'isPpp': 0}, {'blockCode': '885522.DDBK', 'score': 201.46, 'scoreChangePre': 183.15, 'scoreChange': -6.11, 'dataType': 0, 'industryType': 0, 'isTrack': 0, 'isPpp': 0}, {'blockCode': '885895.DDBK', 'score': 155.17, 'scoreChangePre': -31.03, 'scoreChange': -31.03, 'dataType': 0, 'industryType': 0, 'isTrack': 0, 'isPpp': 0}, {'blockCode': '886012.DDBK', 'score': 101.56, 'scoreChangePre': 84.63, 'scoreChange': -16.93, 'dataType': 0, 'industryType': 0, 'isTrack': 0, 'isPpp': 0}, {'blockCode': '885963.DDBK', 'score': 91.2, 'scoreChangePre': 15.2, 'scoreChange': 0.0, 'dataType': 0, 'industryType': 0, 'isTrack': 0, 'isPpp': 0}, {'blockCode': '885753.DDBK', 'score': 82.76, 'scoreChangePre': -248.26, 'scoreChange': 0.0, 'dataType': 0, 'industryType': 0, 'isTrack': 0, 'isPpp': 0}, {'blockCode': '885960.DDBK', 'score': 78.4, 'scoreChangePre': -39.2, 'scoreChange': 0.0, 'dataType': 0, 'industryType': 0, 'isTrack': 0, 'isPpp': 0}, {'blockCode': '885747.DDBK', 'score': 74.48, 'scoreChangePre': 74.48, 'scoreChange': 0.0, 'dataType': 0, 'industryType': 0, 'isTrack': 0, 'isPpp': 0}, {'blockCode': '885761.DDBK', 'score': 57.29, 'scoreChangePre': 38.19, 'scoreChange': 0.0, 'dataType': 0, 'industryType': 0, 'isTrack': 0, 'isPpp': 0}]"
2024-09-09,000010.BKDL,148.96,105.67,8.28,1,1,0,"[{'blockCode': '885911.DDBK', 'score': 274.4, 'scoreChangePre': 235.2, 'scoreChange': -19.6, 'dataType': 0, 'industryType': 0, 'isTrack': 1, 'isPpp': 0}, {'blockCode': '885951.DDBK', 'score': 255.36, 'scoreChangePre': 198.61, 'scoreChange': 0.0, 'dataType': 0, 'industryType': 0, 'isTrack': 1, 'isPpp': 0}, {'blockCode': '885462.DDBK', 'score': 197.15, 'scoreChangePre': 197.15, 'scoreChange': -21.91, 'dataType': 0, 'industryType': 0, 'isTrack': 1, 'isPpp': 0}, {'blockCode': '885705.DDBK', 'score': 195.27, 'scoreChangePre': 142.27, 'scoreChange': 8.37, 'dataType': 0, 'industryType': 0, 'isTrack': 1, 'isPpp': 0}, {'blockCode': '885784.DDBK', 'score': 187.4, 'scoreChangePre': 134.54, 'scoreChange': 2.4, 'dataType': 0, 'industryType': 0, 'isTrack': 1, 'isPpp': 0}, {'blockCode': '885406.DDBK', 'score': 172.9, 'scoreChangePre': 146.3, 'scoreChange': -13.3, 'dataType': 0, 'industryType': 0, 'isTrack': 1, 'isPpp': 0}, {'blockCode': '885780.DDBK', 'score': 165.51, 'scoreChangePre': 124.13, 'scoreChange': 41.38, 'dataType': 0, 'industryType': 0, 'isTrack': 1, 'isPpp': 0}, {'blockCode': '886016.DDBK', 'score': 148.96, 'scoreChangePre': 148.96, 'scoreChange': 0.0, 'dataType': 0, 'industryType': 0, 'isTrack': 1, 'isPpp': 0}, {'blockCode': '885988.DDBK', 'score': 144.4, 'scoreChangePre': 106.4, 'scoreChange': -7.6, 'dataType': 0, 'industryType': 0, 'isTrack': 1, 'isPpp': 0}, {'blockCode': '885420.DDBK', 'score': 137.76, 'scoreChangePre': 84.78, 'scoreChange': -7.57, 'dataType': 0, 'industryType': 0, 'isTrack': 1, 'isPpp': 0}, {'blockCode': '885851.DDBK', 'score': 127.68, 'scoreChangePre': 106.4, 'scoreChange': -63.84, 'dataType': 0, 'industryType': 0, 'isTrack': 1, 'isPpp': 0}, {'blockCode': '885990.DDBK', 'score': 124.13, 'scoreChangePre': 68.96, 'scoreChange': 0.0, 'dataType': 0, 'industryType': 0, 'isTrack': 1, 'isPpp': 0}, {'blockCode': '885629.DDBK', 'score': 114.58, 'scoreChangePre': 19.09, 'scoreChange': 0.0, 'dataType': 0, 'industryType': 0, 'isTrack': 1, 'isPpp': 0}, {'blockCode': '885910.DDBK', 'score': 99.31, 'scoreChangePre': 49.66, 'scoreChange': 0.0, 'dataType': 0, 'industryType': 0, 'isTrack': 1, 'isPpp': 0}, {'blockCode': '885525.DDBK', 'score': 74.48, 'scoreChangePre': 44.69, 'scoreChange': 0.0, 'dataType': 0, 'industryType': 0, 'isTrack': 1, 'isPpp': 0}, {'blockCode': '885543.DDBK', 'score': 74.48, 'scoreChangePre': 59.58, 'scoreChange': 0.0, 'dataType': 0, 'industryType': 0, 'isTrack': 1, 'isPpp': 0}, {'blockCode': '885888.DDBK', 'score': 74.48, 'scoreChangePre': 55.86, 'scoreChange': -18.62, 'dataType': 0, 'industryType': 0, 'isTrack': 1, 'isPpp': 0}, {'blockCode': '885899.DDBK', 'score': 66.2, 'scoreChangePre': 33.1, 'scoreChange': -33.11, 'dataType': 0, 'industryType': 0, 'isTrack': 1, 'isPpp': 0}, {'blockCode': '885904.DDBK', 'score': 64.77, 'scoreChangePre': 64.77, 'scoreChange': -32.38, 'dataType': 0, 'industryType': 0, 'isTrack': 1, 'isPpp': 0}, {'blockCode': '885768.DDBK', 'score': 0.0, 'scoreChangePre': -35.47, 'scoreChange': 0.0, 'dataType': 0, 'industryType': 0, 'isTrack': 1, 'isPpp': 0}]"
2024-09-09,000007.BKDL,138.76,91.32,2.37,1,1,0,"[{'blockCode': '885439.DDBK', 'score': 227.58, 'scoreChangePre': 186.2, 'scoreChange': 0.0, 'dataType': 0, 'industryType': 0, 'isTrack': 1, 'isPpp': 0}, {'blockCode': '885750.DDBK', 'score': 221.43, 'scoreChangePre': 161.04, 'scoreChange': -20.13, 'dataType': 0, 'industryType': 0, 'isTrack': 1, 'isPpp': 0}, {'blockCode': '885915.DDBK', 'score': 214.6, 'scoreChangePre': 138.86, 'scoreChange': -18.94, 'dataType': 0, 'industryType': 0, 'isTrack': 1, 'isPpp': 0}, {'blockCode': '885386.DDBK', 'score': 144.82, 'scoreChangePre': 103.44, 'scoreChange': -31.04, 'dataType': 0, 'industryType': 0, 'isTrack': 1, 'isPpp': 0}, {'blockCode': '885991.DDBK', 'score': 136.55, 'scoreChangePre': 82.76, 'scoreChange': 0.0, 'dataType': 0, 'industryType': 0, 'isTrack': 1, 'isPpp': 0}, {'blockCode': '885760.DDBK', 'score': 128.14, 'scoreChangePre': 112.12, 'scoreChange': -24.02, 'dataType': 0, 'industryType': 0, 'isTrack': 1, 'isPpp': 0}, {'blockCode': '885978.DDBK', 'score': 124.13, 'scoreChangePre': 124.13, 'scoreChange': -62.07, 'dataType': 0, 'industryType': 0, 'isTrack': 1, 'isPpp': 0}, {'blockCode': '885984.DDBK', 'score': 89.38, 'scoreChangePre': 74.48, 'scoreChange': -29.79, 'dataType': 0, 'industryType': 0, 'isTrack': 1, 'isPpp': 0}, {'blockCode': '885758.DDBK', 'score': 74.48, 'scoreChangePre': 37.24, 'scoreChange': 0.0, 'dataType': 0, 'industryType': 0, 'isTrack': 1, 'isPpp': 0}, {'blockCode': '885478.DDBK', 'score': 50.26, 'scoreChangePre': 22.84, 'scoreChange': -13.71, 'dataType': 0, 'industryType': 0, 'isTrack': 1, 'isPpp': 0}, {'blockCode': '885782.DDBK', 'score': 38.19, 'scoreChangePre': 0.0, 'scoreChange': -19.1, 'dataType': 0, 'industryType': 0, 'isTrack': 1, 'isPpp': 0}]"
2024-09-09,000004.BKDL,134.68,80.95,5.45,1,1,0,"[{'blockCode': '885894.DDBK', 'score': 273.09, 'scoreChangePre': 124.13, 'scoreChange': -24.83, 'dataType': 0, 'industryType': 0, 'isTrack': 1, 'isPpp': 0}, {'blockCode': '885827.DDBK', 'score': 206.01, 'scoreChangePre': 110.93, 'scoreChange': 0.0, 'dataType': 0, 'industryType': 0, 'isTrack': 1, 'isPpp': 0}, {'blockCode': '885472.DDBK', 'score': 200.98, 'scoreChangePre': 118.22, 'scoreChange': 11.82, 'dataType': 0, 'industryType': 0, 'isTrack': 1, 'isPpp': 0}, {'blockCode': '885849.DDBK', 'score': 167.58, 'scoreChangePre': 93.1, 'scoreChange': -18.62, 'dataType': 0, 'industryType': 0, 'isTrack': 1, 'isPpp': 0}, {'blockCode': '885514.DDBK', 'score': 159.0, 'scoreChangePre': 100.42, 'scoreChange': -8.37, 'dataType': 0, 'industryType': 0, 'isTrack': 1, 'isPpp': 0}, {'blockCode': '885345.DDBK', 'score': 140.32, 'scoreChangePre': 107.94, 'scoreChange': 10.79, 'dataType': 0, 'industryType': 0, 'isTrack': 1, 'isPpp': 0}, {'blockCode': '885487.DDBK', 'score': 139.65, 'scoreChangePre': 139.65, 'scoreChange': 0.0, 'dataType': 0, 'industryType': 0, 'isTrack': 1, 'isPpp': 0}, {'blockCode': '885764.DDBK', 'score': 135.42, 'scoreChangePre': 22.57, 'scoreChange': 0.0, 'dataType': 0, 'industryType': 0, 'isTrack': 1, 'isPpp': 0}, {'blockCode': '885744.DDBK', 'score': 131.89, 'scoreChangePre': 69.82, 'scoreChange': 0.0, 'dataType': 0, 'industryType': 0, 'isTrack': 1, 'isPpp': 0}, {'blockCode': '885939.DDBK', 'score': 128.91, 'scoreChangePre': 85.94, 'scoreChange': 0.0, 'dataType': 0, 'industryType': 0, 'isTrack': 1, 'isPpp': 0}, {'blockCode': '885734.DDBK', 'score': 119.17, 'scoreChangePre': 59.59, 'scoreChange': 0.0, 'dataType': 0, 'industryType': 0, 'isTrack': 1, 'isPpp': 0}, {'blockCode': '885924.DDBK', 'score': 108.33, 'scoreChangePre': 81.25, 'scoreChange': -4.52, 'dataType': 0, 'industryType': 0, 'isTrack': 1, 'isPpp': 0}, {'blockCode': '885617.DDBK', 'score': 108.02, 'scoreChangePre': 56.85, 'scoreChange': 0.0, 'dataType': 0, 'industryType': 0, 'isTrack': 1, 'isPpp': 0}, {'blockCode': '885521.DDBK', 'score': 99.52, 'scoreChangePre': 41.73, 'scoreChange': -3.21, 'dataType': 0, 'industryType': 0, 'isTrack': 1, 'isPpp': 0}, {'blockCode': '885591.DDBK', 'score': 82.76, 'scoreChangePre': 82.76, 'scoreChange': 82.76, 'dataType': 0, 'industryType': 0, 'isTrack': 1, 'isPpp': 0}, {'blockCode': '885832.DDBK', 'score': 82.76, 'scoreChangePre': 44.14, 'scoreChange': -11.03, 'dataType': 0, 'industryType': 0, 'isTrack': 1, 'isPpp': 0}]"
2024-09-09,000017.BKDL,132.39,77.14,4.7,1,1,0,"[{'blockCode': '885493.DDBK', 'score': 158.89, 'scoreChangePre': 29.79, 'scoreChange': 0.0, 'dataType': 0, 'industryType': 0, 'isTrack': 1, 'isPpp': 0}, {'blockCode': '885697.DDBK', 'score': 144.15, 'scoreChangePre': 24.02, 'scoreChange': 0.0, 'dataType': 0, 'industryType': 0, 'isTrack': 1, 'isPpp': 0}, {'blockCode': '886021.DDBK', 'score': 128.54, 'scoreChangePre': 76.15, 'scoreChange': -2.7, 'dataType': 0, 'industryType': 0, 'isTrack': 1, 'isPpp': 1}, {'blockCode': '885595.DDBK', 'score': 121.97, 'scoreChangePre': 79.69, 'scoreChange': -3.25, 'dataType': 0, 'industryType': 0, 'isTrack': 1, 'isPpp': 0}, {'blockCode': '885741.DDBK', 'score': 111.16, 'scoreChangePre': 88.93, 'scoreChange': 5.55, 'dataType': 0, 'industryType': 0, 'isTrack': 1, 'isPpp': 1}, {'blockCode': '885893.DDBK', 'score': 14.6, 'scoreChangePre': -0.0, 'scoreChange': -14.61, 'dataType': 0, 'industryType': 0, 'isTrack': 1, 'isPpp': 0}]"
2024-09-09,000012.BKDL,123.92,68.06,3.85,1,0,0,"[{'blockCode': '885792.DDBK', 'score': 279.3, 'scoreChangePre': 186.2, 'scoreChange': 93.1, 'dataType': 0, 'industryType': 0, 'isTrack': 0, 'isPpp': 0}, {'blockCode': '885497.DDBK', 'score': 183.78, 'scoreChangePre': 77.38, 'scoreChange': -9.67, 'dataType': 0, 'industryType': 0, 'isTrack': 0, 'isPpp': 0}, {'blockCode': '885788.DDBK', 'score': 170.01, 'scoreChangePre': 109.29, 'scoreChange': -16.19, 'dataType': 0, 'industryType': 0, 'isTrack': 0, 'isPpp': 0}, {'blockCode': '885586.DDBK', 'score': 154.58, 'scoreChangePre': 112.42, 'scoreChange': -7.03, 'dataType': 0, 'industryType': 0, 'isTrack': 0, 'isPpp': 0}, {'blockCode': '885876.DDBK', 'score': 150.63, 'scoreChangePre': 100.42, 'scoreChange': -25.11, 'dataType': 0, 'industryType': 0, 'isTrack': 0, 'isPpp': 0}, {'blockCode': '885580.DDBK', 'score': 129.53, 'scoreChangePre': 97.15, 'scoreChange': 0.0, 'dataType': 0, 'industryType': 0, 'isTrack': 0, 'isPpp': 0}, {'blockCode': '885615.DDBK', 'score': 128.14, 'scoreChangePre': 104.11, 'scoreChange': 8.01, 'dataType': 0, 'industryType': 0, 'isTrack': 0, 'isPpp': 0}, {'blockCode': '885820.DDBK', 'score': 125.18, 'scoreChangePre': 81.37, 'scoreChange': -6.26, 'dataType': 0, 'industryType': 0, 'isTrack': 0, 'isPpp': 0}, {'blockCode': '885457.DDBK', 'score': 115.57, 'scoreChangePre': 38.52, 'scoreChange': -12.84, 'dataType': 0, 'industryType': 0, 'isTrack': 0, 'isPpp': 0}, {'blockCode': '885603.DDBK', 'score': 102.03, 'scoreChangePre': 20.41, 'scoreChange': -10.2, 'dataType': 0, 'industryType': 0, 'isTrack': 0, 'isPpp': 0}, {'blockCode': '885890.DDBK', 'score': 98.92, 'scoreChangePre': 58.19, 'scoreChange': -5.82, 'dataType': 0, 'industryType': 0, 'isTrack': 0, 'isPpp': 0}, {'blockCode': '885779.DDBK', 'score': 96.55, 'scoreChangePre': 41.38, 'scoreChange': -4.6, 'dataType': 0, 'industryType': 0, 'isTrack': 0, 'isPpp': 0}, {'blockCode': '885480.DDBK', 'score': 93.1, 'scoreChangePre': 23.27, 'scoreChange': -11.64, 'dataType': 0, 'industryType': 0, 'isTrack': 0, 'isPpp': 0}, {'blockCode': '885797.DDBK', 'score': 92.52, 'scoreChangePre': 23.13, 'scoreChange': 0.0, 'dataType': 0, 'industryType': 0, 'isTrack': 0, 'isPpp': 0}, {'blockCode': '886046.DDBK', 'score': 91.47, 'scoreChangePre': 52.27, 'scoreChange': 0.0, 'dataType': 0, 'industryType': 0, 'isTrack': 0, 'isPpp': 0}, {'blockCode': '885737.DDBK', 'score': 90.28, 'scoreChangePre': 22.57, 'scoreChange': -45.14, 'dataType': 0, 'industryType': 0, 'isTrack': 0, 'isPpp': 0}, {'blockCode': '885791.DDBK', 'score': 89.38, 'scoreChangePre': 29.8, 'scoreChange': -14.89, 'dataType': 0, 'industryType': 0, 'isTrack': 0, 'isPpp': 0}, {'blockCode': '885772.DDBK', 'score': 85.94, 'scoreChangePre': 57.29, 'scoreChange': 0.0, 'dataType': 0, 'industryType': 0, 'isTrack': 0, 'isPpp': 0}, {'blockCode': '885709.DDBK', 'score': 85.51, 'scoreChangePre': 41.37, 'scoreChange': -8.28, 'dataType': 0, 'industryType': 0, 'isTrack': 0, 'isPpp': 0}, {'blockCode': '885701.DDBK', 'score': 83.47, 'scoreChangePre': 44.95, 'scoreChange': -12.84, 'dataType': 0, 'industryType': 0, 'isTrack': 0, 'isPpp': 0}, {'blockCode': '885418.DDBK', 'score': 77.99, 'scoreChangePre': 15.6, 'scoreChange': -11.7, 'dataType': 0, 'industryType': 0, 'isTrack': 0, 'isPpp': 0}, {'blockCode': '885816.DDBK', 'score': 74.48, 'scoreChangePre': 22.34, 'scoreChange': -7.45, 'dataType': 0, 'industryType': 0, 'isTrack': 0, 'isPpp': 0}, {'blockCode': '885647.DDBK', 'score': 57.29, 'scoreChangePre': -0.0, 'scoreChange': 0.0, 'dataType': 0, 'industryType': 0, 'isTrack': 0, 'isPpp': 0}, {'blockCode': '885874.DDBK', 'score': 55.17, 'scoreChangePre': 0.0, 'scoreChange': -27.59, 'dataType': 0, 'industryType': 0, 'isTrack': 0, 'isPpp': 0}, {'blockCode': '886014.DDBK', 'score': 53.2, 'scoreChangePre': -0.0, 'scoreChange': -17.73, 'dataType': 0, 'industryType': 0, 'isTrack': 0, 'isPpp': 0}, {'blockCode': '885934.DDBK', 'score': 48.19, 'scoreChangePre': -8.77, 'scoreChange': 0.0, 'dataType': 0, 'industryType': 0, 'isTrack': 0, 'isPpp': 0}, {'blockCode': '885950.DDBK', 'score': 38.52, 'scoreChangePre': 6.42, 'scoreChange': -12.85, 'dataType': 0, 'industryType': 0, 'isTrack': 0, 'isPpp': 0}, {'blockCode': '885918.DDBK', 'score': 36.33, 'scoreChangePre': -0.0, 'scoreChange': 0.0, 'dataType': 0, 'industryType': 0, 'isTrack': 0, 'isPpp': 0}, {'blockCode': '886060.DDBK', 'score': 32.38, 'scoreChangePre': 32.38, 'scoreChange': 0.0, 'dataType': 0, 'industryType': 0, 'isTrack': 0, 'isPpp': 0}]"
2024-09-09,000011.BKDL,122.32,82.11,10.06,1,1,0,"[{'blockCode': '885961.DDBK', 'score': 261.69, 'scoreChangePre': 261.69, 'scoreChange': 0.0, 'dataType': 0, 'industryType': 0, 'isTrack': 1, 'isPpp': 0}, {'blockCode': '885992.DDBK', 'score': 219.06, 'scoreChangePre': 175.25, 'scoreChange': 0.0, 'dataType': 0, 'industryType': 0, 'isTrack': 1, 'isPpp': 0}, {'blockCode': '885412.DDBK', 'score': 149.73, 'scoreChangePre': 107.5, 'scoreChange': 0.0, 'dataType': 0, 'industryType': 0, 'isTrack': 1, 'isPpp': 0}, {'blockCode': '885919.DDBK', 'score': 138.93, 'scoreChangePre': 115.78, 'scoreChange': 7.72, 'dataType': 0, 'industryType': 0, 'isTrack': 1, 'isPpp': 0}, {'blockCode': '885690.DDBK', 'score': 135.42, 'scoreChangePre': 97.33, 'scoreChange': 0.0, 'dataType': 0, 'industryType': 0, 'isTrack': 1, 'isPpp': 0}, {'blockCode': '885854.DDBK', 'score': 129.53, 'scoreChangePre': 72.86, 'scoreChange': 0.0, 'dataType': 0, 'industryType': 0, 'isTrack': 1, 'isPpp': 0}, {'blockCode': '886052.DDBK', 'score': 124.13, 'scoreChangePre': 77.58, 'scoreChange': 0.0, 'dataType': 0, 'industryType': 0, 'isTrack': 1, 'isPpp': 0}, {'blockCode': '885563.DDBK', 'score': 104.9, 'scoreChangePre': 65.56, 'scoreChange': -7.87, 'dataType': 0, 'industryType': 0, 'isTrack': 1, 'isPpp': 0}, {'blockCode': '885986.DDBK', 'score': 104.27, 'scoreChangePre': 104.27, 'scoreChange': 0.0, 'dataType': 0, 'industryType': 0, 'isTrack': 1, 'isPpp': 0}, {'blockCode': '885410.DDBK', 'score': 79.36, 'scoreChangePre': 24.42, 'scoreChange': -18.32, 'dataType': 0, 'industryType': 0, 'isTrack': 1, 'isPpp': 0}, {'blockCode': '885823.DDBK', 'score': 74.74, 'scoreChangePre': 41.24, 'scoreChange': 7.73, 'dataType': 0, 'industryType': 0, 'isTrack': 1, 'isPpp': 0}, {'blockCode': '885555.DDBK', 'score': 69.83, 'scoreChangePre': 46.55, 'scoreChange': 23.28, 'dataType': 0, 'industryType': 0, 'isTrack': 1, 'isPpp': 0}]"
2024-09-09,000015.BKDL,121.11,45.77,1.9,1,1,0,"[{'blockCode': '885767.DDBK', 'score': 175.25, 'scoreChangePre': 87.63, 'scoreChange': 0.0, 'dataType': 0, 'industryType': 0, 'isTrack': 1, 'isPpp': 0}, {'blockCode': '885657.DDBK', 'score': 137.93, 'scoreChangePre': 96.55, 'scoreChange': 0.0, 'dataType': 0, 'industryType': 0, 'isTrack': 1, 'isPpp': 0}, {'blockCode': '885570.DDBK', 'score': 137.2, 'scoreChangePre': 39.2, 'scoreChange': -9.8, 'dataType': 0, 'industryType': 0, 'isTrack': 1, 'isPpp': 0}, {'blockCode': '885623.DDBK', 'score': 122.67, 'scoreChangePre': 70.1, 'scoreChange': -17.53, 'dataType': 0, 'industryType': 0, 'isTrack': 1, 'isPpp': 0}, {'blockCode': '885413.DDBK', 'score': 114.76, 'scoreChangePre': 74.94, 'scoreChange': -14.06, 'dataType': 0, 'industryType': 0, 'isTrack': 1, 'isPpp': 0}, {'blockCode': '885814.DDBK', 'score': 114.58, 'scoreChangePre': 28.64, 'scoreChange': 0.0, 'dataType': 0, 'industryType': 0, 'isTrack': 1, 'isPpp': 0}, {'blockCode': '885620.DDBK', 'score': 100.49, 'scoreChangePre': 17.73, 'scoreChange': 0.0, 'dataType': 0, 'industryType': 0, 'isTrack': 1, 'isPpp': 0}, {'blockCode': '885835.DDBK', 'score': 93.69, 'scoreChangePre': 4.69, 'scoreChange': 0.0, 'dataType': 0, 'industryType': 0, 'isTrack': 1, 'isPpp': 0}, {'blockCode': '885749.DDBK', 'score': 82.76, 'scoreChangePre': -27.58, 'scoreChange': 0.0, 'dataType': 0, 'industryType': 0, 'isTrack': 1, 'isPpp': 0}, {'blockCode': '885456.DDBK', 'score': 77.58, 'scoreChangePre': -10.35, 'scoreChange': 0.0, 'dataType': 0, 'industryType': 0, 'isTrack': 1, 'isPpp': 0}]"
2024-09-09,000028.BKDL,119.63,-19.3,3.86,1,1,0,"[{'blockCode': '885699.DDBK', 'score': 108.05, 'scoreChangePre': -23.16, 'scoreChange': -7.72, 'dataType': 0, 'industryType': 0, 'isTrack': 1, 'isPpp': 1}]"
2024-09-09,000026.BKDL,112.49,70.76,7.26,1,1,0,"[{'blockCode': '885898.DDBK', 'score': 197.15, 'scoreChangePre': 153.34, 'scoreChange': 21.9, 'dataType': 0, 'industryType': 0, 'isTrack': 1, 'isPpp': 0}, {'blockCode': '885965.DDBK', 'score': 135.42, 'scoreChangePre': 104.64, 'scoreChange': -6.15, 'dataType': 0, 'industryType': 0, 'isTrack': 1, 'isPpp': 0}, {'blockCode': '885642.DDBK', 'score': 122.93, 'scoreChangePre': 79.54, 'scoreChange': -7.23, 'dataType': 0, 'industryType': 0, 'isTrack': 1, 'isPpp': 0}, {'blockCode': '885840.DDBK', 'score': 93.51, 'scoreChangePre': 50.86, 'scoreChange': 0.0, 'dataType': 0, 'industryType': 0, 'isTrack': 1, 'isPpp': 0}, {'blockCode': '885611.DDBK', 'score': 73.5, 'scoreChangePre': 34.3, 'scoreChange': 0.0, 'dataType': 0, 'industryType': 0, 'isTrack': 1, 'isPpp': 0}]"
2024-09-09,000018.BKDL,108.7,76.56,4.73,1,1,0,"[{'blockCode': '885562.DDBK', 'score': 117.6, 'scoreChangePre': 78.4, 'scoreChange': -6.53, 'dataType': 0, 'industryType': 0, 'isTrack': 1, 'isPpp': 0}, {'blockCode': '885770.DDBK', 'score': 115.47, 'scoreChangePre': 98.15, 'scoreChange': 0.0, 'dataType': 0, 'industryType': 0, 'isTrack': 1, 'isPpp': 0}, {'blockCode': '885733.DDBK', 'score': 103.44, 'scoreChangePre': 82.75, 'scoreChange': 0.0, 'dataType': 0, 'industryType': 0, 'isTrack': 1, 'isPpp': 0}, {'blockCode': '885494.DDBK', 'score': 97.46, 'scoreChangePre': 62.55, 'scoreChange': -4.37, 'dataType': 0, 'industryType': 0, 'isTrack': 1, 'isPpp': 0}, {'blockCode': '885964.DDBK', 'score': 95.76, 'scoreChangePre': 63.84, 'scoreChange': 0.0, 'dataType': 0, 'industryType': 0, 'isTrack': 1, 'isPpp': 0}, {'blockCode': '885500.DDBK', 'score': 70.26, 'scoreChangePre': 28.1, 'scoreChange': 0.0, 'dataType': 0, 'industryType': 0, 'isTrack': 1, 'isPpp': 0}]"
2024-09-09,000033.BKDL,105.11,73.79,7.72,1,0,0,"[{'blockCode': '885537.DDBK', 'score': 115.86, 'scoreChangePre': 91.03, 'scoreChange': -8.27, 'dataType': 0, 'industryType': 0, 'isTrack': 0, 'isPpp': 0}, {'blockCode': '885941.DDBK', 'score': 112.18, 'scoreChangePre': 80.92, 'scoreChange': -3.68, 'dataType': 0, 'industryType': 0, 'isTrack': 0, 'isPpp': 0}, {'blockCode': '885619.DDBK', 'score': 104.05, 'scoreChangePre': 71.19, 'scoreChange': 2.74, 'dataType': 0, 'industryType': 0, 'isTrack': 0, 'isPpp': 0}, {'blockCode': '886057.DDBK', 'score': 100.11, 'scoreChangePre': 84.09, 'scoreChange': 4.01, 'dataType': 0, 'industryType': 0, 'isTrack': 0, 'isPpp': 0}, {'blockCode': '885929.DDBK', 'score': 94.28, 'scoreChangePre': 72.6, 'scoreChange': -0.94, 'dataType': 0, 'industryType': 0, 'isTrack': 0, 'isPpp': 0}, {'blockCode': '885427.DDBK', 'score': 92.02, 'scoreChangePre': 48.88, 'scoreChange': -8.63, 'dataType': 0, 'industryType': 0, 'isTrack': 0, 'isPpp': 0}, {'blockCode': '886002.DDBK', 'score': 86.29, 'scoreChangePre': 68.12, 'scoreChange': -4.54, 'dataType': 0, 'industryType': 0, 'isTrack': 0, 'isPpp': 0}, {'blockCode': '885517.DDBK', 'score': 76.56, 'scoreChangePre': 50.61, 'scoreChange': -3.89, 'dataType': 0, 'industryType': 0, 'isTrack': 0, 'isPpp': 0}, {'blockCode': '886008.DDBK', 'score': 75.32, 'scoreChangePre': 25.11, 'scoreChange': -8.37, 'dataType': 0, 'industryType': 0, 'isTrack': 0, 'isPpp': 0}, {'blockCode': '885946.DDBK', 'score': 66.78, 'scoreChangePre': 25.69, 'scoreChange': -5.13, 'dataType': 0, 'industryType': 0, 'isTrack': 0, 'isPpp': 0}, {'blockCode': '885786.DDBK', 'score': 60.06, 'scoreChangePre': 24.02, 'scoreChange': -12.02, 'dataType': 0, 'industryType': 0, 'isTrack': 0, 'isPpp': 0}, {'blockCode': '885930.DDBK', 'score': 49.65, 'scoreChangePre': 24.82, 'scoreChange': -16.55, 'dataType': 0, 'industryType': 0, 'isTrack': 0, 'isPpp': 0}, {'blockCode': '886069.DDBK', 'score': 20.13, 'scoreChangePre': 20.13, 'scoreChange': 0.0, 'dataType': 0, 'industryType': 0, 'isTrack': 0, 'isPpp': 0}]"
2024-09-09,000032.BKDL,103.32,90.4,4.3,1,0,0,"[{'blockCode': '885905.DDBK', 'score': 107.61, 'scoreChangePre': 93.45, 'scoreChange': -11.33, 'dataType': 0, 'industryType': 0, 'isTrack': 0, 'isPpp': 1}, {'blockCode': '885598.DDBK', 'score': 88.26, 'scoreChangePre': 75.34, 'scoreChange': -10.76, 'dataType': 0, 'industryType': 0, 'isTrack': 0, 'isPpp': 1}, {'blockCode': '885907.DDBK', 'score': 80.32, 'scoreChangePre': 73.02, 'scoreChange': 7.3, 'dataType': 0, 'industryType': 0, 'isTrack': 0, 'isPpp': 0}, {'blockCode': '885906.DDBK', 'score': 18.17, 'scoreChangePre': -0.0, 'scoreChange': -18.16, 'dataType': 0, 'industryType': 0, 'isTrack': 0, 'isPpp': 1}]"
2024-09-09,000005.BKDL,101.33,40.53,0.0,1,1,0,"[{'blockCode': '885748.DDBK', 'score': 124.13, 'scoreChangePre': 124.13, 'scoreChange': 0.0, 'dataType': 0, 'industryType': 0, 'isTrack': 1, 'isPpp': 0}, {'blockCode': '885372.DDBK', 'score': 98.0, 'scoreChangePre': 78.4, 'scoreChange': 0.0, 'dataType': 0, 'industryType': 0, 'isTrack': 1, 'isPpp': 0}, {'blockCode': '885430.DDBK', 'score': 88.27, 'scoreChangePre': 38.62, 'scoreChange': -11.04, 'dataType': 0, 'industryType': 0, 'isTrack': 1, 'isPpp': 0}]"
2024-09-09,000013.BKDL,101.22,69.98,7.5,1,1,0,"[{'blockCode': '885860.DDBK', 'score': 203.13, 'scoreChangePre': 203.13, 'scoreChange': -67.71, 'dataType': 0, 'industryType': 0, 'isTrack': 1, 'isPpp': 0}, {'blockCode': '885795.DDBK', 'score': 165.51, 'scoreChangePre': 144.82, 'scoreChange': -41.38, 'dataType': 0, 'industryType': 0, 'isTrack': 1, 'isPpp': 0}, {'blockCode': '885743.DDBK', 'score': 109.41, 'scoreChangePre': 58.92, 'scoreChange': 0.0, 'dataType': 0, 'industryType': 0, 'isTrack': 1, 'isPpp': 0}, {'blockCode': '885700.DDBK', 'score': 99.89, 'scoreChangePre': 70.51, 'scoreChange': 4.4, 'dataType': 0, 'industryType': 0, 'isTrack': 1, 'isPpp': 0}, {'blockCode': '886076.DDBK', 'score': 95.27, 'scoreChangePre': 86.61, 'scoreChange': 8.67, 'dataType': 0, 'industryType': 0, 'isTrack': 1, 'isPpp': 0}, {'blockCode': '885884.DDBK', 'score': 94.79, 'scoreChangePre': 54.16, 'scoreChange': 27.08, 'dataType': 0, 'industryType': 0, 'isTrack': 1, 'isPpp': 0}, {'blockCode': '886030.DDBK', 'score': 87.62, 'scoreChangePre': 21.9, 'scoreChange': 0.0, 'dataType': 0, 'industryType': 0, 'isTrack': 1, 'isPpp': 0}, {'blockCode': '885566.DDBK', 'score': 66.5, 'scoreChangePre': 39.9, 'scoreChange': 0.0, 'dataType': 0, 'industryType': 0, 'isTrack': 1, 'isPpp': 0}, {'blockCode': '885426.DDBK', 'score': 47.54, 'scoreChangePre': -0.0, 'scoreChange': -15.85, 'dataType': 0, 'industryType': 0, 'isTrack': 1, 'isPpp': 0}]"
2024-09-09,000023.BKDL,99.22,58.61,5.44,1,0,0,"[{'blockCode': '885802.DDBK', 'score': 255.68, 'scoreChangePre': 211.21, 'scoreChange': -22.23, 'dataType': 0, 'industryType': 0, 'isTrack': 0, 'isPpp': 0}, {'blockCode': '885739.DDBK', 'score': 164.88, 'scoreChangePre': 125.08, 'scoreChange': 5.69, 'dataType': 0, 'industryType': 0, 'isTrack': 0, 'isPpp': 0}, {'blockCode': '885742.DDBK', 'score': 152.0, 'scoreChangePre': 91.2, 'scoreChange': -30.4, 'dataType': 0, 'industryType': 0, 'isTrack': 0, 'isPpp': 0}, {'blockCode': '885560.DDBK', 'score': 145.72, 'scoreChangePre': 113.34, 'scoreChange': 0.0, 'dataType': 0, 'industryType': 0, 'isTrack': 0, 'isPpp': 0}, {'blockCode': '885796.DDBK', 'score': 126.62, 'scoreChangePre': 96.83, 'scoreChange': -14.89, 'dataType': 0, 'industryType': 0, 'isTrack': 0, 'isPpp': 0}, {'blockCode': '885740.DDBK', 'score': 126.48, 'scoreChangePre': 70.27, 'scoreChange': -42.15, 'dataType': 0, 'industryType': 0, 'isTrack': 0, 'isPpp': 0}, {'blockCode': '885729.DDBK', 'score': 117.6, 'scoreChangePre': 74.04, 'scoreChange': -8.71, 'dataType': 0, 'industryType': 0, 'isTrack': 0, 'isPpp': 0}, {'blockCode': '885587.DDBK', 'score': 112.85, 'scoreChangePre': 112.85, 'scoreChange': -22.57, 'dataType': 0, 'industryType': 0, 'isTrack': 0, 'isPpp': 0}, {'blockCode': '885787.DDBK', 'score': 103.44, 'scoreChangePre': 41.37, 'scoreChange': -6.9, 'dataType': 0, 'industryType': 0, 'isTrack': 0, 'isPpp': 0}, {'blockCode': '885932.DDBK', 'score': 99.31, 'scoreChangePre': -24.82, 'scoreChange': -24.82, 'dataType': 0, 'industryType': 0, 'isTrack': 0, 'isPpp': 0}, {'blockCode': '885869.DDBK', 'score': 76.56, 'scoreChangePre': 40.64, 'scoreChange': -0.94, 'dataType': 0, 'industryType': 0, 'isTrack': 0, 'isPpp': 1}, {'blockCode': '885873.DDBK', 'score': 51.72, 'scoreChangePre': 31.03, 'scoreChange': 0.0, 'dataType': 0, 'industryType': 0, 'isTrack': 0, 'isPpp': 0}, {'blockCode': '886072.DDBK', 'score': 36.68, 'scoreChangePre': 6.38, 'scoreChange': 1.59, 'dataType': 0, 'industryType': 0, 'isTrack': 0, 'isPpp': 0}]"
2024-09-09,000034.BKDL,99.17,64.36,4.22,1,0,0,"[{'blockCode': '885728.DDBK', 'score': 96.53, 'scoreChangePre': 64.35, 'scoreChange': -1.19, 'dataType': 0, 'industryType': 0, 'isTrack': 0, 'isPpp': 0}, {'blockCode': '886074.DDBK', 'score': 63.84, 'scoreChangePre': 42.56, 'scoreChange': -21.28, 'dataType': 0, 'industryType': 0, 'isTrack': 0, 'isPpp': 0}, {'blockCode': '886019.DDBK', 'score': 52.52, 'scoreChangePre': 9.55, 'scoreChange': -9.55, 'dataType': 0, 'industryType': 0, 'isTrack': 0, 'isPpp': 0}, {'blockCode': '886062.DDBK', 'score': 42.8, 'scoreChangePre': 0.0, 'scoreChange': 0.0, 'dataType': 0, 'industryType': 0, 'isTrack': 0, 'isPpp': 0}, {'blockCode': '886070.DDBK', 'score': 35.47, 'scoreChangePre': 35.47, 'scoreChange': 0.0, 'dataType': 0, 'industryType': 0, 'isTrack': 0, 'isPpp': 0}, {'blockCode': '886031.DDBK', 'score': 32.96, 'scoreChangePre': -19.77, 'scoreChange': -6.59, 'dataType': 0, 'industryType': 0, 'isTrack': 0, 'isPpp': 0}, {'blockCode': '886068.DDBK', 'score': 31.03, 'scoreChangePre': 31.03, 'scoreChange': -31.04, 'dataType': 0, 'industryType': 0, 'isTrack': 0, 'isPpp': 0}, {'blockCode': '886040.DDBK', 'score': 0.0, 'scoreChangePre': 0.0, 'scoreChange': 0.0, 'dataType': 0, 'industryType': 0, 'isTrack': 0, 'isPpp': 0}, {'blockCode': '886071.DDBK', 'score': 0.0, 'scoreChangePre': 0.0, 'scoreChange': 0.0, 'dataType': 0, 'industryType': 0, 'isTrack': 0, 'isPpp': 0}]"
2024-09-09,000036.BKDL,99.04,71.31,7.92,1,0,0,"[{'blockCode': '885544.DDBK', 'score': 86.79, 'scoreChangePre': 62.57, 'scoreChange': -4.04, 'dataType': 0, 'industryType': 0, 'isTrack': 0, 'isPpp': 0}, {'blockCode': '886063.DDBK', 'score': 53.2, 'scoreChangePre': -53.2, 'scoreChange': 0.0, 'dataType': 0, 'industryType': 0, 'isTrack': 0, 'isPpp': 0}]"
2024-09-09,000003.BKDL,99.03,51.6,2.5,1,0,0,"[{'blockCode': '886034.DDBK', 'score': 124.13, 'scoreChangePre': 74.48, 'scoreChange': -24.83, 'dataType': 0, 'industryType': 0, 'isTrack': 0, 'isPpp': 0}, {'blockCode': '885842.DDBK', 'score': 117.04, 'scoreChangePre': 42.56, 'scoreChange': 0.0, 'dataType': 0, 'industryType': 0, 'isTrack': 0, 'isPpp': 0}, {'blockCode': '885452.DDBK', 'score': 105.74, 'scoreChangePre': 66.66, 'scoreChange': -6.9, 'dataType': 0, 'industryType': 0, 'isTrack': 0, 'isPpp': 0}, {'blockCode': '885976.DDBK', 'score': 103.09, 'scoreChangePre': 59.28, 'scoreChange': -5.15, 'dataType': 0, 'industryType': 0, 'isTrack': 0, 'isPpp': 0}, {'blockCode': '885975.DDBK', 'score': 100.65, 'scoreChangePre': 20.13, 'scoreChange': 0.0, 'dataType': 0, 'industryType': 0, 'isTrack': 0, 'isPpp': 0}, {'blockCode': '885757.DDBK', 'score': 83.44, 'scoreChangePre': 27.81, 'scoreChange': 3.09, 'dataType': 0, 'industryType': 0, 'isTrack': 0, 'isPpp': 0}, {'blockCode': '885333.DDBK', 'score': 80.52, 'scoreChangePre': 10.07, 'scoreChange': 0.0, 'dataType': 0, 'industryType': 0, 'isTrack': 0, 'isPpp': 0}, {'blockCode': '885887.DDBK', 'score': 79.29, 'scoreChangePre': 33.98, 'scoreChange': -2.84, 'dataType': 0, 'industryType': 0, 'isTrack': 0, 'isPpp': 0}, {'blockCode': '885866.DDBK', 'score': 78.4, 'scoreChangePre': 9.8, 'scoreChange': 0.0, 'dataType': 0, 'industryType': 0, 'isTrack': 0, 'isPpp': 0}, {'blockCode': '886041.DDBK', 'score': 72.96, 'scoreChangePre': 45.6, 'scoreChange': -3.04, 'dataType': 0, 'industryType': 0, 'isTrack': 0, 'isPpp': 0}, {'blockCode': '886023.DDBK', 'score': 64.21, 'scoreChangePre': 0.0, 'scoreChange': -12.84, 'dataType': 0, 'industryType': 0, 'isTrack': 0, 'isPpp': 0}, {'blockCode': '886013.DDBK', 'score': 60.48, 'scoreChangePre': 6.37, 'scoreChange': -6.36, 'dataType': 0, 'industryType': 0, 'isTrack': 0, 'isPpp': 0}, {'blockCode': '885942.DDBK', 'score': 60.39, 'scoreChangePre': 20.13, 'scoreChange': 6.71, 'dataType': 0, 'industryType': 0, 'isTrack': 0, 'isPpp': 0}, {'blockCode': '885933.DDBK', 'score': 44.47, 'scoreChangePre': 22.24, 'scoreChange': -22.23, 'dataType': 0, 'industryType': 0, 'isTrack': 0, 'isPpp': 0}, {'blockCode': '885966.DDBK', 'score': 30.4, 'scoreChangePre': -15.2, 'scoreChange': 0.0, 'dataType': 0, 'industryType': 0, 'isTrack': 0, 'isPpp': 0}]"
2024-09-09,000008.BKDL,92.38,62.07,5.78,1,1,0,"[{'blockCode': '885423.DDBK', 'score': 108.02, 'scoreChangePre': 85.28, 'scoreChange': -5.69, 'dataType': 0, 'industryType': 0, 'isTrack': 1, 'isPpp': 0}, {'blockCode': '885572.DDBK', 'score': 104.05, 'scoreChangePre': 54.76, 'scoreChange': 10.95, 'dataType': 0, 'industryType': 0, 'isTrack': 1, 'isPpp': 0}, {'blockCode': '885692.DDBK', 'score': 98.0, 'scoreChangePre': 29.4, 'scoreChange': 9.8, 'dataType': 0, 'industryType': 0, 'isTrack': 1, 'isPpp': 0}, {'blockCode': '885398.DDBK', 'score': 81.75, 'scoreChangePre': 54.5, 'scoreChange': -9.08, 'dataType': 0, 'industryType': 0, 'isTrack': 1, 'isPpp': 0}, {'blockCode': '885914.DDBK', 'score': 48.36, 'scoreChangePre': 29.01, 'scoreChange': -9.68, 'dataType': 0, 'industryType': 0, 'isTrack': 1, 'isPpp': 0}, {'blockCode': '885433.DDBK', 'score': 45.98, 'scoreChangePre': 9.2, 'scoreChange': 0.0, 'dataType': 0, 'industryType': 0, 'isTrack': 1, 'isPpp': 0}, {'blockCode': '885428.DDBK', 'score': 28.65, 'scoreChangePre': 28.65, 'scoreChange': 28.65, 'dataType': 0, 'industryType': 0, 'isTrack': 1, 'isPpp': 0}]"
2024-09-09,000035.BKDL,91.45,56.42,1.82,1,1,0,"[{'blockCode': '886011.DDBK', 'score': 153.34, 'scoreChangePre': 131.43, 'scoreChange': -21.91, 'dataType': 0, 'industryType': 0, 'isTrack': 1, 'isPpp': 0}, {'blockCode': '885798.DDBK', 'score': 148.96, 'scoreChangePre': -0.0, 'scoreChange': 0.0, 'dataType': 0, 'industryType': 0, 'isTrack': 1, 'isPpp': 0}, {'blockCode': '885948.DDBK', 'score': 142.62, 'scoreChangePre': 110.93, 'scoreChange': 15.85, 'dataType': 0, 'industryType': 0, 'isTrack': 1, 'isPpp': 0}, {'blockCode': '886007.DDBK', 'score': 120.13, 'scoreChangePre': 84.09, 'scoreChange': -12.01, 'dataType': 0, 'industryType': 0, 'isTrack': 1, 'isPpp': 0}, {'blockCode': '885425.DDBK', 'score': 112.85, 'scoreChangePre': 90.28, 'scoreChange': 7.52, 'dataType': 0, 'industryType': 0, 'isTrack': 1, 'isPpp': 0}, {'blockCode': '885938.DDBK', 'score': 106.4, 'scoreChangePre': 42.56, 'scoreChange': 10.64, 'dataType': 0, 'industryType': 0, 'isTrack': 1, 'isPpp': 0}, {'blockCode': '885878.DDBK', 'score': 98.37, 'scoreChangePre': 70.26, 'scoreChange': -14.05, 'dataType': 0, 'industryType': 0, 'isTrack': 1, 'isPpp': 0}, {'blockCode': '885641.DDBK', 'score': 95.42, 'scoreChangePre': 66.26, 'scoreChange': -2.65, 'dataType': 0, 'industryType': 0, 'isTrack': 1, 'isPpp': 0}, {'blockCode': '886006.DDBK', 'score': 88.67, 'scoreChangePre': 53.2, 'scoreChange': 0.0, 'dataType': 0, 'industryType': 0, 'isTrack': 1, 'isPpp': 0}, {'blockCode': '885922.DDBK', 'score': 84.64, 'scoreChangePre': 50.79, 'scoreChange': 0.0, 'dataType': 0, 'industryType': 0, 'isTrack': 1, 'isPpp': 0}, {'blockCode': '885571.DDBK', 'score': 84.54, 'scoreChangePre': 60.38, 'scoreChange': -4.03, 'dataType': 0, 'industryType': 0, 'isTrack': 1, 'isPpp': 0}, {'blockCode': '886010.DDBK', 'score': 82.76, 'scoreChangePre': 82.76, 'scoreChange': -16.55, 'dataType': 0, 'industryType': 0, 'isTrack': 1, 'isPpp': 0}, {'blockCode': '885311.DDBK', 'score': 82.32, 'scoreChangePre': 62.72, 'scoreChange': 3.92, 'dataType': 0, 'industryType': 0, 'isTrack': 1, 'isPpp': 0}, {'blockCode': '885958.DDBK', 'score': 80.52, 'scoreChangePre': 80.52, 'scoreChange': 0.0, 'dataType': 0, 'industryType': 0, 'isTrack': 1, 'isPpp': 0}, {'blockCode': '885531.DDBK', 'score': 80.36, 'scoreChangePre': 57.4, 'scoreChange': -5.74, 'dataType': 0, 'industryType': 0, 'isTrack': 1, 'isPpp': 0}, {'blockCode': '885944.DDBK', 'score': 80.21, 'scoreChangePre': 22.92, 'scoreChange': 0.0, 'dataType': 0, 'industryType': 0, 'isTrack': 1, 'isPpp': 0}, {'blockCode': '885710.DDBK', 'score': 79.8, 'scoreChangePre': 37.24, 'scoreChange': -7.09, 'dataType': 0, 'industryType': 0, 'isTrack': 1, 'isPpp': 0}, {'blockCode': '886038.DDBK', 'score': 78.4, 'scoreChangePre': 78.4, 'scoreChange': 0.0, 'dataType': 0, 'industryType': 0, 'isTrack': 1, 'isPpp': 0}, {'blockCode': '886003.DDBK', 'score': 77.05, 'scoreChangePre': 25.68, 'scoreChange': 0.0, 'dataType': 0, 'industryType': 0, 'isTrack': 1, 'isPpp': 0}, {'blockCode': '885920.DDBK', 'score': 75.86, 'scoreChangePre': 27.59, 'scoreChange': -6.9, 'dataType': 0, 'industryType': 0, 'isTrack': 1, 'isPpp': 0}, {'blockCode': '885921.DDBK', 'score': 74.13, 'scoreChangePre': 56.48, 'scoreChange': -5.29, 'dataType': 0, 'industryType': 0, 'isTrack': 1, 'isPpp': 0}, {'blockCode': '885928.DDBK', 'score': 69.28, 'scoreChangePre': 8.66, 'scoreChange': -8.66, 'dataType': 0, 'industryType': 0, 'isTrack': 1, 'isPpp': 0}, {'blockCode': '886026.DDBK', 'score': 59.58, 'scoreChangePre': 29.79, 'scoreChange': 0.0, 'dataType': 0, 'industryType': 0, 'isTrack': 1, 'isPpp': 0}, {'blockCode': '886032.DDBK', 'score': 55.86, 'scoreChangePre': 6.21, 'scoreChange': 0.0, 'dataType': 0, 'industryType': 0, 'isTrack': 1, 'isPpp': 0}, {'blockCode': '885936.DDBK', 'score': 54.09, 'scoreChangePre': 37.45, 'scoreChange': -8.32, 'dataType': 0, 'industryType': 0, 'isTrack': 1, 'isPpp': 0}, {'blockCode': '885996.DDBK', 'score': 50.32, 'scoreChangePre': 30.19, 'scoreChange': 0.0, 'dataType': 0, 'industryType': 0, 'isTrack': 1, 'isPpp': 0}, {'blockCode': '885789.DDBK', 'score': 47.4, 'scoreChangePre': 13.55, 'scoreChange': -10.15, 'dataType': 0, 'industryType': 0, 'isTrack': 1, 'isPpp': 0}, {'blockCode': '886053.DDBK', 'score': 43.81, 'scoreChangePre': 43.81, 'scoreChange': 0.0, 'dataType': 0, 'industryType': 0, 'isTrack': 1, 'isPpp': 0}, {'blockCode': '886005.DDBK', 'score': 38.19, 'scoreChangePre': 19.09, 'scoreChange': -19.1, 'dataType': 0, 'industryType': 0, 'isTrack': 1, 'isPpp': 0}, {'blockCode': '886065.DDBK', 'score': 24.03, 'scoreChangePre': -0.0, 'scoreChange': -24.02, 'dataType': 0, 'industryType': 0, 'isTrack': 1, 'isPpp': 0}, {'blockCode': '885819.DDBK', 'score': 21.91, 'scoreChangePre': 10.96, 'scoreChange': 0.0, 'dataType': 0, 'industryType': 0, 'isTrack': 1, 'isPpp': 0}, {'blockCode': '886004.DDBK', 'score': 20.41, 'scoreChangePre': 0.0, 'scoreChange': 10.21, 'dataType': 0, 'industryType': 0, 'isTrack': 1, 'isPpp': 0}, {'blockCode': '885935.DDBK', 'score': 14.9, 'scoreChangePre': -14.89, 'scoreChange': 0.0, 'dataType': 0, 'industryType': 0, 'isTrack': 1, 'isPpp': 0}, {'blockCode': '885781.DDBK', 'score': 0.0, 'scoreChangePre': -101.56, 'scoreChange': -33.85, 'dataType': 0, 'industryType': 0, 'isTrack': 1, 'isPpp': 0}]"
2024-09-09,000016.BKDL,91.4,43.23,3.7,1,0,0,"[{'blockCode': '885956.DDBK', 'score': 98.58, 'scoreChangePre': 21.91, 'scoreChange': 5.48, 'dataType': 0, 'industryType': 0, 'isTrack': 0, 'isPpp': 0}, {'blockCode': '885568.DDBK', 'score': 90.19, 'scoreChangePre': 52.37, 'scoreChange': -2.91, 'dataType': 0, 'industryType': 0, 'isTrack': 0, 'isPpp': 0}, {'blockCode': '885881.DDBK', 'score': 88.67, 'scoreChangePre': 17.74, 'scoreChange': -17.73, 'dataType': 0, 'industryType': 0, 'isTrack': 0, 'isPpp': 0}, {'blockCode': '885378.DDBK', 'score': 80.73, 'scoreChangePre': 31.25, 'scoreChange': 2.6, 'dataType': 0, 'industryType': 0, 'isTrack': 0, 'isPpp': 0}, {'blockCode': '885459.DDBK', 'score': 66.42, 'scoreChangePre': 4.75, 'scoreChange': 4.75, 'dataType': 0, 'industryType': 0, 'isTrack': 0, 'isPpp': 0}, {'blockCode': '885844.DDBK', 'score': 65.72, 'scoreChangePre': -0.0, 'scoreChange': 0.0, 'dataType': 0, 'industryType': 0, 'isTrack': 0, 'isPpp': 0}, {'blockCode': '885730.DDBK', 'score': 64.77, 'scoreChangePre': 0.0, 'scoreChange': 10.8, 'dataType': 0, 'industryType': 0, 'isTrack': 0, 'isPpp': 0}, {'blockCode': '886017.DDBK', 'score': 27.59, 'scoreChangePre': -41.37, 'scoreChange': 0.0, 'dataType': 0, 'industryType': 0, 'isTrack': 0, 'isPpp': 0}, {'blockCode': '886039.DDBK', 'score': 0.0, 'scoreChangePre': 0.0, 'scoreChange': 0.0, 'dataType': 0, 'industryType': 0, 'isTrack': 0, 'isPpp': 0}]"
2024-09-09,000014.BKDL,89.31,55.82,0.0,1,0,0,"[{'blockCode': '886047.DDBK', 'score': 169.27, 'scoreChangePre': 135.42, 'scoreChange': 0.0, 'dataType': 0, 'industryType': 0, 'isTrack': 0, 'isPpp': 0}, {'blockCode': '885454.DDBK', 'score': 82.76, 'scoreChangePre': 57.93, 'scoreChange': -8.27, 'dataType': 0, 'industryType': 0, 'isTrack': 0, 'isPpp': 0}, {'blockCode': '886036.DDBK', 'score': 82.76, 'scoreChangePre': 16.56, 'scoreChange': -16.55, 'dataType': 0, 'industryType': 0, 'isTrack': 0, 'isPpp': 0}, {'blockCode': '885759.DDBK', 'score': 73.66, 'scoreChangePre': 8.18, 'scoreChange': 0.0, 'dataType': 0, 'industryType': 0, 'isTrack': 0, 'isPpp': 0}, {'blockCode': '885785.DDBK', 'score': 71.31, 'scoreChangePre': 52.82, 'scoreChange': -7.92, 'dataType': 0, 'industryType': 0, 'isTrack': 0, 'isPpp': 0}, {'blockCode': '885771.DDBK', 'score': 32.38, 'scoreChangePre': -0.0, 'scoreChange': 0.0, 'dataType': 0, 'industryType': 0, 'isTrack': 0, 'isPpp': 0}]"
2024-09-09,000006.BKDL,88.13,39.76,3.31,1,0,0,"[{'blockCode': '885502.DDBK', 'score': 113.71, 'scoreChangePre': 62.54, 'scoreChange': -11.37, 'dataType': 0, 'industryType': 0, 'isTrack': 0, 'isPpp': 0}, {'blockCode': '885376.DDBK', 'score': 81.46, 'scoreChangePre': 34.91, 'scoreChange': 0.0, 'dataType': 0, 'industryType': 0, 'isTrack': 0, 'isPpp': 0}, {'blockCode': '885806.DDBK', 'score': 81.44, 'scoreChangePre': 33.09, 'scoreChange': -0.84, 'dataType': 0, 'industryType': 0, 'isTrack': 0, 'isPpp': 1}, {'blockCode': '885843.DDBK', 'score': 69.83, 'scoreChangePre': -23.27, 'scoreChange': 23.28, 'dataType': 0, 'industryType': 0, 'isTrack': 0, 'isPpp': 0}, {'blockCode': '885982.DDBK', 'score': 69.83, 'scoreChangePre': 69.83, 'scoreChange': 0.0, 'dataType': 0, 'industryType': 0, 'isTrack': 0, 'isPpp': 0}, {'blockCode': '886058.DDBK', 'score': 69.83, 'scoreChangePre': 46.55, 'scoreChange': 0.0, 'dataType': 0, 'industryType': 0, 'isTrack': 0, 'isPpp': 0}, {'blockCode': '885980.DDBK', 'score': 51.81, 'scoreChangePre': -6.48, 'scoreChange': -6.48, 'dataType': 0, 'industryType': 0, 'isTrack': 0, 'isPpp': 0}, {'blockCode': '885923.DDBK', 'score': 51.17, 'scoreChangePre': 5.69, 'scoreChange': -5.68, 'dataType': 0, 'industryType': 0, 'isTrack': 0, 'isPpp': 0}, {'blockCode': '886059.DDBK', 'score': 47.74, 'scoreChangePre': -0.0, 'scoreChange': 0.0, 'dataType': 0, 'industryType': 0, 'isTrack': 0, 'isPpp': 0}, {'blockCode': '886055.DDBK', 'score': 0.0, 'scoreChangePre': -63.39, 'scoreChange': 0.0, 'dataType': 0, 'industryType': 0, 'isTrack': 0, 'isPpp': 0}]"
2024-09-09,000025.BKDL,88.1,49.76,4.08,1,0,0,"[{'blockCode': '885998.DDBK', 'score': 112.85, 'scoreChangePre': 67.71, 'scoreChange': 0.0, 'dataType': 0, 'industryType': 0, 'isTrack': 0, 'isPpp': 0}, {'blockCode': '885868.DDBK', 'score': 83.69, 'scoreChangePre': 25.11, 'scoreChange': -16.73, 'dataType': 0, 'industryType': 0, 'isTrack': 0, 'isPpp': 0}, {'blockCode': '885556.DDBK', 'score': 79.66, 'scoreChangePre': 47.8, 'scoreChange': -1.99, 'dataType': 0, 'industryType': 0, 'isTrack': 0, 'isPpp': 0}, {'blockCode': '885783.DDBK', 'score': 79.52, 'scoreChangePre': 39.76, 'scoreChange': 2.65, 'dataType': 0, 'industryType': 0, 'isTrack': 0, 'isPpp': 0}, {'blockCode': '885312.DDBK', 'score': 76.9, 'scoreChangePre': 35.16, 'scoreChange': 0.0, 'dataType': 0, 'industryType': 0, 'isTrack': 0, 'isPpp': 0}, {'blockCode': '885574.DDBK', 'score': 48.22, 'scoreChangePre': -0.0, 'scoreChange': 5.35, 'dataType': 0, 'industryType': 0, 'isTrack': 0, 'isPpp': 0}, {'blockCode': '886043.DDBK', 'score': 39.2, 'scoreChangePre': -0.0, 'scoreChange': 0.0, 'dataType': 0, 'industryType': 0, 'isTrack': 0, 'isPpp': 0}, {'blockCode': '885940.DDBK', 'score': 35.47, 'scoreChangePre': -17.73, 'scoreChange': -17.73, 'dataType': 0, 'industryType': 0, 'isTrack': 0, 'isPpp': 0}, {'blockCode': '886037.DDBK', 'score': 31.03, 'scoreChangePre': 31.03, 'scoreChange': -15.52, 'dataType': 0, 'industryType': 0, 'isTrack': 0, 'isPpp': 0}]"
2024-09-09,000022.BKDL,87.3,54.56,2.73,1,1,0,"[{'blockCode': '885829.DDBK', 'score': 223.44, 'scoreChangePre': 223.44, 'scoreChange': 0.0, 'dataType': 0, 'industryType': 0, 'isTrack': 1, 'isPpp': 0}, {'blockCode': '885931.DDBK', 'score': 171.88, 'scoreChangePre': 114.59, 'scoreChange': 0.0, 'dataType': 0, 'industryType': 0, 'isTrack': 1, 'isPpp': 0}, {'blockCode': '885551.DDBK', 'score': 133.0, 'scoreChangePre': 133.0, 'scoreChange': 0.0, 'dataType': 0, 'industryType': 0, 'isTrack': 1, 'isPpp': 0}, {'blockCode': '885882.DDBK', 'score': 104.53, 'scoreChangePre': 65.33, 'scoreChange': 0.0, 'dataType': 0, 'industryType': 0, 'isTrack': 1, 'isPpp': 0}, {'blockCode': '885633.DDBK', 'score': 101.56, 'scoreChangePre': 0.0, 'scoreChange': 0.0, 'dataType': 0, 'industryType': 0, 'isTrack': 1, 'isPpp': 0}, {'blockCode': '885650.DDBK', 'score': 101.56, 'scoreChangePre': 84.63, 'scoreChange': 0.0, 'dataType': 0, 'industryType': 0, 'isTrack': 1, 'isPpp': 0}, {'blockCode': '885901.DDBK', 'score': 56.42, 'scoreChangePre': 33.85, 'scoreChange': 0.0, 'dataType': 0, 'industryType': 0, 'isTrack': 1, 'isPpp': 0}, {'blockCode': '885937.DDBK', 'score': 53.2, 'scoreChangePre': 53.2, 'scoreChange': 0.0, 'dataType': 0, 'industryType': 0, 'isTrack': 1, 'isPpp': 0}, {'blockCode': '885912.DDBK', 'score': 37.24, 'scoreChangePre': -0.0, 'scoreChange': 0.0, 'dataType': 0, 'industryType': 0, 'isTrack': 1, 'isPpp': 0}, {'blockCode': '885652.DDBK', 'score': 0.0, 'scoreChangePre': 0.0, 'scoreChange': 0.0, 'dataType': 0, 'industryType': 0, 'isTrack': 1, 'isPpp': 0}, {'blockCode': '885903.DDBK', 'score': 0.0, 'scoreChangePre': 0.0, 'scoreChange': 0.0, 'dataType': 0, 'industryType': 0, 'isTrack': 1, 'isPpp': 0}]"
2024-09-09,000029.BKDL,84.95,53.53,4.65,1,0,0,"[{'blockCode': '885774.DDBK', 'score': 106.4, 'scoreChangePre': 70.93, 'scoreChange': -17.73, 'dataType': 0, 'industryType': 0, 'isTrack': 0, 'isPpp': 0}, {'blockCode': '885738.DDBK', 'score': 88.67, 'scoreChangePre': 41.38, 'scoreChange': -11.82, 'dataType': 0, 'industryType': 0, 'isTrack': 0, 'isPpp': 0}, {'blockCode': '885800.DDBK', 'score': 86.18, 'scoreChangePre': 46.17, 'scoreChange': -12.31, 'dataType': 0, 'industryType': 0, 'isTrack': 0, 'isPpp': 0}, {'blockCode': '885953.DDBK', 'score': 78.4, 'scoreChangePre': 78.4, 'scoreChange': -39.2, 'dataType': 0, 'industryType': 0, 'isTrack': 0, 'isPpp': 0}, {'blockCode': '885809.DDBK', 'score': 72.41, 'scoreChangePre': 31.03, 'scoreChange': -31.03, 'dataType': 0, 'industryType': 0, 'isTrack': 0, 'isPpp': 0}, {'blockCode': '885675.DDBK', 'score': 66.27, 'scoreChangePre': 41.02, 'scoreChange': -6.32, 'dataType': 0, 'industryType': 0, 'isTrack': 0, 'isPpp': 0}, {'blockCode': '886020.DDBK', 'score': 62.07, 'scoreChangePre': 62.07, 'scoreChange': 20.69, 'dataType': 0, 'industryType': 0, 'isTrack': 0, 'isPpp': 0}, {'blockCode': '885959.DDBK', 'score': 56.57, 'scoreChangePre': 47.14, 'scoreChange': -9.42, 'dataType': 0, 'industryType': 0, 'isTrack': 0, 'isPpp': 0}, {'blockCode': '885875.DDBK', 'score': 55.86, 'scoreChangePre': 37.24, 'scoreChange': -18.62, 'dataType': 0, 'industryType': 0, 'isTrack': 0, 'isPpp': 0}, {'blockCode': '885987.DDBK', 'score': 40.26, 'scoreChangePre': 40.26, 'scoreChange': -60.39, 'dataType': 0, 'industryType': 0, 'isTrack': 0, 'isPpp': 0}]"
2024-09-09,000031.BKDL,83.56,41.42,2.9,1,0,0,"[{'blockCode': '886054.DDBK', 'score': 168.18, 'scoreChangePre': 120.13, 'scoreChange': 24.03, 'dataType': 0, 'industryType': 0, 'isTrack': 0, 'isPpp': 0}, {'blockCode': '886050.DDBK', 'score': 111.72, 'scoreChangePre': 52.14, 'scoreChange': 0.0, 'dataType': 0, 'industryType': 0, 'isTrack': 0, 'isPpp': 0}, {'blockCode': '885977.DDBK', 'score': 95.08, 'scoreChangePre': 31.69, 'scoreChange': -15.85, 'dataType': 0, 'industryType': 0, 'isTrack': 0, 'isPpp': 0}, {'blockCode': '886044.DDBK', 'score': 93.1, 'scoreChangePre': 69.82, 'scoreChange': -11.64, 'dataType': 0, 'industryType': 0, 'isTrack': 0, 'isPpp': 0}, {'blockCode': '886033.DDBK', 'score': 88.2, 'scoreChangePre': 68.6, 'scoreChange': 0.0, 'dataType': 0, 'industryType': 0, 'isTrack': 0, 'isPpp': 0}, {'blockCode': '885957.DDBK', 'score': 88.14, 'scoreChangePre': 26.44, 'scoreChange': 0.0, 'dataType': 0, 'industryType': 0, 'isTrack': 0, 'isPpp': 0}, {'blockCode': '885790.DDBK', 'score': 82.76, 'scoreChangePre': 32.19, 'scoreChange': 4.6, 'dataType': 0, 'industryType': 0, 'isTrack': 0, 'isPpp': 0}, {'blockCode': '886049.DDBK', 'score': 80.96, 'scoreChangePre': 64.77, 'scoreChange': 0.0, 'dataType': 0, 'industryType': 0, 'isTrack': 0, 'isPpp': 0}, {'blockCode': '885362.DDBK', 'score': 80.88, 'scoreChangePre': 40.44, 'scoreChange': 0.0, 'dataType': 0, 'industryType': 0, 'isTrack': 0, 'isPpp': 0}, {'blockCode': '885908.DDBK', 'score': 74.48, 'scoreChangePre': 59.58, 'scoreChange': 0.0, 'dataType': 0, 'industryType': 0, 'isTrack': 0, 'isPpp': 0}, {'blockCode': '885864.DDBK', 'score': 69.83, 'scoreChangePre': -0.0, 'scoreChange': 11.64, 'dataType': 0, 'industryType': 0, 'isTrack': 0, 'isPpp': 0}, {'blockCode': '885897.DDBK', 'score': 66.7, 'scoreChangePre': 55.58, 'scoreChange': 0.0, 'dataType': 0, 'industryType': 0, 'isTrack': 0, 'isPpp': 0}, {'blockCode': '885756.DDBK', 'score': 62.83, 'scoreChangePre': 19.92, 'scoreChange': -6.13, 'dataType': 0, 'industryType': 0, 'isTrack': 0, 'isPpp': 0}, {'blockCode': '886009.DDBK', 'score': 56.75, 'scoreChangePre': 35.47, 'scoreChange': 0.0, 'dataType': 0, 'industryType': 0, 'isTrack': 0, 'isPpp': 0}, {'blockCode': '886048.DDBK', 'score': 56.21, 'scoreChangePre': 42.16, 'scoreChange': -14.05, 'dataType': 0, 'industryType': 0, 'isTrack': 0, 'isPpp': 0}, {'blockCode': '885925.DDBK', 'score': 43.81, 'scoreChangePre': -43.81, 'scoreChange': 0.0, 'dataType': 0, 'industryType': 0, 'isTrack': 0, 'isPpp': 0}, {'blockCode': '886042.DDBK', 'score': 38.69, 'scoreChangePre': 0.0, 'scoreChange': -9.67, 'dataType': 0, 'industryType': 0, 'isTrack': 0, 'isPpp': 0}, {'blockCode': '886073.DDBK', 'score': 28.65, 'scoreChangePre': 0.0, 'scoreChange': 0.0, 'dataType': 0, 'industryType': 0, 'isTrack': 0, 'isPpp': 0}]"
2024-09-09,000027.BKDL,83.25,36.51,4.01,1,0,0,"[{'blockCode': '885974.DDBK', 'score': 129.53, 'scoreChangePre': 97.15, 'scoreChange': 0.0, 'dataType': 0, 'industryType': 0, 'isTrack': 0, 'isPpp': 0}, {'blockCode': '885886.DDBK', 'score': 112.85, 'scoreChangePre': 112.85, 'scoreChange': 0.0, 'dataType': 0, 'industryType': 0, 'isTrack': 0, 'isPpp': 0}, {'blockCode': '886067.DDBK', 'score': 86.96, 'scoreChangePre': 56.71, 'scoreChange': 7.57, 'dataType': 0, 'industryType': 0, 'isTrack': 0, 'isPpp': 0}, {'blockCode': '885775.DDBK', 'score': 84.54, 'scoreChangePre': 12.07, 'scoreChange': 0.0, 'dataType': 0, 'industryType': 0, 'isTrack': 0, 'isPpp': 0}, {'blockCode': '885545.DDBK', 'score': 84.04, 'scoreChangePre': 37.67, 'scoreChange': -5.8, 'dataType': 0, 'industryType': 0, 'isTrack': 0, 'isPpp': 0}, {'blockCode': '885999.DDBK', 'score': 80.32, 'scoreChangePre': 21.9, 'scoreChange': -14.61, 'dataType': 0, 'industryType': 0, 'isTrack': 0, 'isPpp': 0}, {'blockCode': '885902.DDBK', 'score': 78.4, 'scoreChangePre': -78.4, 'scoreChange': -39.2, 'dataType': 0, 'industryType': 0, 'isTrack': 0, 'isPpp': 0}, {'blockCode': '886066.DDBK', 'score': 77.58, 'scoreChangePre': 62.06, 'scoreChange': 0.0, 'dataType': 0, 'industryType': 0, 'isTrack': 0, 'isPpp': 0}, {'blockCode': '885736.DDBK', 'score': 76.57, 'scoreChangePre': 0.0, 'scoreChange': 0.0, 'dataType': 0, 'industryType': 0, 'isTrack': 0, 'isPpp': 0}, {'blockCode': '885564.DDBK', 'score': 75.56, 'scoreChangePre': 50.37, 'scoreChange': 3.6, 'dataType': 0, 'industryType': 0, 'isTrack': 0, 'isPpp': 0}, {'blockCode': '885431.DDBK', 'score': 73.99, 'scoreChangePre': 19.73, 'scoreChange': -8.88, 'dataType': 0, 'industryType': 0, 'isTrack': 0, 'isPpp': 0}, {'blockCode': '886061.DDBK', 'score': 70.93, 'scoreChangePre': 11.82, 'scoreChange': -7.88, 'dataType': 0, 'industryType': 0, 'isTrack': 0, 'isPpp': 0}, {'blockCode': '885834.DDBK', 'score': 68.6, 'scoreChangePre': -4.9, 'scoreChange': -4.9, 'dataType': 0, 'industryType': 0, 'isTrack': 0, 'isPpp': 0}, {'blockCode': '885766.DDBK', 'score': 66.61, 'scoreChangePre': 6.06, 'scoreChange': 6.06, 'dataType': 0, 'industryType': 0, 'isTrack': 0, 'isPpp': 0}, {'blockCode': '885997.DDBK', 'score': 66.13, 'scoreChangePre': 25.19, 'scoreChange': -7.88, 'dataType': 0, 'industryType': 0, 'isTrack': 0, 'isPpp': 0}, {'blockCode': '886035.DDBK', 'score': 63.58, 'scoreChangePre': 9.08, 'scoreChange': 0.0, 'dataType': 0, 'industryType': 0, 'isTrack': 0, 'isPpp': 0}, {'blockCode': '886001.DDBK', 'score': 59.58, 'scoreChangePre': 49.65, 'scoreChange': -9.93, 'dataType': 0, 'industryType': 0, 'isTrack': 0, 'isPpp': 0}, {'blockCode': '885461.DDBK', 'score': 57.08, 'scoreChangePre': 24.46, 'scoreChange': -5.44, 'dataType': 0, 'industryType': 0, 'isTrack': 0, 'isPpp': 0}, {'blockCode': '886000.DDBK', 'score': 49.65, 'scoreChangePre': 16.55, 'scoreChange': -33.11, 'dataType': 0, 'industryType': 0, 'isTrack': 0, 'isPpp': 0}, {'blockCode': '885467.DDBK', 'score': 49.0, 'scoreChangePre': 3.27, 'scoreChange': -6.53, 'dataType': 0, 'industryType': 0, 'isTrack': 0, 'isPpp': 0}, {'blockCode': '885945.DDBK', 'score': 38.69, 'scoreChangePre': -9.67, 'scoreChange': 9.67, 'dataType': 0, 'industryType': 0, 'isTrack': 0, 'isPpp': 0}, {'blockCode': '885662.DDBK', 'score': 33.1, 'scoreChangePre': -49.66, 'scoreChange': -5.52, 'dataType': 0, 'industryType': 0, 'isTrack': 0, 'isPpp': 0}, {'blockCode': '885871.DDBK', 'score': 26.6, 'scoreChangePre': -26.6, 'scoreChange': -53.2, 'dataType': 0, 'industryType': 0, 'isTrack': 0, 'isPpp': 0}, {'blockCode': '886064.DDBK', 'score': 26.6, 'scoreChangePre': -53.2, 'scoreChange': 0.0, 'dataType': 0, 'industryType': 0, 'isTrack': 0, 'isPpp': 0}, {'blockCode': '885861.DDBK', 'score': 0.0, 'scoreChangePre': -35.47, 'scoreChange': 0.0, 'dataType': 0, 'industryType': 0, 'isTrack': 0, 'isPpp': 0}, {'blockCode': '885943.DDBK', 'score': 0.0, 'scoreChangePre': -39.2, 'scoreChange': 0.0, 'dataType': 0, 'industryType': 0, 'isTrack': 0, 'isPpp': 0}]"
2024-09-09,000038.BKDL,80.9,43.44,3.19,1,1,0,"[{'blockCode': '885694.DDBK', 'score': 79.18, 'scoreChangePre': 43.67, 'scoreChange': -3.36, 'dataType': 0, 'industryType': 0, 'isTrack': 1, 'isPpp': 1}, {'blockCode': '883304.DDBK', 'score': 46.16, 'scoreChangePre': 13.72, 'scoreChange': -6.24, 'dataType': 0, 'industryType': 0, 'isTrack': 1, 'isPpp': 0}]"
2024-09-09,000037.BKDL,60.44,24.35,2.18,1,1,0,"[{'blockCode': '885520.DDBK', 'score': 48.66, 'scoreChangePre': 12.84, 'scoreChange': -7.48, 'dataType': 0, 'industryType': 0, 'isTrack': 1, 'isPpp': 1}, {'blockCode': '885745.DDBK', 'score': 45.89, 'scoreChangePre': 7.86, 'scoreChange': -3.94, 'dataType': 0, 'industryType': 0, 'isTrack': 1, 'isPpp': 0}, {'blockCode': '883303.DDBK', 'score': 41.16, 'scoreChangePre': 3.92, 'scoreChange': -3.92, 'dataType': 0, 'industryType': 0, 'isTrack': 1, 'isPpp': 0}, {'blockCode': '883300.DDBK', 'score': 40.32, 'scoreChangePre': 14.23, 'scoreChange': 0.0, 'dataType': 0, 'industryType': 0, 'isTrack': 1, 'isPpp': 0}, {'blockCode': '885663.DDBK', 'score': 32.24, 'scoreChangePre': -9.68, 'scoreChange': -6.45, 'dataType': 0, 'industryType': 0, 'isTrack': 1, 'isPpp': 0}, {'blockCode': '883302.DDBK', 'score': 26.33, 'scoreChangePre': -15.05, 'scoreChange': -7.52, 'dataType': 0, 'industryType': 0, 'isTrack': 1, 'isPpp': 0}, {'blockCode': '883301.DDBK', 'score': 13.54, 'scoreChangePre': -27.09, 'scoreChange': -13.54, 'dataType': 0, 'industryType': 0, 'isTrack': 1, 'isPpp': 0}]"
2024-09-09,000001.BKDL,55.26,2.4,2.4,1,1,0,"[{'blockCode': '885530.DDBK', 'score': 66.84, 'scoreChangePre': -19.1, 'scoreChange': -19.1, 'dataType': 0, 'industryType': 0, 'isTrack': 1, 'isPpp': 0}, {'blockCode': '885355.DDBK', 'score': 56.57, 'scoreChangePre': 18.86, 'scoreChange': 9.43, 'dataType': 0, 'industryType': 0, 'isTrack': 1, 'isPpp': 0}, {'blockCode': '885969.DDBK', 'score': 45.14, 'scoreChangePre': 22.57, 'scoreChange': 0.0, 'dataType': 0, 'industryType': 0, 'isTrack': 1, 'isPpp': 0}, {'blockCode': '885552.DDBK', 'score': 39.2, 'scoreChangePre': -28.0, 'scoreChange': 0.0, 'dataType': 0, 'industryType': 0, 'isTrack': 1, 'isPpp': 0}, {'blockCode': '885865.DDBK', 'score': 26.6, 'scoreChangePre': -26.6, 'scoreChange': 0.0, 'dataType': 0, 'industryType': 0, 'isTrack': 1, 'isPpp': 0}, {'blockCode': '885973.DDBK', 'score': 24.83, 'scoreChangePre': -24.82, 'scoreChange': 0.0, 'dataType': 0, 'industryType': 0, 'isTrack': 1, 'isPpp': 0}, {'blockCode': '885284.DDBK', 'score': 16.19, 'scoreChangePre': -0.0, 'scoreChange': -16.19, 'dataType': 0, 'industryType': 0, 'isTrack': 1, 'isPpp': 0}, {'blockCode': '885343.DDBK', 'score': 0.0, 'scoreChangePre': -26.6, 'scoreChange': -13.3, 'dataType': 0, 'industryType': 0, 'isTrack': 1, 'isPpp': 0}, {'blockCode': '885970.DDBK', 'score': 0.0, 'scoreChangePre': -24.83, 'scoreChange': 0.0, 'dataType': 0, 'industryType': 0, 'isTrack': 1, 'isPpp': 0}, {'blockCode': '885971.DDBK', 'score': 0.0, 'scoreChangePre': -27.59, 'scoreChange': 0.0, 'dataType': 0, 'industryType': 0, 'isTrack': 1, 'isPpp': 0}, {'blockCode': '885972.DDBK', 'score': 0.0, 'scoreChangePre': -38.19, 'scoreChange': -19.1, 'dataType': 0, 'industryType': 0, 'isTrack': 1, 'isPpp': 0}]"
2024-09-06,000028.BKDL,138.93,-135.06,0.0,1,1,0,"[{'blockCode': '885699.DDBK', 'score': 131.21, 'scoreChangePre': -123.49, 'scoreChange': -7.72, 'dataType': 0, 'industryType': 0, 'isTrack': 1, 'isPpp': 1}]"
2024-09-06,000015.BKDL,75.34,-316.61,0.96,1,1,0,"[{'blockCode': '885749.DDBK', 'score': 110.34, 'scoreChangePre': -427.57, 'scoreChange': 0.0, 'dataType': 0, 'industryType': 0, 'isTrack': 1, 'isPpp': 0}, {'blockCode': '885570.DDBK', 'score': 98.0, 'scoreChangePre': -205.8, 'scoreChange': 9.8, 'dataType': 0, 'industryType': 0, 'isTrack': 1, 'isPpp': 0}, {'blockCode': '885835.DDBK', 'score': 89.0, 'scoreChangePre': -210.79, 'scoreChange': 0.0, 'dataType': 0, 'industryType': 0, 'isTrack': 1, 'isPpp': 0}, {'blockCode': '885456.DDBK', 'score': 87.93, 'scoreChangePre': -413.78, 'scoreChange': 0.0, 'dataType': 0, 'industryType': 0, 'isTrack': 1, 'isPpp': 0}, {'blockCode': '885767.DDBK', 'score': 87.62, 'scoreChangePre': -481.93, 'scoreChange': -43.82, 'dataType': 0, 'industryType': 0, 'isTrack': 1, 'isPpp': 0}, {'blockCode': '885814.DDBK', 'score': 85.94, 'scoreChangePre': -257.81, 'scoreChange': -28.64, 'dataType': 0, 'industryType': 0, 'isTrack': 1, 'isPpp': 0}, {'blockCode': '885620.DDBK', 'score': 82.76, 'scoreChangePre': -301.46, 'scoreChange': -11.82, 'dataType': 0, 'industryType': 0, 'isTrack': 1, 'isPpp': 0}, {'blockCode': '885623.DDBK', 'score': 52.57, 'scoreChangePre': -297.92, 'scoreChange': -8.77, 'dataType': 0, 'industryType': 0, 'isTrack': 1, 'isPpp': 0}, {'blockCode': '885657.DDBK', 'score': 41.38, 'scoreChangePre': -344.81, 'scoreChange': 0.0, 'dataType': 0, 'industryType': 0, 'isTrack': 1, 'isPpp': 0}, {'blockCode': '885413.DDBK', 'score': 39.82, 'scoreChangePre': -330.24, 'scoreChange': -7.02, 'dataType': 0, 'industryType': 0, 'isTrack': 1, 'isPpp': 0}]"
2024-09-06,000019.BKDL,61.34,-350.49,4.38,1,0,0,"[{'blockCode': '885753.DDBK', 'score': 331.02, 'scoreChangePre': -124.14, 'scoreChange': 0.0, 'dataType': 0, 'industryType': 0, 'isTrack': 0, 'isPpp': 0}, {'blockCode': '885895.DDBK', 'score': 186.2, 'scoreChangePre': -434.47, 'scoreChange': 31.03, 'dataType': 0, 'industryType': 0, 'isTrack': 0, 'isPpp': 0}, {'blockCode': '885960.DDBK', 'score': 117.6, 'scoreChangePre': -78.4, 'scoreChange': 0.0, 'dataType': 0, 'industryType': 0, 'isTrack': 0, 'isPpp': 0}, {'blockCode': '885963.DDBK', 'score': 76.0, 'scoreChangePre': -228.0, 'scoreChange': 0.0, 'dataType': 0, 'industryType': 0, 'isTrack': 0, 'isPpp': 0}, {'blockCode': '885825.DDBK', 'score': 26.6, 'scoreChangePre': -292.6, 'scoreChange': 26.6, 'dataType': 0, 'industryType': 0, 'isTrack': 0, 'isPpp': 0}, {'blockCode': '885761.DDBK', 'score': 19.1, 'scoreChangePre': -248.26, 'scoreChange': 0.0, 'dataType': 0, 'industryType': 0, 'isTrack': 0, 'isPpp': 0}, {'blockCode': '885522.DDBK', 'score': 18.31, 'scoreChangePre': -476.19, 'scoreChange': -6.11, 'dataType': 0, 'industryType': 0, 'isTrack': 0, 'isPpp': 0}, {'blockCode': '886012.DDBK', 'score': 16.93, 'scoreChangePre': -406.25, 'scoreChange': 0.0, 'dataType': 0, 'industryType': 0, 'isTrack': 0, 'isPpp': 0}, {'blockCode': '885747.DDBK', 'score': 0.0, 'scoreChangePre': -297.92, 'scoreChange': 0.0, 'dataType': 0, 'industryType': 0, 'isTrack': 0, 'isPpp': 0}]"
2024-09-06,000005.BKDL,60.8,-136.8,0.0,1,1,0,"[{'blockCode': '885430.DDBK', 'score': 49.65, 'scoreChangePre': -137.93, 'scoreChange': -16.55, 'dataType': 0, 'industryType': 0, 'isTrack': 1, 'isPpp': 0}, {'blockCode': '885372.DDBK', 'score': 19.6, 'scoreChangePre': -98.0, 'scoreChange': -19.6, 'dataType': 0, 'industryType': 0, 'isTrack': 1, 'isPpp': 0}, {'blockCode': '885748.DDBK', 'score': 0.0, 'scoreChangePre': -124.13, 'scoreChange': -62.07, 'dataType': 0, 'industryType': 0, 'isTrack': 1, 'isPpp': 0}]"
2024-09-06,000012.BKDL,55.86,-376.89,3.85,1,0,0,"[{'blockCode': '885497.DDBK', 'score': 106.4, 'scoreChangePre': -367.56, 'scoreChange': 0.0, 'dataType': 0, 'industryType': 0, 'isTrack': 0, 'isPpp': 0}, {'blockCode': '885792.DDBK', 'score': 93.1, 'scoreChangePre': -558.6, 'scoreChange': 0.0, 'dataType': 0, 'industryType': 0, 'isTrack': 0, 'isPpp': 0}, {'blockCode': '885603.DDBK', 'score': 81.62, 'scoreChangePre': -540.75, 'scoreChange': 0.0, 'dataType': 0, 'industryType': 0, 'isTrack': 0, 'isPpp': 0}, {'blockCode': '885457.DDBK', 'score': 77.05, 'scoreChangePre': -500.81, 'scoreChange': 0.0, 'dataType': 0, 'industryType': 0, 'isTrack': 0, 'isPpp': 0}, {'blockCode': '885480.DDBK', 'score': 69.83, 'scoreChangePre': -430.58, 'scoreChange': 5.82, 'dataType': 0, 'industryType': 0, 'isTrack': 0, 'isPpp': 0}, {'blockCode': '885797.DDBK', 'score': 69.39, 'scoreChangePre': -467.24, 'scoreChange': 4.62, 'dataType': 0, 'industryType': 0, 'isTrack': 0, 'isPpp': 0}, {'blockCode': '885737.DDBK', 'score': 67.71, 'scoreChangePre': -451.39, 'scoreChange': 0.0, 'dataType': 0, 'industryType': 0, 'isTrack': 0, 'isPpp': 0}, {'blockCode': '885418.DDBK', 'score': 62.39, 'scoreChangePre': -514.73, 'scoreChange': -7.8, 'dataType': 0, 'industryType': 0, 'isTrack': 0, 'isPpp': 0}, {'blockCode': '885788.DDBK', 'score': 60.72, 'scoreChangePre': -441.21, 'scoreChange': 0.0, 'dataType': 0, 'industryType': 0, 'isTrack': 0, 'isPpp': 0}, {'blockCode': '885791.DDBK', 'score': 59.58, 'scoreChangePre': -551.16, 'scoreChange': 0.0, 'dataType': 0, 'industryType': 0, 'isTrack': 0, 'isPpp': 0}, {'blockCode': '885647.DDBK', 'score': 57.29, 'scoreChangePre': -515.63, 'scoreChange': 0.0, 'dataType': 0, 'industryType': 0, 'isTrack': 0, 'isPpp': 0}, {'blockCode': '885934.DDBK', 'score': 56.96, 'scoreChangePre': -442.49, 'scoreChange': 0.0, 'dataType': 0, 'industryType': 0, 'isTrack': 0, 'isPpp': 0}, {'blockCode': '885779.DDBK', 'score': 55.17, 'scoreChangePre': -464.35, 'scoreChange': 0.0, 'dataType': 0, 'industryType': 0, 'isTrack': 0, 'isPpp': 0}, {'blockCode': '885874.DDBK', 'score': 55.17, 'scoreChangePre': -551.7, 'scoreChange': 0.0, 'dataType': 0, 'industryType': 0, 'isTrack': 0, 'isPpp': 0}, {'blockCode': '886014.DDBK', 'score': 53.2, 'scoreChangePre': -336.93, 'scoreChange': 17.73, 'dataType': 0, 'industryType': 0, 'isTrack': 0, 'isPpp': 0}, {'blockCode': '885816.DDBK', 'score': 52.14, 'scoreChangePre': -327.71, 'scoreChange': 0.0, 'dataType': 0, 'industryType': 0, 'isTrack': 0, 'isPpp': 0}, {'blockCode': '885876.DDBK', 'score': 50.21, 'scoreChangePre': -477.01, 'scoreChange': 8.37, 'dataType': 0, 'industryType': 0, 'isTrack': 0, 'isPpp': 0}, {'blockCode': '885709.DDBK', 'score': 44.14, 'scoreChangePre': -331.02, 'scoreChange': 2.76, 'dataType': 0, 'industryType': 0, 'isTrack': 0, 'isPpp': 0}, {'blockCode': '885820.DDBK', 'score': 43.81, 'scoreChangePre': -344.24, 'scoreChange': 0.0, 'dataType': 0, 'industryType': 0, 'isTrack': 0, 'isPpp': 0}, {'blockCode': '885586.DDBK', 'score': 42.16, 'scoreChangePre': -358.35, 'scoreChange': 7.03, 'dataType': 0, 'industryType': 0, 'isTrack': 0, 'isPpp': 0}, {'blockCode': '885890.DDBK', 'score': 40.73, 'scoreChangePre': -482.96, 'scoreChange': 5.82, 'dataType': 0, 'industryType': 0, 'isTrack': 0, 'isPpp': 0}, {'blockCode': '886046.DDBK', 'score': 39.2, 'scoreChangePre': -287.47, 'scoreChange': 0.0, 'dataType': 0, 'industryType': 0, 'isTrack': 0, 'isPpp': 0}, {'blockCode': '885701.DDBK', 'score': 38.52, 'scoreChangePre': -372.4, 'scoreChange': 0.0, 'dataType': 0, 'industryType': 0, 'isTrack': 0, 'isPpp': 0}, {'blockCode': '885918.DDBK', 'score': 36.33, 'scoreChangePre': -544.98, 'scoreChange': 0.0, 'dataType': 0, 'industryType': 0, 'isTrack': 0, 'isPpp': 0}, {'blockCode': '885580.DDBK', 'score': 32.38, 'scoreChangePre': -226.68, 'scoreChange': 0.0, 'dataType': 0, 'industryType': 0, 'isTrack': 0, 'isPpp': 0}, {'blockCode': '885950.DDBK', 'score': 32.1, 'scoreChangePre': -526.5, 'scoreChange': 0.0, 'dataType': 0, 'industryType': 0, 'isTrack': 0, 'isPpp': 0}, {'blockCode': '885772.DDBK', 'score': 28.65, 'scoreChangePre': -257.81, 'scoreChange': 0.0, 'dataType': 0, 'industryType': 0, 'isTrack': 0, 'isPpp': 0}, {'blockCode': '885615.DDBK', 'score': 24.03, 'scoreChangePre': -368.39, 'scoreChange': 0.0, 'dataType': 0, 'industryType': 0, 'isTrack': 0, 'isPpp': 0}, {'blockCode': '886060.DDBK', 'score': 0.0, 'scoreChangePre': -680.03, 'scoreChange': 0.0, 'dataType': 0, 'industryType': 0, 'isTrack': 0, 'isPpp': 0}]"
2024-09-06,000017.BKDL,55.25,-248.09,2.61,1,1,0,"[{'blockCode': '885493.DDBK', 'score': 129.1, 'scoreChangePre': -317.78, 'scoreChange': 9.93, 'dataType': 0, 'industryType': 0, 'isTrack': 1, 'isPpp': 0}, {'blockCode': '885697.DDBK', 'score': 120.13, 'scoreChangePre': -216.23, 'scoreChange': -24.02, 'dataType': 0, 'industryType': 0, 'isTrack': 1, 'isPpp': 0}, {'blockCode': '886021.DDBK', 'score': 52.39, 'scoreChangePre': -234.4, 'scoreChange': -0.54, 'dataType': 0, 'industryType': 0, 'isTrack': 1, 'isPpp': 1}, {'blockCode': '885595.DDBK', 'score': 42.28, 'scoreChangePre': -169.13, 'scoreChange': 0.0, 'dataType': 0, 'industryType': 0, 'isTrack': 1, 'isPpp': 0}, {'blockCode': '885741.DDBK', 'score': 22.23, 'scoreChangePre': -133.4, 'scoreChange': -11.12, 'dataType': 0, 'industryType': 0, 'isTrack': 1, 'isPpp': 1}, {'blockCode': '885893.DDBK', 'score': 14.6, 'scoreChangePre': -277.48, 'scoreChange': 0.0, 'dataType': 0, 'industryType': 0, 'isTrack': 1, 'isPpp': 0}]"
2024-09-06,000004.BKDL,53.73,-319.69,0.68,1,1,0,"[{'blockCode': '885894.DDBK', 'score': 148.96, 'scoreChangePre': -297.92, 'scoreChange': 0.0, 'dataType': 0, 'industryType': 0, 'isTrack': 1, 'isPpp': 0}, {'blockCode': '885764.DDBK', 'score': 112.85, 'scoreChangePre': -90.28, 'scoreChange': 0.0, 'dataType': 0, 'industryType': 0, 'isTrack': 1, 'isPpp': 0}, {'blockCode': '885827.DDBK', 'score': 95.08, 'scoreChangePre': -332.78, 'scoreChange': 0.0, 'dataType': 0, 'industryType': 0, 'isTrack': 1, 'isPpp': 0}, {'blockCode': '885472.DDBK', 'score': 82.76, 'scoreChangePre': -260.08, 'scoreChange': 0.0, 'dataType': 0, 'industryType': 0, 'isTrack': 1, 'isPpp': 0}, {'blockCode': '885849.DDBK', 'score': 74.48, 'scoreChangePre': -223.44, 'scoreChange': 0.0, 'dataType': 0, 'industryType': 0, 'isTrack': 1, 'isPpp': 0}, {'blockCode': '885744.DDBK', 'score': 62.07, 'scoreChangePre': -298.69, 'scoreChange': 0.0, 'dataType': 0, 'industryType': 0, 'isTrack': 1, 'isPpp': 0}, {'blockCode': '885734.DDBK', 'score': 59.58, 'scoreChangePre': -327.72, 'scoreChange': 0.0, 'dataType': 0, 'industryType': 0, 'isTrack': 1, 'isPpp': 0}, {'blockCode': '885514.DDBK', 'score': 58.58, 'scoreChangePre': -309.64, 'scoreChange': 8.37, 'dataType': 0, 'industryType': 0, 'isTrack': 1, 'isPpp': 0}, {'blockCode': '885521.DDBK', 'score': 57.79, 'scoreChangePre': -324.24, 'scoreChange': -6.42, 'dataType': 0, 'industryType': 0, 'isTrack': 1, 'isPpp': 0}, {'blockCode': '885617.DDBK', 'score': 51.17, 'scoreChangePre': -341.13, 'scoreChange': -11.37, 'dataType': 0, 'industryType': 0, 'isTrack': 1, 'isPpp': 0}, {'blockCode': '885939.DDBK', 'score': 42.97, 'scoreChangePre': -329.43, 'scoreChange': -28.65, 'dataType': 0, 'industryType': 0, 'isTrack': 1, 'isPpp': 0}, {'blockCode': '885832.DDBK', 'score': 38.62, 'scoreChangePre': -286.89, 'scoreChange': 0.0, 'dataType': 0, 'industryType': 0, 'isTrack': 1, 'isPpp': 0}, {'blockCode': '885345.DDBK', 'score': 32.38, 'scoreChangePre': -280.65, 'scoreChange': 0.0, 'dataType': 0, 'industryType': 0, 'isTrack': 1, 'isPpp': 0}, {'blockCode': '885924.DDBK', 'score': 27.08, 'scoreChangePre': -311.47, 'scoreChange': 0.0, 'dataType': 0, 'industryType': 0, 'isTrack': 1, 'isPpp': 0}, {'blockCode': '885487.DDBK', 'score': 0.0, 'scoreChangePre': -372.4, 'scoreChange': 0.0, 'dataType': 0, 'industryType': 0, 'isTrack': 1, 'isPpp': 0}, {'blockCode': '885591.DDBK', 'score': 0.0, 'scoreChangePre': -165.51, 'scoreChange': 0.0, 'dataType': 0, 'industryType': 0, 'isTrack': 1, 'isPpp': 0}]"
2024-09-06,000001.BKDL,52.86,-124.93,0.0,1,1,0,"[{'blockCode': '885530.DDBK', 'score': 85.94, 'scoreChangePre': -124.13, 'scoreChange': 0.0, 'dataType': 0, 'industryType': 0, 'isTrack': 1, 'isPpp': 0}, {'blockCode': '885552.DDBK', 'score': 67.2, 'scoreChangePre': -56.0, 'scoreChange': 0.0, 'dataType': 0, 'industryType': 0, 'isTrack': 1, 'isPpp': 0}, {'blockCode': '885865.DDBK', 'score': 53.2, 'scoreChangePre': -26.6, 'scoreChange': 0.0, 'dataType': 0, 'industryType': 0, 'isTrack': 1, 'isPpp': 0}, {'blockCode': '885973.DDBK', 'score': 49.65, 'scoreChangePre': -99.31, 'scoreChange': 0.0, 'dataType': 0, 'industryType': 0, 'isTrack': 1, 'isPpp': 0}, {'blockCode': '885972.DDBK', 'score': 38.19, 'scoreChangePre': -152.78, 'scoreChange': 0.0, 'dataType': 0, 'industryType': 0, 'isTrack': 1, 'isPpp': 0}, {'blockCode': '885355.DDBK', 'score': 37.71, 'scoreChangePre': -103.71, 'scoreChange': 0.0, 'dataType': 0, 'industryType': 0, 'isTrack': 1, 'isPpp': 0}, {'blockCode': '885971.DDBK', 'score': 27.59, 'scoreChangePre': -82.75, 'scoreChange': 0.0, 'dataType': 0, 'industryType': 0, 'isTrack': 1, 'isPpp': 0}, {'blockCode': '885343.DDBK', 'score': 26.6, 'scoreChangePre': -119.7, 'scoreChange': 0.0, 'dataType': 0, 'industryType': 0, 'isTrack': 1, 'isPpp': 0}, {'blockCode': '885970.DDBK', 'score': 24.83, 'scoreChangePre': -148.96, 'scoreChange': 0.0, 'dataType': 0, 'industryType': 0, 'isTrack': 1, 'isPpp': 0}, {'blockCode': '885969.DDBK', 'score': 22.57, 'scoreChangePre': -67.71, 'scoreChange': 0.0, 'dataType': 0, 'industryType': 0, 'isTrack': 1, 'isPpp': 0}, {'blockCode': '885284.DDBK', 'score': 16.19, 'scoreChangePre': -64.77, 'scoreChange': 0.0, 'dataType': 0, 'industryType': 0, 'isTrack': 1, 'isPpp': 0}]"
2024-09-06,000006.BKDL,48.37,-301.5,1.99,1,0,0,"[{'blockCode': '885843.DDBK', 'score': 93.1, 'scoreChangePre': -139.65, 'scoreChange': 23.27, 'dataType': 0, 'industryType': 0, 'isTrack': 0, 'isPpp': 0}, {'blockCode': '886055.DDBK', 'score': 63.39, 'scoreChangePre': -221.85, 'scoreChange': 0.0, 'dataType': 0, 'industryType': 0, 'isTrack': 0, 'isPpp': 0}, {'blockCode': '885980.DDBK', 'score': 58.29, 'scoreChangePre': -498.69, 'scoreChange': 0.0, 'dataType': 0, 'industryType': 0, 'isTrack': 0, 'isPpp': 0}, {'blockCode': '885502.DDBK', 'score': 51.17, 'scoreChangePre': -324.07, 'scoreChange': 0.0, 'dataType': 0, 'industryType': 0, 'isTrack': 0, 'isPpp': 0}, {'blockCode': '885806.DDBK', 'score': 48.35, 'scoreChangePre': -289.27, 'scoreChange': 2.54, 'dataType': 0, 'industryType': 0, 'isTrack': 0, 'isPpp': 1}, {'blockCode': '886059.DDBK', 'score': 47.74, 'scoreChangePre': -334.21, 'scoreChange': 9.55, 'dataType': 0, 'industryType': 0, 'isTrack': 0, 'isPpp': 0}, {'blockCode': '885376.DDBK', 'score': 46.55, 'scoreChangePre': -104.74, 'scoreChange': 0.0, 'dataType': 0, 'industryType': 0, 'isTrack': 0, 'isPpp': 0}, {'blockCode': '885923.DDBK', 'score': 45.48, 'scoreChangePre': -392.3, 'scoreChange': 5.68, 'dataType': 0, 'industryType': 0, 'isTrack': 0, 'isPpp': 0}, {'blockCode': '886058.DDBK', 'score': 23.28, 'scoreChangePre': -349.12, 'scoreChange': 0.0, 'dataType': 0, 'industryType': 0, 'isTrack': 0, 'isPpp': 0}, {'blockCode': '885982.DDBK', 'score': 0.0, 'scoreChangePre': -372.4, 'scoreChange': 0.0, 'dataType': 0, 'industryType': 0, 'isTrack': 0, 'isPpp': 0}]"
2024-09-06,000016.BKDL,48.17,-424.9,2.47,1,0,0,"[{'blockCode': '885956.DDBK', 'score': 76.67, 'scoreChangePre': -481.93, 'scoreChange': 5.48, 'dataType': 0, 'industryType': 0, 'isTrack': 0, 'isPpp': 0}, {'blockCode': '885881.DDBK', 'score': 70.93, 'scoreChangePre': -461.07, 'scoreChange': 17.73, 'dataType': 0, 'industryType': 0, 'isTrack': 0, 'isPpp': 0}, {'blockCode': '886017.DDBK', 'score': 68.96, 'scoreChangePre': -537.91, 'scoreChange': 0.0, 'dataType': 0, 'industryType': 0, 'isTrack': 0, 'isPpp': 0}, {'blockCode': '885844.DDBK', 'score': 65.72, 'scoreChangePre': -328.59, 'scoreChange': 0.0, 'dataType': 0, 'industryType': 0, 'isTrack': 0, 'isPpp': 0}, {'blockCode': '885730.DDBK', 'score': 64.77, 'scoreChangePre': -388.59, 'scoreChange': 10.8, 'dataType': 0, 'industryType': 0, 'isTrack': 0, 'isPpp': 0}, {'blockCode': '885459.DDBK', 'score': 61.67, 'scoreChangePre': -403.24, 'scoreChange': 4.74, 'dataType': 0, 'industryType': 0, 'isTrack': 0, 'isPpp': 0}, {'blockCode': '885378.DDBK', 'score': 49.48, 'scoreChangePre': -382.82, 'scoreChange': 0.0, 'dataType': 0, 'industryType': 0, 'isTrack': 0, 'isPpp': 0}, {'blockCode': '885568.DDBK', 'score': 37.82, 'scoreChangePre': -445.14, 'scoreChange': 2.91, 'dataType': 0, 'industryType': 0, 'isTrack': 0, 'isPpp': 0}, {'blockCode': '886039.DDBK', 'score': 0.0, 'scoreChangePre': -558.6, 'scoreChange': 0.0, 'dataType': 0, 'industryType': 0, 'isTrack': 0, 'isPpp': 0}]"
2024-09-06,000007.BKDL,47.44,-338.01,1.19,1,1,0,"[{'blockCode': '885915.DDBK', 'score': 75.74, 'scoreChangePre': -454.46, 'scoreChange': 0.0, 'dataType': 0, 'industryType': 0, 'isTrack': 1, 'isPpp': 0}, {'blockCode': '885750.DDBK', 'score': 60.39, 'scoreChangePre': -422.72, 'scoreChange': 0.0, 'dataType': 0, 'industryType': 0, 'isTrack': 1, 'isPpp': 0}, {'blockCode': '885991.DDBK', 'score': 53.79, 'scoreChangePre': -351.71, 'scoreChange': 0.0, 'dataType': 0, 'industryType': 0, 'isTrack': 1, 'isPpp': 0}, {'blockCode': '885386.DDBK', 'score': 41.38, 'scoreChangePre': -258.61, 'scoreChange': 0.0, 'dataType': 0, 'industryType': 0, 'isTrack': 1, 'isPpp': 0}, {'blockCode': '885439.DDBK', 'score': 41.38, 'scoreChangePre': -310.33, 'scoreChange': 0.0, 'dataType': 0, 'industryType': 0, 'isTrack': 1, 'isPpp': 0}, {'blockCode': '885782.DDBK', 'score': 38.19, 'scoreChangePre': -229.17, 'scoreChange': 0.0, 'dataType': 0, 'industryType': 0, 'isTrack': 1, 'isPpp': 0}, {'blockCode': '885758.DDBK', 'score': 37.24, 'scoreChangePre': -595.84, 'scoreChange': 0.0, 'dataType': 0, 'industryType': 0, 'isTrack': 1, 'isPpp': 0}, {'blockCode': '885478.DDBK', 'score': 27.42, 'scoreChangePre': -310.71, 'scoreChange': 0.0, 'dataType': 0, 'industryType': 0, 'isTrack': 1, 'isPpp': 0}, {'blockCode': '885760.DDBK', 'score': 16.02, 'scoreChangePre': -344.37, 'scoreChange': 0.0, 'dataType': 0, 'industryType': 0, 'isTrack': 1, 'isPpp': 0}, {'blockCode': '885984.DDBK', 'score': 14.9, 'scoreChangePre': -327.71, 'scoreChange': 0.0, 'dataType': 0, 'industryType': 0, 'isTrack': 1, 'isPpp': 0}, {'blockCode': '885978.DDBK', 'score': 0.0, 'scoreChangePre': -310.33, 'scoreChange': 0.0, 'dataType': 0, 'industryType': 0, 'isTrack': 1, 'isPpp': 0}]"
2024-09-06,000003.BKDL,47.43,-385.3,1.66,1,0,0,"[{'blockCode': '885975.DDBK', 'score': 80.52, 'scoreChangePre': -503.24, 'scoreChange': 0.0, 'dataType': 0, 'industryType': 0, 'isTrack': 0, 'isPpp': 0}, {'blockCode': '885842.DDBK', 'score': 74.48, 'scoreChangePre': -457.52, 'scoreChange': 0.0, 'dataType': 0, 'industryType': 0, 'isTrack': 0, 'isPpp': 0}, {'blockCode': '885333.DDBK', 'score': 70.45, 'scoreChangePre': -473.05, 'scoreChange': 0.0, 'dataType': 0, 'industryType': 0, 'isTrack': 0, 'isPpp': 0}, {'blockCode': '885866.DDBK', 'score': 68.6, 'scoreChangePre': -558.6, 'scoreChange': 0.0, 'dataType': 0, 'industryType': 0, 'isTrack': 0, 'isPpp': 0}, {'blockCode': '886023.DDBK', 'score': 64.21, 'scoreChangePre': -552.18, 'scoreChange': 0.0, 'dataType': 0, 'industryType': 0, 'isTrack': 0, 'isPpp': 0}, {'blockCode': '885757.DDBK', 'score': 55.63, 'scoreChangePre': -432.66, 'scoreChange': -3.09, 'dataType': 0, 'industryType': 0, 'isTrack': 0, 'isPpp': 0}, {'blockCode': '886013.DDBK', 'score': 54.11, 'scoreChangePre': -439.24, 'scoreChange': 3.18, 'dataType': 0, 'industryType': 0, 'isTrack': 0, 'isPpp': 0}, {'blockCode': '886034.DDBK', 'score': 49.65, 'scoreChangePre': -496.54, 'scoreChange': 24.82, 'dataType': 0, 'industryType': 0, 'isTrack': 0, 'isPpp': 0}, {'blockCode': '885966.DDBK', 'score': 45.6, 'scoreChangePre': -380.0, 'scoreChange': 0.0, 'dataType': 0, 'industryType': 0, 'isTrack': 0, 'isPpp': 0}, {'blockCode': '885887.DDBK', 'score': 45.31, 'scoreChangePre': -305.85, 'scoreChange': -2.83, 'dataType': 0, 'industryType': 0, 'isTrack': 0, 'isPpp': 0}, {'blockCode': '885976.DDBK', 'score': 43.81, 'scoreChangePre': -438.12, 'scoreChange': -2.58, 'dataType': 0, 'industryType': 0, 'isTrack': 0, 'isPpp': 0}, {'blockCode': '885942.DDBK', 'score': 40.26, 'scoreChangePre': -509.95, 'scoreChange': 6.71, 'dataType': 0, 'industryType': 0, 'isTrack': 0, 'isPpp': 0}, {'blockCode': '885452.DDBK', 'score': 39.08, 'scoreChangePre': -462.05, 'scoreChange': 2.3, 'dataType': 0, 'industryType': 0, 'isTrack': 0, 'isPpp': 0}, {'blockCode': '886041.DDBK', 'score': 27.36, 'scoreChangePre': -501.6, 'scoreChange': 0.0, 'dataType': 0, 'industryType': 0, 'isTrack': 0, 'isPpp': 0}, {'blockCode': '885933.DDBK', 'score': 22.23, 'scoreChangePre': -589.17, 'scoreChange': 0.0, 'dataType': 0, 'industryType': 0, 'isTrack': 0, 'isPpp': 0}]"
2024-09-06,000027.BKDL,46.74,-236.84,0.89,1,0,0,"[{'blockCode': '885902.DDBK', 'score': 156.8, 'scoreChangePre': -196.0, 'scoreChange': 0.0, 'dataType': 0, 'industryType': 0, 'isTrack': 0, 'isPpp': 0}, {'blockCode': '885662.DDBK', 'score': 82.76, 'scoreChangePre': -413.77, 'scoreChange': 5.52, 'dataType': 0, 'industryType': 0, 'isTrack': 0, 'isPpp': 0}, {'blockCode': '886064.DDBK', 'score': 79.8, 'scoreChangePre': -226.1, 'scoreChange': 13.3, 'dataType': 0, 'industryType': 0, 'isTrack': 0, 'isPpp': 0}, {'blockCode': '885736.DDBK', 'score': 76.57, 'scoreChangePre': -344.56, 'scoreChange': 3.48, 'dataType': 0, 'industryType': 0, 'isTrack': 0, 'isPpp': 0}, {'blockCode': '885834.DDBK', 'score': 73.5, 'scoreChangePre': -259.7, 'scoreChange': 4.9, 'dataType': 0, 'industryType': 0, 'isTrack': 0, 'isPpp': 0}, {'blockCode': '885775.DDBK', 'score': 72.47, 'scoreChangePre': -144.93, 'scoreChange': 4.03, 'dataType': 0, 'industryType': 0, 'isTrack': 0, 'isPpp': 0}, {'blockCode': '885766.DDBK', 'score': 60.55, 'scoreChangePre': -399.65, 'scoreChange': 12.11, 'dataType': 0, 'industryType': 0, 'isTrack': 0, 'isPpp': 0}, {'blockCode': '886061.DDBK', 'score': 59.11, 'scoreChangePre': -264.03, 'scoreChange': 3.94, 'dataType': 0, 'industryType': 0, 'isTrack': 0, 'isPpp': 0}, {'blockCode': '885999.DDBK', 'score': 58.42, 'scoreChangePre': -197.15, 'scoreChange': 0.0, 'dataType': 0, 'industryType': 0, 'isTrack': 0, 'isPpp': 0}, {'blockCode': '886035.DDBK', 'score': 54.5, 'scoreChangePre': -372.4, 'scoreChange': 0.0, 'dataType': 0, 'industryType': 0, 'isTrack': 0, 'isPpp': 0}, {'blockCode': '885431.DDBK', 'score': 54.26, 'scoreChangePre': -172.63, 'scoreChange': 1.98, 'dataType': 0, 'industryType': 0, 'isTrack': 0, 'isPpp': 0}, {'blockCode': '885871.DDBK', 'score': 53.2, 'scoreChangePre': -372.4, 'scoreChange': 0.0, 'dataType': 0, 'industryType': 0, 'isTrack': 0, 'isPpp': 0}, {'blockCode': '885945.DDBK', 'score': 48.36, 'scoreChangePre': -241.82, 'scoreChange': 0.0, 'dataType': 0, 'industryType': 0, 'isTrack': 0, 'isPpp': 0}, {'blockCode': '885545.DDBK', 'score': 46.37, 'scoreChangePre': -269.52, 'scoreChange': 0.0, 'dataType': 0, 'industryType': 0, 'isTrack': 0, 'isPpp': 0}, {'blockCode': '885467.DDBK', 'score': 45.73, 'scoreChangePre': -209.07, 'scoreChange': 0.0, 'dataType': 0, 'industryType': 0, 'isTrack': 0, 'isPpp': 0}, {'blockCode': '885997.DDBK', 'score': 40.94, 'scoreChangePre': -199.98, 'scoreChange': 1.57, 'dataType': 0, 'industryType': 0, 'isTrack': 0, 'isPpp': 0}, {'blockCode': '885943.DDBK', 'score': 39.2, 'scoreChangePre': -431.2, 'scoreChange': 0.0, 'dataType': 0, 'industryType': 0, 'isTrack': 0, 'isPpp': 0}, {'blockCode': '885861.DDBK', 'score': 35.47, 'scoreChangePre': -443.33, 'scoreChange': 0.0, 'dataType': 0, 'industryType': 0, 'isTrack': 0, 'isPpp': 0}, {'blockCode': '886000.DDBK', 'score': 33.1, 'scoreChangePre': -198.62, 'scoreChange': 0.0, 'dataType': 0, 'industryType': 0, 'isTrack': 0, 'isPpp': 0}, {'blockCode': '885461.DDBK', 'score': 32.62, 'scoreChangePre': -176.69, 'scoreChange': -5.44, 'dataType': 0, 'industryType': 0, 'isTrack': 0, 'isPpp': 0}, {'blockCode': '885974.DDBK', 'score': 32.38, 'scoreChangePre': -259.06, 'scoreChange': 0.0, 'dataType': 0, 'industryType': 0, 'isTrack': 0, 'isPpp': 0}, {'blockCode': '886067.DDBK', 'score': 30.25, 'scoreChangePre': -321.36, 'scoreChange': 0.0, 'dataType': 0, 'industryType': 0, 'isTrack': 0, 'isPpp': 0}, {'blockCode': '885564.DDBK', 'score': 25.19, 'scoreChangePre': -309.43, 'scoreChange': 0.0, 'dataType': 0, 'industryType': 0, 'isTrack': 0, 'isPpp': 0}, {'blockCode': '886066.DDBK', 'score': 15.52, 'scoreChangePre': -201.71, 'scoreChange': 0.0, 'dataType': 0, 'industryType': 0, 'isTrack': 0, 'isPpp': 0}, {'blockCode': '886001.DDBK', 'score': 9.93, 'scoreChangePre': -139.03, 'scoreChange': 0.0, 'dataType': 0, 'industryType': 0, 'isTrack': 0, 'isPpp': 0}, {'blockCode': '885886.DDBK', 'score': 0.0, 'scoreChangePre': -157.99, 'scoreChange': 0.0, 'dataType': 0, 'industryType': 0, 'isTrack': 0, 'isPpp': 0}]"
2024-09-06,000010.BKDL,43.29,-354.57,1.28,1,1,0,"[{'blockCode': '885629.DDBK', 'score': 95.49, 'scoreChangePre': -286.46, 'scoreChange': 0.0, 'dataType': 0, 'industryType': 0, 'isTrack': 1, 'isPpp': 0}, {'blockCode': '885951.DDBK', 'score': 56.75, 'scoreChangePre': -468.16, 'scoreChange': 0.0, 'dataType': 0, 'industryType': 0, 'isTrack': 1, 'isPpp': 0}, {'blockCode': '885990.DDBK', 'score': 55.17, 'scoreChangePre': -262.06, 'scoreChange': 0.0, 'dataType': 0, 'industryType': 0, 'isTrack': 1, 'isPpp': 0}, {'blockCode': '885705.DDBK', 'score': 53.0, 'scoreChangePre': -337.53, 'scoreChange': 0.0, 'dataType': 0, 'industryType': 0, 'isTrack': 1, 'isPpp': 0}, {'blockCode': '885420.DDBK', 'score': 52.98, 'scoreChangePre': -378.46, 'scoreChange': 1.51, 'dataType': 0, 'industryType': 0, 'isTrack': 1, 'isPpp': 0}, {'blockCode': '885784.DDBK', 'score': 52.86, 'scoreChangePre': -427.66, 'scoreChange': 0.0, 'dataType': 0, 'industryType': 0, 'isTrack': 1, 'isPpp': 0}, {'blockCode': '885910.DDBK', 'score': 49.65, 'scoreChangePre': -521.36, 'scoreChange': 0.0, 'dataType': 0, 'industryType': 0, 'isTrack': 1, 'isPpp': 0}, {'blockCode': '885780.DDBK', 'score': 41.38, 'scoreChangePre': -331.02, 'scoreChange': 0.0, 'dataType': 0, 'industryType': 0, 'isTrack': 1, 'isPpp': 0}, {'blockCode': '885911.DDBK', 'score': 39.2, 'scoreChangePre': -548.8, 'scoreChange': 0.0, 'dataType': 0, 'industryType': 0, 'isTrack': 1, 'isPpp': 0}, {'blockCode': '885988.DDBK', 'score': 38.0, 'scoreChangePre': -243.2, 'scoreChange': -7.6, 'dataType': 0, 'industryType': 0, 'isTrack': 1, 'isPpp': 0}, {'blockCode': '885768.DDBK', 'score': 35.47, 'scoreChangePre': -532.0, 'scoreChange': 0.0, 'dataType': 0, 'industryType': 0, 'isTrack': 1, 'isPpp': 0}, {'blockCode': '885899.DDBK', 'score': 33.1, 'scoreChangePre': -215.17, 'scoreChange': 0.0, 'dataType': 0, 'industryType': 0, 'isTrack': 1, 'isPpp': 0}, {'blockCode': '885525.DDBK', 'score': 29.79, 'scoreChangePre': -431.99, 'scoreChange': 14.89, 'dataType': 0, 'industryType': 0, 'isTrack': 1, 'isPpp': 0}, {'blockCode': '885406.DDBK', 'score': 26.6, 'scoreChangePre': -399.0, 'scoreChange': 0.0, 'dataType': 0, 'industryType': 0, 'isTrack': 1, 'isPpp': 0}, {'blockCode': '885851.DDBK', 'score': 21.28, 'scoreChangePre': -255.36, 'scoreChange': 0.0, 'dataType': 0, 'industryType': 0, 'isTrack': 1, 'isPpp': 0}, {'blockCode': '885888.DDBK', 'score': 18.62, 'scoreChangePre': -316.54, 'scoreChange': 0.0, 'dataType': 0, 'industryType': 0, 'isTrack': 1, 'isPpp': 0}, {'blockCode': '885543.DDBK', 'score': 14.9, 'scoreChangePre': -238.33, 'scoreChange': -7.44, 'dataType': 0, 'industryType': 0, 'isTrack': 1, 'isPpp': 0}, {'blockCode': '885462.DDBK', 'score': 0.0, 'scoreChangePre': -503.84, 'scoreChange': 0.0, 'dataType': 0, 'industryType': 0, 'isTrack': 1, 'isPpp': 0}, {'blockCode': '885904.DDBK', 'score': 0.0, 'scoreChangePre': -226.68, 'scoreChange': 0.0, 'dataType': 0, 'industryType': 0, 'isTrack': 1, 'isPpp': 0}, {'blockCode': '886016.DDBK', 'score': 0.0, 'scoreChangePre': -99.31, 'scoreChange': 0.0, 'dataType': 0, 'industryType': 0, 'isTrack': 1, 'isPpp': 0}]"
2024-09-06,000031.BKDL,42.14,-268.13,1.45,1,0,0,"[{'blockCode': '885925.DDBK', 'score': 87.62, 'scoreChangePre': -233.67, 'scoreChange': 0.0, 'dataType': 0, 'industryType': 0, 'isTrack': 0, 'isPpp': 0}, {'blockCode': '885864.DDBK', 'score': 69.83, 'scoreChangePre': -11.63, 'scoreChange': 0.0, 'dataType': 0, 'industryType': 0, 'isTrack': 0, 'isPpp': 0}, {'blockCode': '885977.DDBK', 'score': 63.39, 'scoreChangePre': -459.55, 'scoreChange': 0.0, 'dataType': 0, 'industryType': 0, 'isTrack': 0, 'isPpp': 0}, {'blockCode': '885957.DDBK', 'score': 61.7, 'scoreChangePre': -326.12, 'scoreChange': -4.41, 'dataType': 0, 'industryType': 0, 'isTrack': 0, 'isPpp': 0}, {'blockCode': '886050.DDBK', 'score': 59.58, 'scoreChangePre': -372.4, 'scoreChange': 0.0, 'dataType': 0, 'industryType': 0, 'isTrack': 0, 'isPpp': 0}, {'blockCode': '885790.DDBK', 'score': 50.57, 'scoreChangePre': -317.23, 'scoreChange': 0.0, 'dataType': 0, 'industryType': 0, 'isTrack': 0, 'isPpp': 0}, {'blockCode': '886054.DDBK', 'score': 48.05, 'scoreChangePre': -96.1, 'scoreChange': 0.0, 'dataType': 0, 'industryType': 0, 'isTrack': 0, 'isPpp': 0}, {'blockCode': '885756.DDBK', 'score': 42.91, 'scoreChangePre': -199.23, 'scoreChange': 0.0, 'dataType': 0, 'industryType': 0, 'isTrack': 0, 'isPpp': 0}, {'blockCode': '885362.DDBK', 'score': 40.44, 'scoreChangePre': -444.86, 'scoreChange': 3.37, 'dataType': 0, 'industryType': 0, 'isTrack': 0, 'isPpp': 0}, {'blockCode': '886042.DDBK', 'score': 38.69, 'scoreChangePre': -203.13, 'scoreChange': 9.67, 'dataType': 0, 'industryType': 0, 'isTrack': 0, 'isPpp': 0}, {'blockCode': '886073.DDBK', 'score': 28.65, 'scoreChangePre': -85.93, 'scoreChange': 0.0, 'dataType': 0, 'industryType': 0, 'isTrack': 0, 'isPpp': 0}, {'blockCode': '886044.DDBK', 'score': 23.28, 'scoreChangePre': -197.83, 'scoreChange': 0.0, 'dataType': 0, 'industryType': 0, 'isTrack': 0, 'isPpp': 0}, {'blockCode': '886009.DDBK', 'score': 21.28, 'scoreChangePre': -191.52, 'scoreChange': 0.0, 'dataType': 0, 'industryType': 0, 'isTrack': 0, 'isPpp': 0}, {'blockCode': '886033.DDBK', 'score': 19.6, 'scoreChangePre': -196.0, 'scoreChange': 0.0, 'dataType': 0, 'industryType': 0, 'isTrack': 0, 'isPpp': 0}, {'blockCode': '886049.DDBK', 'score': 16.19, 'scoreChangePre': -404.78, 'scoreChange': 0.0, 'dataType': 0, 'industryType': 0, 'isTrack': 0, 'isPpp': 0}, {'blockCode': '885908.DDBK', 'score': 14.9, 'scoreChangePre': -163.85, 'scoreChange': 0.0, 'dataType': 0, 'industryType': 0, 'isTrack': 0, 'isPpp': 0}, {'blockCode': '886048.DDBK', 'score': 14.05, 'scoreChangePre': -281.06, 'scoreChange': 0.0, 'dataType': 0, 'industryType': 0, 'isTrack': 0, 'isPpp': 0}, {'blockCode': '885897.DDBK', 'score': 11.12, 'scoreChangePre': -88.93, 'scoreChange': 0.0, 'dataType': 0, 'industryType': 0, 'isTrack': 0, 'isPpp': 0}]"
2024-09-06,000026.BKDL,41.73,-318.42,0.91,1,1,0,"[{'blockCode': '885898.DDBK', 'score': 43.81, 'scoreChangePre': -503.84, 'scoreChange': -21.91, 'dataType': 0, 'industryType': 0, 'isTrack': 1, 'isPpp': 0}, {'blockCode': '885642.DDBK', 'score': 43.39, 'scoreChangePre': -361.55, 'scoreChange': 0.0, 'dataType': 0, 'industryType': 0, 'isTrack': 1, 'isPpp': 0}, {'blockCode': '885840.DDBK', 'score': 42.65, 'scoreChangePre': -242.8, 'scoreChange': 0.0, 'dataType': 0, 'industryType': 0, 'isTrack': 1, 'isPpp': 0}, {'blockCode': '885611.DDBK', 'score': 39.2, 'scoreChangePre': -480.2, 'scoreChange': -4.9, 'dataType': 0, 'industryType': 0, 'isTrack': 1, 'isPpp': 0}, {'blockCode': '885965.DDBK', 'score': 30.78, 'scoreChangePre': -209.28, 'scoreChange': 0.0, 'dataType': 0, 'industryType': 0, 'isTrack': 1, 'isPpp': 0}]"
2024-09-06,000023.BKDL,40.61,-272.13,0.84,1,0,0,"[{'blockCode': '885932.DDBK', 'score': 124.13, 'scoreChangePre': -347.58, 'scoreChange': 0.0, 'dataType': 0, 'industryType': 0, 'isTrack': 0, 'isPpp': 0}, {'blockCode': '885787.DDBK', 'score': 62.07, 'scoreChangePre': -344.81, 'scoreChange': -13.79, 'dataType': 0, 'industryType': 0, 'isTrack': 0, 'isPpp': 0}, {'blockCode': '885742.DDBK', 'score': 60.8, 'scoreChangePre': -273.6, 'scoreChange': 0.0, 'dataType': 0, 'industryType': 0, 'isTrack': 0, 'isPpp': 0}, {'blockCode': '885740.DDBK', 'score': 56.21, 'scoreChangePre': -154.58, 'scoreChange': -14.05, 'dataType': 0, 'industryType': 0, 'isTrack': 0, 'isPpp': 0}, {'blockCode': '885802.DDBK', 'score': 44.47, 'scoreChangePre': -255.67, 'scoreChange': 0.0, 'dataType': 0, 'industryType': 0, 'isTrack': 0, 'isPpp': 0}, {'blockCode': '885729.DDBK', 'score': 43.56, 'scoreChangePre': -326.66, 'scoreChange': -4.35, 'dataType': 0, 'industryType': 0, 'isTrack': 0, 'isPpp': 0}, {'blockCode': '885739.DDBK', 'score': 39.8, 'scoreChangePre': -284.27, 'scoreChange': 0.0, 'dataType': 0, 'industryType': 0, 'isTrack': 0, 'isPpp': 0}, {'blockCode': '885869.DDBK', 'score': 35.92, 'scoreChangePre': -258.03, 'scoreChange': 0.0, 'dataType': 0, 'industryType': 0, 'isTrack': 0, 'isPpp': 1}, {'blockCode': '885560.DDBK', 'score': 32.38, 'scoreChangePre': -404.79, 'scoreChange': 0.0, 'dataType': 0, 'industryType': 0, 'isTrack': 0, 'isPpp': 0}, {'blockCode': '886072.DDBK', 'score': 30.3, 'scoreChangePre': -218.5, 'scoreChange': -4.79, 'dataType': 0, 'industryType': 0, 'isTrack': 0, 'isPpp': 0}, {'blockCode': '885796.DDBK', 'score': 29.79, 'scoreChangePre': -275.58, 'scoreChange': 0.0, 'dataType': 0, 'industryType': 0, 'isTrack': 0, 'isPpp': 0}, {'blockCode': '885873.DDBK', 'score': 20.69, 'scoreChangePre': -196.54, 'scoreChange': 0.0, 'dataType': 0, 'industryType': 0, 'isTrack': 0, 'isPpp': 0}, {'blockCode': '885587.DDBK', 'score': 0.0, 'scoreChangePre': -383.68, 'scoreChange': 0.0, 'dataType': 0, 'industryType': 0, 'isTrack': 0, 'isPpp': 0}]"
2024-09-06,000011.BKDL,40.21,-228.72,1.67,1,1,0,"[{'blockCode': '885854.DDBK', 'score': 56.67, 'scoreChangePre': -291.44, 'scoreChange': -8.1, 'dataType': 0, 'industryType': 0, 'isTrack': 1, 'isPpp': 0}, {'blockCode': '885410.DDBK', 'score': 54.94, 'scoreChangePre': -207.57, 'scoreChange': -12.21, 'dataType': 0, 'industryType': 0, 'isTrack': 1, 'isPpp': 0}, {'blockCode': '886052.DDBK', 'score': 46.55, 'scoreChangePre': -232.75, 'scoreChange': -15.52, 'dataType': 0, 'industryType': 0, 'isTrack': 1, 'isPpp': 0}, {'blockCode': '885992.DDBK', 'score': 43.81, 'scoreChangePre': -219.06, 'scoreChange': 0.0, 'dataType': 0, 'industryType': 0, 'isTrack': 1, 'isPpp': 0}, {'blockCode': '885412.DDBK', 'score': 42.23, 'scoreChangePre': -238.03, 'scoreChange': 0.0, 'dataType': 0, 'industryType': 0, 'isTrack': 1, 'isPpp': 0}, {'blockCode': '885563.DDBK', 'score': 39.34, 'scoreChangePre': -230.78, 'scoreChange': -5.24, 'dataType': 0, 'industryType': 0, 'isTrack': 1, 'isPpp': 0}, {'blockCode': '885690.DDBK', 'score': 38.09, 'scoreChangePre': -308.92, 'scoreChange': -4.23, 'dataType': 0, 'industryType': 0, 'isTrack': 1, 'isPpp': 0}, {'blockCode': '885823.DDBK', 'score': 33.5, 'scoreChangePre': -131.44, 'scoreChange': -2.58, 'dataType': 0, 'industryType': 0, 'isTrack': 1, 'isPpp': 0}, {'blockCode': '885555.DDBK', 'score': 23.28, 'scoreChangePre': -279.3, 'scoreChange': 0.0, 'dataType': 0, 'industryType': 0, 'isTrack': 1, 'isPpp': 0}, {'blockCode': '885919.DDBK', 'score': 23.15, 'scoreChangePre': -231.55, 'scoreChange': -7.72, 'dataType': 0, 'industryType': 0, 'isTrack': 1, 'isPpp': 0}, {'blockCode': '885961.DDBK', 'score': 0.0, 'scoreChangePre': -261.69, 'scoreChange': 0.0, 'dataType': 0, 'industryType': 0, 'isTrack': 1, 'isPpp': 0}, {'blockCode': '885986.DDBK', 'score': 0.0, 'scoreChangePre': -283.02, 'scoreChange': -14.9, 'dataType': 0, 'industryType': 0, 'isTrack': 1, 'isPpp': 0}]"
2024-09-06,000025.BKDL,38.34,-285.52,0.81,1,0,0,"[{'blockCode': '885868.DDBK', 'score': 58.58, 'scoreChangePre': -150.63, 'scoreChange': 0.0, 'dataType': 0, 'industryType': 0, 'isTrack': 0, 'isPpp': 0}, {'blockCode': '885940.DDBK', 'score': 53.2, 'scoreChangePre': -230.53, 'scoreChange': 0.0, 'dataType': 0, 'industryType': 0, 'isTrack': 0, 'isPpp': 0}, {'blockCode': '885574.DDBK', 'score': 48.22, 'scoreChangePre': -375.08, 'scoreChange': 0.0, 'dataType': 0, 'industryType': 0, 'isTrack': 0, 'isPpp': 0}, {'blockCode': '885998.DDBK', 'score': 45.14, 'scoreChangePre': -90.28, 'scoreChange': 0.0, 'dataType': 0, 'industryType': 0, 'isTrack': 0, 'isPpp': 0}, {'blockCode': '885312.DDBK', 'score': 41.74, 'scoreChangePre': -325.17, 'scoreChange': 0.0, 'dataType': 0, 'industryType': 0, 'isTrack': 0, 'isPpp': 0}, {'blockCode': '885783.DDBK', 'score': 39.76, 'scoreChangePre': -267.7, 'scoreChange': 2.65, 'dataType': 0, 'industryType': 0, 'isTrack': 0, 'isPpp': 0}, {'blockCode': '886043.DDBK', 'score': 39.2, 'scoreChangePre': -392.0, 'scoreChange': 0.0, 'dataType': 0, 'industryType': 0, 'isTrack': 0, 'isPpp': 0}, {'blockCode': '885556.DDBK', 'score': 31.86, 'scoreChangePre': -240.97, 'scoreChange': 0.0, 'dataType': 0, 'industryType': 0, 'isTrack': 0, 'isPpp': 0}, {'blockCode': '886037.DDBK', 'score': 0.0, 'scoreChangePre': -263.78, 'scoreChange': 0.0, 'dataType': 0, 'industryType': 0, 'isTrack': 0, 'isPpp': 0}]"
2024-09-06,000038.BKDL,37.46,-268.59,1.59,1,1,0,"[{'blockCode': '885694.DDBK', 'score': 35.51, 'scoreChangePre': -270.18, 'scoreChange': -0.48, 'dataType': 0, 'industryType': 0, 'isTrack': 1, 'isPpp': 1}, {'blockCode': '883304.DDBK', 'score': 32.44, 'scoreChangePre': -218.32, 'scoreChange': 1.25, 'dataType': 0, 'industryType': 0, 'isTrack': 1, 'isPpp': 0}]"
2024-09-06,000037.BKDL,36.09,-264.79,1.74,1,1,0,"[{'blockCode': '885663.DDBK', 'score': 41.92, 'scoreChangePre': -212.8, 'scoreChange': -3.22, 'dataType': 0, 'industryType': 0, 'isTrack': 1, 'isPpp': 0}, {'blockCode': '883302.DDBK', 'score': 41.38, 'scoreChangePre': -146.7, 'scoreChange': -3.76, 'dataType': 0, 'industryType': 0, 'isTrack': 1, 'isPpp': 0}, {'blockCode': '883301.DDBK', 'score': 40.63, 'scoreChangePre': -94.79, 'scoreChange': -13.54, 'dataType': 0, 'industryType': 0, 'isTrack': 1, 'isPpp': 0}, {'blockCode': '885745.DDBK', 'score': 38.03, 'scoreChangePre': -234.71, 'scoreChange': -1.31, 'dataType': 0, 'industryType': 0, 'isTrack': 1, 'isPpp': 0}, {'blockCode': '883303.DDBK', 'score': 37.24, 'scoreChangePre': -264.6, 'scoreChange': -1.96, 'dataType': 0, 'industryType': 0, 'isTrack': 1, 'isPpp': 0}, {'blockCode': '885520.DDBK', 'score': 35.82, 'scoreChangePre': -249.16, 'scoreChange': 0.0, 'dataType': 0, 'industryType': 0, 'isTrack': 1, 'isPpp': 1}, {'blockCode': '883300.DDBK', 'score': 26.09, 'scoreChangePre': -196.88, 'scoreChange': -2.37, 'dataType': 0, 'industryType': 0, 'isTrack': 1, 'isPpp': 0}]"
2024-09-06,000035.BKDL,35.03,-178.81,1.82,1,1,0,"[{'blockCode': '885798.DDBK', 'score': 148.96, 'scoreChangePre': -148.96, 'scoreChange': 0.0, 'dataType': 0, 'industryType': 0, 'isTrack': 1, 'isPpp': 0}, {'blockCode': '885781.DDBK', 'score': 101.56, 'scoreChangePre': 0.0, 'scoreChange': 0.0, 'dataType': 0, 'industryType': 0, 'isTrack': 1, 'isPpp': 0}, {'blockCode': '885938.DDBK', 'score': 63.84, 'scoreChangePre': -117.04, 'scoreChange': 0.0, 'dataType': 0, 'industryType': 0, 'isTrack': 1, 'isPpp': 0}, {'blockCode': '885928.DDBK', 'score': 60.62, 'scoreChangePre': -77.95, 'scoreChange': 8.66, 'dataType': 0, 'industryType': 0, 'isTrack': 1, 'isPpp': 0}, {'blockCode': '885944.DDBK', 'score': 57.29, 'scoreChangePre': -103.13, 'scoreChange': 0.0, 'dataType': 0, 'industryType': 0, 'isTrack': 1, 'isPpp': 0}, {'blockCode': '886003.DDBK', 'score': 51.37, 'scoreChangePre': -102.73, 'scoreChange': 0.0, 'dataType': 0, 'industryType': 0, 'isTrack': 1, 'isPpp': 0}, {'blockCode': '886032.DDBK', 'score': 49.65, 'scoreChangePre': -105.52, 'scoreChange': 0.0, 'dataType': 0, 'industryType': 0, 'isTrack': 1, 'isPpp': 0}, {'blockCode': '885920.DDBK', 'score': 48.27, 'scoreChangePre': -206.89, 'scoreChange': -6.9, 'dataType': 0, 'industryType': 0, 'isTrack': 1, 'isPpp': 0}, {'blockCode': '885710.DDBK', 'score': 42.56, 'scoreChangePre': -117.04, 'scoreChange': 3.55, 'dataType': 0, 'industryType': 0, 'isTrack': 1, 'isPpp': 0}, {'blockCode': '886007.DDBK', 'score': 36.04, 'scoreChangePre': -252.27, 'scoreChange': 0.0, 'dataType': 0, 'industryType': 0, 'isTrack': 1, 'isPpp': 0}, {'blockCode': '886006.DDBK', 'score': 35.47, 'scoreChangePre': -159.6, 'scoreChange': 0.0, 'dataType': 0, 'industryType': 0, 'isTrack': 1, 'isPpp': 0}, {'blockCode': '885922.DDBK', 'score': 33.85, 'scoreChangePre': -203.13, 'scoreChange': 0.0, 'dataType': 0, 'industryType': 0, 'isTrack': 1, 'isPpp': 0}, {'blockCode': '885789.DDBK', 'score': 33.85, 'scoreChangePre': -115.11, 'scoreChange': 0.0, 'dataType': 0, 'industryType': 0, 'isTrack': 1, 'isPpp': 0}, {'blockCode': '885948.DDBK', 'score': 31.69, 'scoreChangePre': -63.39, 'scoreChange': 0.0, 'dataType': 0, 'industryType': 0, 'isTrack': 1, 'isPpp': 0}, {'blockCode': '885935.DDBK', 'score': 29.79, 'scoreChangePre': -14.9, 'scoreChange': 14.89, 'dataType': 0, 'industryType': 0, 'isTrack': 1, 'isPpp': 0}, {'blockCode': '886026.DDBK', 'score': 29.79, 'scoreChangePre': -208.55, 'scoreChange': 0.0, 'dataType': 0, 'industryType': 0, 'isTrack': 1, 'isPpp': 0}, {'blockCode': '885641.DDBK', 'score': 29.16, 'scoreChangePre': -103.37, 'scoreChange': 0.0, 'dataType': 0, 'industryType': 0, 'isTrack': 1, 'isPpp': 0}, {'blockCode': '885878.DDBK', 'score': 28.11, 'scoreChangePre': -210.79, 'scoreChange': 0.0, 'dataType': 0, 'industryType': 0, 'isTrack': 1, 'isPpp': 0}, {'blockCode': '885571.DDBK', 'score': 24.16, 'scoreChangePre': -132.85, 'scoreChange': -4.02, 'dataType': 0, 'industryType': 0, 'isTrack': 1, 'isPpp': 0}, {'blockCode': '886065.DDBK', 'score': 24.03, 'scoreChangePre': -120.12, 'scoreChange': 0.0, 'dataType': 0, 'industryType': 0, 'isTrack': 1, 'isPpp': 0}, {'blockCode': '885531.DDBK', 'score': 22.96, 'scoreChangePre': -169.34, 'scoreChange': -1.44, 'dataType': 0, 'industryType': 0, 'isTrack': 1, 'isPpp': 0}, {'blockCode': '885425.DDBK', 'score': 22.57, 'scoreChangePre': -75.23, 'scoreChange': -7.52, 'dataType': 0, 'industryType': 0, 'isTrack': 1, 'isPpp': 0}, {'blockCode': '886011.DDBK', 'score': 21.91, 'scoreChangePre': -197.15, 'scoreChange': 0.0, 'dataType': 0, 'industryType': 0, 'isTrack': 1, 'isPpp': 0}, {'blockCode': '886004.DDBK', 'score': 20.41, 'scoreChangePre': -132.63, 'scoreChange': -10.2, 'dataType': 0, 'industryType': 0, 'isTrack': 1, 'isPpp': 0}, {'blockCode': '885996.DDBK', 'score': 20.13, 'scoreChangePre': -70.45, 'scoreChange': -10.06, 'dataType': 0, 'industryType': 0, 'isTrack': 1, 'isPpp': 0}, {'blockCode': '885311.DDBK', 'score': 19.6, 'scoreChangePre': -156.8, 'scoreChange': 0.0, 'dataType': 0, 'industryType': 0, 'isTrack': 1, 'isPpp': 0}, {'blockCode': '886005.DDBK', 'score': 19.1, 'scoreChangePre': -171.87, 'scoreChange': -19.09, 'dataType': 0, 'industryType': 0, 'isTrack': 1, 'isPpp': 0}, {'blockCode': '885921.DDBK', 'score': 17.65, 'scoreChangePre': -155.31, 'scoreChange': 0.0, 'dataType': 0, 'industryType': 0, 'isTrack': 1, 'isPpp': 0}, {'blockCode': '885936.DDBK', 'score': 16.64, 'scoreChangePre': -149.8, 'scoreChange': -4.16, 'dataType': 0, 'industryType': 0, 'isTrack': 1, 'isPpp': 0}, {'blockCode': '885819.DDBK', 'score': 10.95, 'scoreChangePre': -164.3, 'scoreChange': 0.0, 'dataType': 0, 'industryType': 0, 'isTrack': 1, 'isPpp': 0}, {'blockCode': '885958.DDBK', 'score': 0.0, 'scoreChangePre': -140.91, 'scoreChange': 0.0, 'dataType': 0, 'industryType': 0, 'isTrack': 1, 'isPpp': 0}, {'blockCode': '886010.DDBK', 'score': 0.0, 'scoreChangePre': -215.16, 'scoreChange': 0.0, 'dataType': 0, 'industryType': 0, 'isTrack': 1, 'isPpp': 0}, {'blockCode': '886038.DDBK', 'score': 0.0, 'scoreChangePre': -117.6, 'scoreChange': 0.0, 'dataType': 0, 'industryType': 0, 'isTrack': 1, 'isPpp': 0}, {'blockCode': '886053.DDBK', 'score': 0.0, 'scoreChangePre': -284.78, 'scoreChange': 0.0, 'dataType': 0, 'industryType': 0, 'isTrack': 1, 'isPpp': 0}]"
2024-09-06,000034.BKDL,34.81,-410.38,1.05,1,0,0,"[{'blockCode': '886031.DDBK', 'score': 52.73, 'scoreChangePre': -500.93, 'scoreChange': 0.0, 'dataType': 0, 'industryType': 0, 'isTrack': 0, 'isPpp': 0}, {'blockCode': '886019.DDBK', 'score': 42.97, 'scoreChangePre': -539.5, 'scoreChange': 0.0, 'dataType': 0, 'industryType': 0, 'isTrack': 0, 'isPpp': 0}, {'blockCode': '886062.DDBK', 'score': 42.8, 'scoreChangePre': -505.1, 'scoreChange': 0.0, 'dataType': 0, 'industryType': 0, 'isTrack': 0, 'isPpp': 0}, {'blockCode': '885728.DDBK', 'score': 32.18, 'scoreChangePre': -407.55, 'scoreChange': 0.0, 'dataType': 0, 'industryType': 0, 'isTrack': 0, 'isPpp': 0}, {'blockCode': '886074.DDBK', 'score': 21.28, 'scoreChangePre': -659.68, 'scoreChange': 0.0, 'dataType': 0, 'industryType': 0, 'isTrack': 0, 'isPpp': 0}, {'blockCode': '886040.DDBK', 'score': 0.0, 'scoreChangePre': -620.67, 'scoreChange': 0.0, 'dataType': 0, 'industryType': 0, 'isTrack': 0, 'isPpp': 0}, {'blockCode': '886068.DDBK', 'score': 0.0, 'scoreChangePre': -620.67, 'scoreChange': 0.0, 'dataType': 0, 'industryType': 0, 'isTrack': 0, 'isPpp': 0}, {'blockCode': '886070.DDBK', 'score': 0.0, 'scoreChangePre': -177.33, 'scoreChange': 0.0, 'dataType': 0, 'industryType': 0, 'isTrack': 0, 'isPpp': 0}, {'blockCode': '886071.DDBK', 'score': 0.0, 'scoreChangePre': -206.89, 'scoreChange': 0.0, 'dataType': 0, 'industryType': 0, 'isTrack': 0, 'isPpp': 0}]"
2024-09-06,000014.BKDL,33.49,-293.46,1.59,1,0,0,"[{'blockCode': '886036.DDBK', 'score': 66.2, 'scoreChangePre': -430.33, 'scoreChange': 0.0, 'dataType': 0, 'industryType': 0, 'isTrack': 0, 'isPpp': 0}, {'blockCode': '885759.DDBK', 'score': 65.48, 'scoreChangePre': -433.78, 'scoreChange': 0.0, 'dataType': 0, 'industryType': 0, 'isTrack': 0, 'isPpp': 0}, {'blockCode': '886047.DDBK', 'score': 33.85, 'scoreChangePre': -440.11, 'scoreChange': 33.85, 'dataType': 0, 'industryType': 0, 'isTrack': 0, 'isPpp': 0}, {'blockCode': '885771.DDBK', 'score': 32.38, 'scoreChangePre': -242.87, 'scoreChange': 0.0, 'dataType': 0, 'industryType': 0, 'isTrack': 0, 'isPpp': 0}, {'blockCode': '885454.DDBK', 'score': 24.83, 'scoreChangePre': -198.61, 'scoreChange': 0.0, 'dataType': 0, 'industryType': 0, 'isTrack': 0, 'isPpp': 0}, {'blockCode': '885785.DDBK', 'score': 18.49, 'scoreChangePre': -216.57, 'scoreChange': 2.64, 'dataType': 0, 'industryType': 0, 'isTrack': 0, 'isPpp': 0}]"
2024-09-06,000024.BKDL,33.15,-293.94,0.0,1,1,0,"[{'blockCode': '885812.DDBK', 'score': 49.65, 'scoreChangePre': -285.51, 'scoreChange': 0.0, 'dataType': 0, 'industryType': 0, 'isTrack': 1, 'isPpp': 0}, {'blockCode': '885640.DDBK', 'score': 46.55, 'scoreChangePre': -93.1, 'scoreChange': 0.0, 'dataType': 0, 'industryType': 0, 'isTrack': 1, 'isPpp': 0}, {'blockCode': '885706.DDBK', 'score': 44.69, 'scoreChangePre': -297.92, 'scoreChange': 0.0, 'dataType': 0, 'industryType': 0, 'isTrack': 1, 'isPpp': 0}, {'blockCode': '885967.DDBK', 'score': 41.38, 'scoreChangePre': -110.34, 'scoreChange': 0.0, 'dataType': 0, 'industryType': 0, 'isTrack': 1, 'isPpp': 0}, {'blockCode': '885995.DDBK', 'score': 40.26, 'scoreChangePre': -161.04, 'scoreChange': 0.0, 'dataType': 0, 'industryType': 0, 'isTrack': 1, 'isPpp': 0}, {'blockCode': '885811.DDBK', 'score': 37.24, 'scoreChangePre': -111.72, 'scoreChange': 0.0, 'dataType': 0, 'industryType': 0, 'isTrack': 1, 'isPpp': 0}, {'blockCode': '885808.DDBK', 'score': 33.85, 'scoreChangePre': -507.82, 'scoreChange': 0.0, 'dataType': 0, 'industryType': 0, 'isTrack': 1, 'isPpp': 0}, {'blockCode': '885839.DDBK', 'score': 33.85, 'scoreChangePre': -406.26, 'scoreChange': 0.0, 'dataType': 0, 'industryType': 0, 'isTrack': 1, 'isPpp': 0}, {'blockCode': '885863.DDBK', 'score': 31.69, 'scoreChangePre': -47.54, 'scoreChange': 0.0, 'dataType': 0, 'industryType': 0, 'isTrack': 1, 'isPpp': 0}, {'blockCode': '885962.DDBK', 'score': 27.93, 'scoreChangePre': -335.16, 'scoreChange': 0.0, 'dataType': 0, 'industryType': 0, 'isTrack': 1, 'isPpp': 0}, {'blockCode': '885573.DDBK', 'score': 23.28, 'scoreChangePre': -535.32, 'scoreChange': 0.0, 'dataType': 0, 'industryType': 0, 'isTrack': 1, 'isPpp': 0}, {'blockCode': '885505.DDBK', 'score': 19.1, 'scoreChangePre': -305.56, 'scoreChange': 0.0, 'dataType': 0, 'industryType': 0, 'isTrack': 1, 'isPpp': 0}, {'blockCode': '885810.DDBK', 'score': 0.0, 'scoreChangePre': -124.13, 'scoreChange': 0.0, 'dataType': 0, 'industryType': 0, 'isTrack': 1, 'isPpp': 0}, {'blockCode': '885877.DDBK', 'score': 0.0, 'scoreChangePre': -248.27, 'scoreChange': 0.0, 'dataType': 0, 'industryType': 0, 'isTrack': 1, 'isPpp': 0}]"
2024-09-06,000022.BKDL,32.74,-139.14,2.73,1,1,0,"[{'blockCode': '885633.DDBK', 'score': 101.56, 'scoreChangePre': 101.56, 'scoreChange': 33.85, 'dataType': 0, 'industryType': 0, 'isTrack': 1, 'isPpp': 0}, {'blockCode': '885931.DDBK', 'score': 57.29, 'scoreChangePre': -57.29, 'scoreChange': 0.0, 'dataType': 0, 'industryType': 0, 'isTrack': 1, 'isPpp': 0}, {'blockCode': '885882.DDBK', 'score': 39.2, 'scoreChangePre': -196.0, 'scoreChange': 0.0, 'dataType': 0, 'industryType': 0, 'isTrack': 1, 'isPpp': 0}, {'blockCode': '885912.DDBK', 'score': 37.24, 'scoreChangePre': -55.86, 'scoreChange': 0.0, 'dataType': 0, 'industryType': 0, 'isTrack': 1, 'isPpp': 0}, {'blockCode': '885901.DDBK', 'score': 22.57, 'scoreChangePre': -135.42, 'scoreChange': 0.0, 'dataType': 0, 'industryType': 0, 'isTrack': 1, 'isPpp': 0}, {'blockCode': '885650.DDBK', 'score': 16.93, 'scoreChangePre': -220.05, 'scoreChange': 0.0, 'dataType': 0, 'industryType': 0, 'isTrack': 1, 'isPpp': 0}, {'blockCode': '885551.DDBK', 'score': 0.0, 'scoreChangePre': -79.8, 'scoreChange': 0.0, 'dataType': 0, 'industryType': 0, 'isTrack': 1, 'isPpp': 0}, {'blockCode': '885652.DDBK', 'score': 0.0, 'scoreChangePre': -53.2, 'scoreChange': 0.0, 'dataType': 0, 'industryType': 0, 'isTrack': 1, 'isPpp': 0}, {'blockCode': '885829.DDBK', 'score': 0.0, 'scoreChangePre': -148.96, 'scoreChange': 0.0, 'dataType': 0, 'industryType': 0, 'isTrack': 1, 'isPpp': 0}, {'blockCode': '885903.DDBK', 'score': 0.0, 'scoreChangePre': -53.2, 'scoreChange': 0.0, 'dataType': 0, 'industryType': 0, 'isTrack': 1, 'isPpp': 0}, {'blockCode': '885937.DDBK', 'score': 0.0, 'scoreChangePre': -266.0, 'scoreChange': 0.0, 'dataType': 0, 'industryType': 0, 'isTrack': 1, 'isPpp': 0}]"
2024-09-06,000018.BKDL,32.14,-229.67,1.89,1,1,0,"[{'blockCode': '885500.DDBK', 'score': 42.16, 'scoreChangePre': -295.11, 'scoreChange': 0.0, 'dataType': 0, 'industryType': 0, 'isTrack': 1, 'isPpp': 0}, {'blockCode': '885562.DDBK', 'score': 39.2, 'scoreChangePre': -228.67, 'scoreChange': 6.53, 'dataType': 0, 'industryType': 0, 'isTrack': 1, 'isPpp': 0}, {'blockCode': '885494.DDBK', 'score': 34.91, 'scoreChangePre': -197.84, 'scoreChange': 1.45, 'dataType': 0, 'industryType': 0, 'isTrack': 1, 'isPpp': 0}, {'blockCode': '885964.DDBK', 'score': 31.92, 'scoreChangePre': -95.76, 'scoreChange': 0.0, 'dataType': 0, 'industryType': 0, 'isTrack': 1, 'isPpp': 0}, {'blockCode': '885733.DDBK', 'score': 20.69, 'scoreChangePre': -144.82, 'scoreChange': 0.0, 'dataType': 0, 'industryType': 0, 'isTrack': 1, 'isPpp': 0}, {'blockCode': '885770.DDBK', 'score': 17.32, 'scoreChangePre': -323.32, 'scoreChange': 5.77, 'dataType': 0, 'industryType': 0, 'isTrack': 1, 'isPpp': 0}]"
2024-09-06,000029.BKDL,31.42,-176.89,0.0,1,0,0,"[{'blockCode': '885738.DDBK', 'score': 47.29, 'scoreChangePre': -112.31, 'scoreChange': 0.0, 'dataType': 0, 'industryType': 0, 'isTrack': 0, 'isPpp': 0}, {'blockCode': '885809.DDBK', 'score': 41.38, 'scoreChangePre': -134.48, 'scoreChange': 0.0, 'dataType': 0, 'industryType': 0, 'isTrack': 0, 'isPpp': 0}, {'blockCode': '885800.DDBK', 'score': 40.01, 'scoreChangePre': -138.5, 'scoreChange': 0.0, 'dataType': 0, 'industryType': 0, 'isTrack': 0, 'isPpp': 0}, {'blockCode': '885774.DDBK', 'score': 35.47, 'scoreChangePre': -124.13, 'scoreChange': 0.0, 'dataType': 0, 'industryType': 0, 'isTrack': 0, 'isPpp': 0}, {'blockCode': '885675.DDBK', 'score': 25.25, 'scoreChangePre': -227.22, 'scoreChange': 0.0, 'dataType': 0, 'industryType': 0, 'isTrack': 0, 'isPpp': 0}, {'blockCode': '885875.DDBK', 'score': 18.62, 'scoreChangePre': -232.75, 'scoreChange': 0.0, 'dataType': 0, 'industryType': 0, 'isTrack': 0, 'isPpp': 0}, {'blockCode': '885959.DDBK', 'score': 9.43, 'scoreChangePre': -339.4, 'scoreChange': 0.0, 'dataType': 0, 'industryType': 0, 'isTrack': 0, 'isPpp': 0}, {'blockCode': '885953.DDBK', 'score': 0.0, 'scoreChangePre': -235.2, 'scoreChange': 0.0, 'dataType': 0, 'industryType': 0, 'isTrack': 0, 'isPpp': 0}, {'blockCode': '885987.DDBK', 'score': 0.0, 'scoreChangePre': -221.43, 'scoreChange': 0.0, 'dataType': 0, 'industryType': 0, 'isTrack': 0, 'isPpp': 0}, {'blockCode': '886020.DDBK', 'score': 0.0, 'scoreChangePre': -165.51, 'scoreChange': 0.0, 'dataType': 0, 'industryType': 0, 'isTrack': 0, 'isPpp': 0}]"
2024-09-06,000033.BKDL,31.32,-241.97,1.29,1,0,0,"[{'blockCode': '886008.DDBK', 'score': 50.21, 'scoreChangePre': -184.11, 'scoreChange': 0.0, 'dataType': 0, 'industryType': 0, 'isTrack': 0, 'isPpp': 0}, {'blockCode': '885427.DDBK', 'score': 43.14, 'scoreChangePre': -181.16, 'scoreChange': 5.76, 'dataType': 0, 'industryType': 0, 'isTrack': 0, 'isPpp': 0}, {'blockCode': '885946.DDBK', 'score': 41.09, 'scoreChangePre': -231.15, 'scoreChange': 0.0, 'dataType': 0, 'industryType': 0, 'isTrack': 0, 'isPpp': 0}, {'blockCode': '885786.DDBK', 'score': 36.04, 'scoreChangePre': -156.17, 'scoreChange': 0.0, 'dataType': 0, 'industryType': 0, 'isTrack': 0, 'isPpp': 0}, {'blockCode': '885619.DDBK', 'score': 32.86, 'scoreChangePre': -199.89, 'scoreChange': 5.48, 'dataType': 0, 'industryType': 0, 'isTrack': 0, 'isPpp': 0}, {'blockCode': '885941.DDBK', 'score': 31.26, 'scoreChangePre': -226.2, 'scoreChange': 1.84, 'dataType': 0, 'industryType': 0, 'isTrack': 0, 'isPpp': 0}, {'blockCode': '885517.DDBK', 'score': 25.95, 'scoreChangePre': -264.7, 'scoreChange': 0.0, 'dataType': 0, 'industryType': 0, 'isTrack': 0, 'isPpp': 0}, {'blockCode': '885537.DDBK', 'score': 24.83, 'scoreChangePre': -190.33, 'scoreChange': 0.0, 'dataType': 0, 'industryType': 0, 'isTrack': 0, 'isPpp': 0}, {'blockCode': '885930.DDBK', 'score': 24.83, 'scoreChangePre': -182.06, 'scoreChange': 0.0, 'dataType': 0, 'industryType': 0, 'isTrack': 0, 'isPpp': 0}, {'blockCode': '885929.DDBK', 'score': 21.68, 'scoreChangePre': -222.5, 'scoreChange': 0.0, 'dataType': 0, 'industryType': 0, 'isTrack': 0, 'isPpp': 0}, {'blockCode': '886002.DDBK', 'score': 18.17, 'scoreChangePre': -317.9, 'scoreChange': 0.0, 'dataType': 0, 'industryType': 0, 'isTrack': 0, 'isPpp': 0}, {'blockCode': '886057.DDBK', 'score': 16.02, 'scoreChangePre': -228.24, 'scoreChange': 0.0, 'dataType': 0, 'industryType': 0, 'isTrack': 0, 'isPpp': 0}, {'blockCode': '886069.DDBK', 'score': 0.0, 'scoreChangePre': -342.21, 'scoreChange': 0.0, 'dataType': 0, 'industryType': 0, 'isTrack': 0, 'isPpp': 0}]"
2024-09-06,000013.BKDL,31.24,-222.44,2.5,1,1,0,"[{'blockCode': '886030.DDBK', 'score': 65.72, 'scoreChangePre': -306.68, 'scoreChange': 0.0, 'dataType': 0, 'industryType': 0, 'isTrack': 1, 'isPpp': 0}, {'blockCode': '885743.DDBK', 'score': 50.49, 'scoreChangePre': -214.61, 'scoreChange': -4.21, 'dataType': 0, 'industryType': 0, 'isTrack': 1, 'isPpp': 0}, {'blockCode': '885426.DDBK', 'score': 47.54, 'scoreChangePre': -158.47, 'scoreChange': 15.85, 'dataType': 0, 'industryType': 0, 'isTrack': 1, 'isPpp': 0}, {'blockCode': '885884.DDBK', 'score': 40.63, 'scoreChangePre': -257.29, 'scoreChange': 0.0, 'dataType': 0, 'industryType': 0, 'isTrack': 1, 'isPpp': 0}, {'blockCode': '885700.DDBK', 'score': 29.38, 'scoreChangePre': -227.7, 'scoreChange': 1.47, 'dataType': 0, 'industryType': 0, 'isTrack': 1, 'isPpp': 0}, {'blockCode': '885566.DDBK', 'score': 26.6, 'scoreChangePre': -232.75, 'scoreChange': 0.0, 'dataType': 0, 'industryType': 0, 'isTrack': 1, 'isPpp': 0}, {'blockCode': '885795.DDBK', 'score': 20.69, 'scoreChangePre': -227.58, 'scoreChange': -20.69, 'dataType': 0, 'industryType': 0, 'isTrack': 1, 'isPpp': 0}, {'blockCode': '886076.DDBK', 'score': 8.66, 'scoreChangePre': -459.01, 'scoreChange': 0.0, 'dataType': 0, 'industryType': 0, 'isTrack': 1, 'isPpp': 0}, {'blockCode': '885860.DDBK', 'score': 0.0, 'scoreChangePre': 0.0, 'scoreChange': -67.71, 'dataType': 0, 'industryType': 0, 'isTrack': 1, 'isPpp': 0}]"
2024-09-06,000009.BKDL,31.09,-373.82,0.7,1,1,0,"[{'blockCode': '885900.DDBK', 'score': 85.94, 'scoreChangePre': -401.04, 'scoreChange': 0.0, 'dataType': 0, 'industryType': 0, 'isTrack': 1, 'isPpp': 0}, {'blockCode': '885818.DDBK', 'score': 64.77, 'scoreChangePre': -291.44, 'scoreChange': 0.0, 'dataType': 0, 'industryType': 0, 'isTrack': 1, 'isPpp': 0}, {'blockCode': '886025.DDBK', 'score': 59.58, 'scoreChangePre': -268.13, 'scoreChange': 0.0, 'dataType': 0, 'industryType': 0, 'isTrack': 1, 'isPpp': 0}, {'blockCode': '885983.DDBK', 'score': 54.5, 'scoreChangePre': -454.14, 'scoreChange': 0.0, 'dataType': 0, 'industryType': 0, 'isTrack': 1, 'isPpp': 0}, {'blockCode': '885769.DDBK', 'score': 51.96, 'scoreChangePre': -484.99, 'scoreChange': 0.0, 'dataType': 0, 'industryType': 0, 'isTrack': 1, 'isPpp': 0}, {'blockCode': '886051.DDBK', 'score': 50.78, 'scoreChangePre': -406.26, 'scoreChange': 0.0, 'dataType': 0, 'industryType': 0, 'isTrack': 1, 'isPpp': 0}, {'blockCode': '885880.DDBK', 'score': 47.14, 'scoreChangePre': -273.41, 'scoreChange': -4.71, 'dataType': 0, 'industryType': 0, 'isTrack': 1, 'isPpp': 0}, {'blockCode': '885856.DDBK', 'score': 47.04, 'scoreChangePre': -290.08, 'scoreChange': 0.0, 'dataType': 0, 'industryType': 0, 'isTrack': 1, 'isPpp': 0}, {'blockCode': '885846.DDBK', 'score': 46.55, 'scoreChangePre': -372.4, 'scoreChange': 0.0, 'dataType': 0, 'industryType': 0, 'isTrack': 1, 'isPpp': 0}, {'blockCode': '886027.DDBK', 'score': 45.14, 'scoreChangePre': -203.13, 'scoreChange': 0.0, 'dataType': 0, 'industryType': 0, 'isTrack': 1, 'isPpp': 0}, {'blockCode': '885952.DDBK', 'score': 44.47, 'scoreChangePre': -322.37, 'scoreChange': 0.0, 'dataType': 0, 'industryType': 0, 'isTrack': 1, 'isPpp': 0}, {'blockCode': '886029.DDBK', 'score': 43.81, 'scoreChangePre': -306.68, 'scoreChange': 0.0, 'dataType': 0, 'industryType': 0, 'isTrack': 1, 'isPpp': 0}, {'blockCode': '885993.DDBK', 'score': 41.38, 'scoreChangePre': -331.02, 'scoreChange': -13.79, 'dataType': 0, 'industryType': 0, 'isTrack': 1, 'isPpp': 0}, {'blockCode': '885661.DDBK', 'score': 35.47, 'scoreChangePre': -390.13, 'scoreChange': 11.83, 'dataType': 0, 'industryType': 0, 'isTrack': 1, 'isPpp': 0}, {'blockCode': '885917.DDBK', 'score': 35.13, 'scoreChangePre': -393.48, 'scoreChange': 0.0, 'dataType': 0, 'industryType': 0, 'isTrack': 1, 'isPpp': 0}, {'blockCode': '885403.DDBK', 'score': 33.35, 'scoreChangePre': -355.72, 'scoreChange': -3.7, 'dataType': 0, 'industryType': 0, 'isTrack': 1, 'isPpp': 0}, {'blockCode': '885989.DDBK', 'score': 31.29, 'scoreChangePre': -350.5, 'scoreChange': 0.0, 'dataType': 0, 'industryType': 0, 'isTrack': 1, 'isPpp': 0}, {'blockCode': '885402.DDBK', 'score': 31.03, 'scoreChangePre': -422.06, 'scoreChange': -6.21, 'dataType': 0, 'industryType': 0, 'isTrack': 1, 'isPpp': 0}, {'blockCode': '885913.DDBK', 'score': 31.03, 'scoreChangePre': -372.4, 'scoreChange': 0.0, 'dataType': 0, 'industryType': 0, 'isTrack': 1, 'isPpp': 0}, {'blockCode': '885927.DDBK', 'score': 31.03, 'scoreChangePre': -465.5, 'scoreChange': 0.0, 'dataType': 0, 'industryType': 0, 'isTrack': 1, 'isPpp': 0}, {'blockCode': '885981.DDBK', 'score': 31.03, 'scoreChangePre': -589.64, 'scoreChange': -31.04, 'dataType': 0, 'industryType': 0, 'isTrack': 1, 'isPpp': 0}, {'blockCode': '886022.DDBK', 'score': 31.03, 'scoreChangePre': -393.09, 'scoreChange': 0.0, 'dataType': 0, 'industryType': 0, 'isTrack': 1, 'isPpp': 0}, {'blockCode': '885954.DDBK', 'score': 28.37, 'scoreChangePre': -326.3, 'scoreChange': 0.0, 'dataType': 0, 'industryType': 0, 'isTrack': 1, 'isPpp': 0}, {'blockCode': '885578.DDBK', 'score': 28.11, 'scoreChangePre': -449.69, 'scoreChange': 0.0, 'dataType': 0, 'industryType': 0, 'isTrack': 1, 'isPpp': 0}, {'blockCode': '885765.DDBK', 'score': 27.59, 'scoreChangePre': -503.42, 'scoreChange': -6.89, 'dataType': 0, 'industryType': 0, 'isTrack': 1, 'isPpp': 0}, {'blockCode': '885994.DDBK', 'score': 25.25, 'scoreChangePre': -340.84, 'scoreChange': 0.0, 'dataType': 0, 'industryType': 0, 'isTrack': 1, 'isPpp': 0}, {'blockCode': '885490.DDBK', 'score': 24.42, 'scoreChangePre': -390.71, 'scoreChange': 0.0, 'dataType': 0, 'industryType': 0, 'isTrack': 1, 'isPpp': 0}, {'blockCode': '886015.DDBK', 'score': 23.87, 'scoreChangePre': -367.63, 'scoreChange': -4.78, 'dataType': 0, 'industryType': 0, 'isTrack': 1, 'isPpp': 0}, {'blockCode': '885539.DDBK', 'score': 23.87, 'scoreChangePre': -391.5, 'scoreChange': 0.0, 'dataType': 0, 'industryType': 0, 'isTrack': 1, 'isPpp': 0}, {'blockCode': '885883.DDBK', 'score': 21.91, 'scoreChangePre': -438.11, 'scoreChange': 0.0, 'dataType': 0, 'industryType': 0, 'isTrack': 1, 'isPpp': 0}, {'blockCode': '885879.DDBK', 'score': 21.75, 'scoreChangePre': -391.42, 'scoreChange': -5.43, 'dataType': 0, 'industryType': 0, 'isTrack': 1, 'isPpp': 0}, {'blockCode': '885703.DDBK', 'score': 20.13, 'scoreChangePre': -436.14, 'scoreChange': 6.71, 'dataType': 0, 'industryType': 0, 'isTrack': 1, 'isPpp': 0}, {'blockCode': '886077.DDBK', 'score': 17.46, 'scoreChangePre': -366.58, 'scoreChange': 0.0, 'dataType': 0, 'industryType': 0, 'isTrack': 1, 'isPpp': 0}, {'blockCode': '885838.DDBK', 'score': 17.32, 'scoreChangePre': -398.38, 'scoreChange': 0.0, 'dataType': 0, 'industryType': 0, 'isTrack': 1, 'isPpp': 0}, {'blockCode': '885508.DDBK', 'score': 0.0, 'scoreChangePre': -456.49, 'scoreChange': 0.0, 'dataType': 0, 'industryType': 0, 'isTrack': 1, 'isPpp': 0}, {'blockCode': '885805.DDBK', 'score': 0.0, 'scoreChangePre': -212.8, 'scoreChange': 0.0, 'dataType': 0, 'industryType': 0, 'isTrack': 1, 'isPpp': 0}, {'blockCode': '885845.DDBK', 'score': 0.0, 'scoreChangePre': -338.55, 'scoreChange': 0.0, 'dataType': 0, 'industryType': 0, 'isTrack': 1, 'isPpp': 0}, {'blockCode': '885852.DDBK', 'score': 0.0, 'scoreChangePre': -521.36, 'scoreChange': 0.0, 'dataType': 0, 'industryType': 0, 'isTrack': 1, 'isPpp': 0}, {'blockCode': '885926.DDBK', 'score': 0.0, 'scoreChangePre': -420.97, 'scoreChange': 0.0, 'dataType': 0, 'industryType': 0, 'isTrack': 1, 'isPpp': 0}, {'blockCode': '885947.DDBK', 'score': 0.0, 'scoreChangePre': -638.4, 'scoreChange': 0.0, 'dataType': 0, 'industryType': 0, 'isTrack': 1, 'isPpp': 0}, {'blockCode': '885955.DDBK', 'score': 0.0, 'scoreChangePre': -406.25, 'scoreChange': -22.57, 'dataType': 0, 'industryType': 0, 'isTrack': 1, 'isPpp': 0}, {'blockCode': '885985.DDBK', 'score': 0.0, 'scoreChangePre': -289.64, 'scoreChange': 0.0, 'dataType': 0, 'industryType': 0, 'isTrack': 1, 'isPpp': 0}, {'blockCode': '886018.DDBK', 'score': 0.0, 'scoreChangePre': -558.6, 'scoreChange': 0.0, 'dataType': 0, 'industryType': 0, 'isTrack': 1, 'isPpp': 0}, {'blockCode': '886024.DDBK', 'score': 0.0, 'scoreChangePre': -260.68, 'scoreChange': 0.0, 'dataType': 0, 'industryType': 0, 'isTrack': 1, 'isPpp': 0}, {'blockCode': '886028.DDBK', 'score': 0.0, 'scoreChangePre': -532.0, 'scoreChange': 0.0, 'dataType': 0, 'industryType': 0, 'isTrack': 1, 'isPpp': 0}, {'blockCode': '886056.DDBK', 'score': 0.0, 'scoreChangePre': -315.11, 'scoreChange': 0.0, 'dataType': 0, 'industryType': 0, 'isTrack': 1, 'isPpp': 0}]"
2024-09-06,000008.BKDL,30.31,-261.26,0.0,1,1,0,"[{'blockCode': '885692.DDBK', 'score': 68.6, 'scoreChangePre': -264.6, 'scoreChange': 0.0, 'dataType': 0, 'industryType': 0, 'isTrack': 1, 'isPpp': 0}, {'blockCode': '885572.DDBK', 'score': 49.29, 'scoreChangePre': -284.77, 'scoreChange': 0.0, 'dataType': 0, 'industryType': 0, 'isTrack': 1, 'isPpp': 0}, {'blockCode': '885433.DDBK', 'score': 36.78, 'scoreChangePre': -211.49, 'scoreChange': 0.0, 'dataType': 0, 'industryType': 0, 'isTrack': 1, 'isPpp': 0}, {'blockCode': '885398.DDBK', 'score': 27.25, 'scoreChangePre': -36.33, 'scoreChange': 0.0, 'dataType': 0, 'industryType': 0, 'isTrack': 1, 'isPpp': 0}, {'blockCode': '885423.DDBK', 'score': 22.74, 'scoreChangePre': -415.04, 'scoreChange': 0.0, 'dataType': 0, 'industryType': 0, 'isTrack': 1, 'isPpp': 0}, {'blockCode': '885914.DDBK', 'score': 19.35, 'scoreChangePre': -106.4, 'scoreChange': 0.0, 'dataType': 0, 'industryType': 0, 'isTrack': 1, 'isPpp': 0}, {'blockCode': '885428.DDBK', 'score': 0.0, 'scoreChangePre': -143.23, 'scoreChange': 0.0, 'dataType': 0, 'industryType': 0, 'isTrack': 1, 'isPpp': 0}]"
2024-09-06,000036.BKDL,27.73,-126.78,0.0,1,0,0,"[{'blockCode': '886063.DDBK', 'score': 106.4, 'scoreChangePre': -53.2, 'scoreChange': 0.0, 'dataType': 0, 'industryType': 0, 'isTrack': 0, 'isPpp': 0}, {'blockCode': '885544.DDBK', 'score': 24.22, 'scoreChangePre': -119.09, 'scoreChange': 0.0, 'dataType': 0, 'industryType': 0, 'isTrack': 0, 'isPpp': 0}]"
2024-09-06,000021.BKDL,26.74,-435.42,0.0,1,1,0,"[{'blockCode': '885909.DDBK', 'score': 45.83, 'scoreChangePre': -401.05, 'scoreChange': 0.0, 'dataType': 0, 'industryType': 0, 'isTrack': 1, 'isPpp': 0}, {'blockCode': '885968.DDBK', 'score': 39.2, 'scoreChangePre': -352.8, 'scoreChange': 0.0, 'dataType': 0, 'industryType': 0, 'isTrack': 1, 'isPpp': 0}, {'blockCode': '885540.DDBK', 'score': 21.75, 'scoreChangePre': -424.04, 'scoreChange': 0.0, 'dataType': 0, 'industryType': 0, 'isTrack': 1, 'isPpp': 0}]"
2024-09-06,000032.BKDL,12.92,-226.02,0.0,1,0,0,"[{'blockCode': '885906.DDBK', 'score': 18.17, 'scoreChangePre': -217.99, 'scoreChange': 0.0, 'dataType': 0, 'industryType': 0, 'isTrack': 0, 'isPpp': 1}, {'blockCode': '885905.DDBK', 'score': 14.16, 'scoreChangePre': -203.9, 'scoreChange': 0.0, 'dataType': 0, 'industryType': 0, 'isTrack': 0, 'isPpp': 1}, {'blockCode': '885598.DDBK', 'score': 12.92, 'scoreChangePre': -213.1, 'scoreChange': 0.0, 'dataType': 0, 'industryType': 0, 'isTrack': 0, 'isPpp': 1}, {'blockCode': '885907.DDBK', 'score': 7.3, 'scoreChangePre': -204.46, 'scoreChange': 0.0, 'dataType': 0, 'industryType': 0, 'isTrack': 0, 'isPpp': 0}]"
2024-09-05,000016.BKDL,473.07,426.13,16.06,1,0,0,"[{'blockCode': '886017.DDBK', 'score': 606.87, 'scoreChangePre': 565.49, 'scoreChange': 13.79, 'dataType': 0, 'industryType': 0, 'isTrack': 0, 'isPpp': 0}, {'blockCode': '885956.DDBK', 'score': 558.6, 'scoreChangePre': 525.74, 'scoreChange': 10.95, 'dataType': 0, 'industryType': 0, 'isTrack': 0, 'isPpp': 0}, {'blockCode': '886039.DDBK', 'score': 558.6, 'scoreChangePre': 527.57, 'scoreChange': 0.0, 'dataType': 0, 'industryType': 0, 'isTrack': 0, 'isPpp': 0}, {'blockCode': '885881.DDBK', 'score': 532.0, 'scoreChangePre': 461.07, 'scoreChange': 0.0, 'dataType': 0, 'industryType': 0, 'isTrack': 0, 'isPpp': 0}, {'blockCode': '885568.DDBK', 'score': 482.96, 'scoreChangePre': 427.68, 'scoreChange': 8.73, 'dataType': 0, 'industryType': 0, 'isTrack': 0, 'isPpp': 0}, {'blockCode': '885459.DDBK', 'score': 464.91, 'scoreChangePre': 431.7, 'scoreChange': 4.75, 'dataType': 0, 'industryType': 0, 'isTrack': 0, 'isPpp': 0}, {'blockCode': '885730.DDBK', 'score': 453.36, 'scoreChangePre': 420.98, 'scoreChange': 0.0, 'dataType': 0, 'industryType': 0, 'isTrack': 0, 'isPpp': 0}, {'blockCode': '885378.DDBK', 'score': 432.3, 'scoreChangePre': 390.63, 'scoreChange': 0.0, 'dataType': 0, 'industryType': 0, 'isTrack': 0, 'isPpp': 0}, {'blockCode': '885844.DDBK', 'score': 394.31, 'scoreChangePre': 339.55, 'scoreChange': -21.9, 'dataType': 0, 'industryType': 0, 'isTrack': 0, 'isPpp': 0}]"
2024-09-05,000021.BKDL,462.16,359.03,15.28,1,1,0,"[{'blockCode': '885909.DDBK', 'score': 446.88, 'scoreChangePre': 332.3, 'scoreChange': 0.0, 'dataType': 0, 'industryType': 0, 'isTrack': 1, 'isPpp': 0}, {'blockCode': '885540.DDBK', 'score': 445.79, 'scoreChangePre': 358.81, 'scoreChange': -5.44, 'dataType': 0, 'industryType': 0, 'isTrack': 1, 'isPpp': 0}, {'blockCode': '885968.DDBK', 'score': 392.0, 'scoreChangePre': 313.6, 'scoreChange': 0.0, 'dataType': 0, 'industryType': 0, 'isTrack': 1, 'isPpp': 0}]"
2024-09-05,000034.BKDL,445.19,402.99,14.77,1,0,0,"[{'blockCode': '886074.DDBK', 'score': 680.96, 'scoreChangePre': 659.68, 'scoreChange': 21.28, 'dataType': 0, 'industryType': 0, 'isTrack': 0, 'isPpp': 0}, {'blockCode': '886040.DDBK', 'score': 620.67, 'scoreChangePre': 537.91, 'scoreChange': 0.0, 'dataType': 0, 'industryType': 0, 'isTrack': 0, 'isPpp': 0}, {'blockCode': '886068.DDBK', 'score': 620.67, 'scoreChangePre': 558.6, 'scoreChange': 31.04, 'dataType': 0, 'industryType': 0, 'isTrack': 0, 'isPpp': 0}, {'blockCode': '886019.DDBK', 'score': 582.47, 'scoreChangePre': 563.37, 'scoreChange': 9.55, 'dataType': 0, 'industryType': 0, 'isTrack': 0, 'isPpp': 0}, {'blockCode': '886031.DDBK', 'score': 553.66, 'scoreChangePre': 520.7, 'scoreChange': 13.19, 'dataType': 0, 'industryType': 0, 'isTrack': 0, 'isPpp': 0}, {'blockCode': '886062.DDBK', 'score': 547.9, 'scoreChangePre': 522.22, 'scoreChange': 8.56, 'dataType': 0, 'industryType': 0, 'isTrack': 0, 'isPpp': 0}, {'blockCode': '885728.DDBK', 'score': 439.73, 'scoreChangePre': 395.64, 'scoreChange': 8.34, 'dataType': 0, 'industryType': 0, 'isTrack': 0, 'isPpp': 0}, {'blockCode': '886071.DDBK', 'score': 206.89, 'scoreChangePre': 206.89, 'scoreChange': 0.0, 'dataType': 0, 'industryType': 0, 'isTrack': 0, 'isPpp': 0}, {'blockCode': '886070.DDBK', 'score': 177.33, 'scoreChangePre': 106.4, 'scoreChange': 0.0, 'dataType': 0, 'industryType': 0, 'isTrack': 0, 'isPpp': 0}]"
2024-09-05,000012.BKDL,432.75,368.54,14.76,1,0,0,"[{'blockCode': '886060.DDBK', 'score': 680.03, 'scoreChangePre': 631.46, 'scoreChange': 0.0, 'dataType': 0, 'industryType': 0, 'isTrack': 0, 'isPpp': 0}, {'blockCode': '885792.DDBK', 'score': 651.7, 'scoreChangePre': 651.7, 'scoreChange': 0.0, 'dataType': 0, 'industryType': 0, 'isTrack': 0, 'isPpp': 0}, {'blockCode': '885603.DDBK', 'score': 622.37, 'scoreChangePre': 591.76, 'scoreChange': -10.2, 'dataType': 0, 'industryType': 0, 'isTrack': 0, 'isPpp': 0}, {'blockCode': '885791.DDBK', 'score': 610.74, 'scoreChangePre': 595.84, 'scoreChange': -14.89, 'dataType': 0, 'industryType': 0, 'isTrack': 0, 'isPpp': 0}, {'blockCode': '885874.DDBK', 'score': 606.87, 'scoreChangePre': 579.28, 'scoreChange': 27.58, 'dataType': 0, 'industryType': 0, 'isTrack': 0, 'isPpp': 0}, {'blockCode': '885918.DDBK', 'score': 581.31, 'scoreChangePre': 544.98, 'scoreChange': 0.0, 'dataType': 0, 'industryType': 0, 'isTrack': 0, 'isPpp': 0}, {'blockCode': '885457.DDBK', 'score': 577.86, 'scoreChangePre': 526.49, 'scoreChange': -25.68, 'dataType': 0, 'industryType': 0, 'isTrack': 0, 'isPpp': 0}, {'blockCode': '885418.DDBK', 'score': 577.12, 'scoreChangePre': 538.13, 'scoreChange': 19.49, 'dataType': 0, 'industryType': 0, 'isTrack': 0, 'isPpp': 0}, {'blockCode': '885647.DDBK', 'score': 572.92, 'scoreChangePre': 572.92, 'scoreChange': 0.0, 'dataType': 0, 'industryType': 0, 'isTrack': 0, 'isPpp': 0}, {'blockCode': '885950.DDBK', 'score': 558.6, 'scoreChangePre': 513.66, 'scoreChange': 12.84, 'dataType': 0, 'industryType': 0, 'isTrack': 0, 'isPpp': 0}, {'blockCode': '885797.DDBK', 'score': 536.63, 'scoreChangePre': 490.37, 'scoreChange': 13.88, 'dataType': 0, 'industryType': 0, 'isTrack': 0, 'isPpp': 0}, {'blockCode': '885876.DDBK', 'score': 527.22, 'scoreChangePre': 477.01, 'scoreChange': 8.37, 'dataType': 0, 'industryType': 0, 'isTrack': 0, 'isPpp': 0}, {'blockCode': '885890.DDBK', 'score': 523.69, 'scoreChangePre': 506.23, 'scoreChange': -5.82, 'dataType': 0, 'industryType': 0, 'isTrack': 0, 'isPpp': 0}, {'blockCode': '885779.DDBK', 'score': 519.52, 'scoreChangePre': 455.15, 'scoreChange': -4.6, 'dataType': 0, 'industryType': 0, 'isTrack': 0, 'isPpp': 0}, {'blockCode': '885737.DDBK', 'score': 519.1, 'scoreChangePre': 496.53, 'scoreChange': 45.14, 'dataType': 0, 'industryType': 0, 'isTrack': 0, 'isPpp': 0}, {'blockCode': '885788.DDBK', 'score': 501.93, 'scoreChangePre': 445.26, 'scoreChange': -8.1, 'dataType': 0, 'industryType': 0, 'isTrack': 0, 'isPpp': 0}, {'blockCode': '885480.DDBK', 'score': 500.41, 'scoreChangePre': 378.22, 'scoreChange': 29.09, 'dataType': 0, 'industryType': 0, 'isTrack': 0, 'isPpp': 0}, {'blockCode': '885934.DDBK', 'score': 499.45, 'scoreChangePre': 477.54, 'scoreChange': 8.76, 'dataType': 0, 'industryType': 0, 'isTrack': 0, 'isPpp': 0}, {'blockCode': '885497.DDBK', 'score': 473.96, 'scoreChangePre': 444.94, 'scoreChange': 9.67, 'dataType': 0, 'industryType': 0, 'isTrack': 0, 'isPpp': 0}, {'blockCode': '885701.DDBK', 'score': 410.92, 'scoreChangePre': 372.4, 'scoreChange': -19.27, 'dataType': 0, 'industryType': 0, 'isTrack': 0, 'isPpp': 0}, {'blockCode': '885586.DDBK', 'score': 400.51, 'scoreChangePre': 309.17, 'scoreChange': -21.07, 'dataType': 0, 'industryType': 0, 'isTrack': 0, 'isPpp': 0}, {'blockCode': '885615.DDBK', 'score': 392.42, 'scoreChangePre': 328.35, 'scoreChange': -16.02, 'dataType': 0, 'industryType': 0, 'isTrack': 0, 'isPpp': 0}, {'blockCode': '886014.DDBK', 'score': 390.13, 'scoreChangePre': 354.66, 'scoreChange': 35.46, 'dataType': 0, 'industryType': 0, 'isTrack': 0, 'isPpp': 0}, {'blockCode': '885820.DDBK', 'score': 388.05, 'scoreChangePre': 325.46, 'scoreChange': 12.52, 'dataType': 0, 'industryType': 0, 'isTrack': 0, 'isPpp': 0}, {'blockCode': '885816.DDBK', 'score': 379.85, 'scoreChangePre': 312.82, 'scoreChange': 29.79, 'dataType': 0, 'industryType': 0, 'isTrack': 0, 'isPpp': 0}, {'blockCode': '885709.DDBK', 'score': 375.16, 'scoreChangePre': 322.75, 'scoreChange': 8.28, 'dataType': 0, 'industryType': 0, 'isTrack': 0, 'isPpp': 0}, {'blockCode': '886046.DDBK', 'score': 326.67, 'scoreChangePre': 235.2, 'scoreChange': 13.07, 'dataType': 0, 'industryType': 0, 'isTrack': 0, 'isPpp': 0}, {'blockCode': '885772.DDBK', 'score': 286.46, 'scoreChangePre': 257.81, 'scoreChange': 28.64, 'dataType': 0, 'industryType': 0, 'isTrack': 0, 'isPpp': 0}, {'blockCode': '885580.DDBK', 'score': 259.06, 'scoreChangePre': 129.53, 'scoreChange': 0.0, 'dataType': 0, 'industryType': 0, 'isTrack': 0, 'isPpp': 0}]"
2024-09-05,000003.BKDL,432.73,374.48,13.31,1,0,0,"[{'blockCode': '885866.DDBK', 'score': 627.2, 'scoreChangePre': 607.6, 'scoreChange': 9.8, 'dataType': 0, 'industryType': 0, 'isTrack': 0, 'isPpp': 0}, {'blockCode': '886023.DDBK', 'score': 616.39, 'scoreChangePre': 590.71, 'scoreChange': 12.85, 'dataType': 0, 'industryType': 0, 'isTrack': 0, 'isPpp': 0}, {'blockCode': '885933.DDBK', 'score': 611.4, 'scoreChangePre': 533.59, 'scoreChange': 0.0, 'dataType': 0, 'industryType': 0, 'isTrack': 0, 'isPpp': 0}, {'blockCode': '885975.DDBK', 'score': 583.76, 'scoreChangePre': 563.63, 'scoreChange': 0.0, 'dataType': 0, 'industryType': 0, 'isTrack': 0, 'isPpp': 0}, {'blockCode': '885942.DDBK', 'score': 550.21, 'scoreChangePre': 516.66, 'scoreChange': 6.71, 'dataType': 0, 'industryType': 0, 'isTrack': 0, 'isPpp': 0}, {'blockCode': '886034.DDBK', 'score': 546.19, 'scoreChangePre': 496.54, 'scoreChange': 0.0, 'dataType': 0, 'industryType': 0, 'isTrack': 0, 'isPpp': 0}, {'blockCode': '885333.DDBK', 'score': 543.5, 'scoreChangePre': 513.31, 'scoreChange': 10.06, 'dataType': 0, 'industryType': 0, 'isTrack': 0, 'isPpp': 0}, {'blockCode': '885842.DDBK', 'score': 532.0, 'scoreChangePre': 510.72, 'scoreChange': 10.64, 'dataType': 0, 'industryType': 0, 'isTrack': 0, 'isPpp': 0}, {'blockCode': '886041.DDBK', 'score': 528.96, 'scoreChangePre': 489.44, 'scoreChange': 6.08, 'dataType': 0, 'industryType': 0, 'isTrack': 0, 'isPpp': 0}, {'blockCode': '885452.DDBK', 'score': 501.13, 'scoreChangePre': 462.05, 'scoreChange': 6.9, 'dataType': 0, 'industryType': 0, 'isTrack': 0, 'isPpp': 0}, {'blockCode': '886013.DDBK', 'score': 493.35, 'scoreChangePre': 448.79, 'scoreChange': 6.37, 'dataType': 0, 'industryType': 0, 'isTrack': 0, 'isPpp': 0}, {'blockCode': '885757.DDBK', 'score': 488.29, 'scoreChangePre': 451.2, 'scoreChange': -9.27, 'dataType': 0, 'industryType': 0, 'isTrack': 0, 'isPpp': 0}, {'blockCode': '885976.DDBK', 'score': 481.93, 'scoreChangePre': 440.7, 'scoreChange': 5.15, 'dataType': 0, 'industryType': 0, 'isTrack': 0, 'isPpp': 0}, {'blockCode': '885966.DDBK', 'score': 425.6, 'scoreChangePre': 380.0, 'scoreChange': 0.0, 'dataType': 0, 'industryType': 0, 'isTrack': 0, 'isPpp': 0}, {'blockCode': '885887.DDBK', 'score': 351.16, 'scoreChangePre': 277.53, 'scoreChange': -19.82, 'dataType': 0, 'industryType': 0, 'isTrack': 0, 'isPpp': 0}]"
2024-09-05,000019.BKDL,411.83,348.3,21.91,1,0,0,"[{'blockCode': '885895.DDBK', 'score': 620.67, 'scoreChangePre': 558.6, 'scoreChange': 62.07, 'dataType': 0, 'industryType': 0, 'isTrack': 0, 'isPpp': 0}, {'blockCode': '885522.DDBK', 'score': 494.5, 'scoreChangePre': 433.45, 'scoreChange': 12.21, 'dataType': 0, 'industryType': 0, 'isTrack': 0, 'isPpp': 0}, {'blockCode': '885753.DDBK', 'score': 455.16, 'scoreChangePre': 372.4, 'scoreChange': 0.0, 'dataType': 0, 'industryType': 0, 'isTrack': 0, 'isPpp': 0}, {'blockCode': '886012.DDBK', 'score': 423.18, 'scoreChangePre': 372.4, 'scoreChange': 16.93, 'dataType': 0, 'industryType': 0, 'isTrack': 0, 'isPpp': 0}, {'blockCode': '885825.DDBK', 'score': 319.2, 'scoreChangePre': 239.4, 'scoreChange': 26.6, 'dataType': 0, 'industryType': 0, 'isTrack': 0, 'isPpp': 0}, {'blockCode': '885963.DDBK', 'score': 304.0, 'scoreChangePre': 258.4, 'scoreChange': 0.0, 'dataType': 0, 'industryType': 0, 'isTrack': 0, 'isPpp': 0}, {'blockCode': '885747.DDBK', 'score': 297.92, 'scoreChangePre': 223.44, 'scoreChange': -74.48, 'dataType': 0, 'industryType': 0, 'isTrack': 0, 'isPpp': 0}, {'blockCode': '885761.DDBK', 'score': 267.36, 'scoreChangePre': 229.17, 'scoreChange': 0.0, 'dataType': 0, 'industryType': 0, 'isTrack': 0, 'isPpp': 0}, {'blockCode': '885960.DDBK', 'score': 196.0, 'scoreChangePre': 156.8, 'scoreChange': 0.0, 'dataType': 0, 'industryType': 0, 'isTrack': 0, 'isPpp': 0}]"
2024-09-05,000009.BKDL,404.91,310.93,18.38,1,1,0,"[{'blockCode': '885947.DDBK', 'score': 638.4, 'scoreChangePre': 532.0, 'scoreChange': 0.0, 'dataType': 0, 'industryType': 0, 'isTrack': 1, 'isPpp': 0}, {'blockCode': '885981.DDBK', 'score': 620.67, 'scoreChangePre': 527.57, 'scoreChange': -31.03, 'dataType': 0, 'industryType': 0, 'isTrack': 1, 'isPpp': 0}, {'blockCode': '886018.DDBK', 'score': 558.6, 'scoreChangePre': 558.6, 'scoreChange': 0.0, 'dataType': 0, 'industryType': 0, 'isTrack': 1, 'isPpp': 0}, {'blockCode': '885769.DDBK', 'score': 536.95, 'scoreChangePre': 450.35, 'scoreChange': 17.32, 'dataType': 0, 'industryType': 0, 'isTrack': 1, 'isPpp': 0}, {'blockCode': '886028.DDBK', 'score': 532.0, 'scoreChangePre': 461.07, 'scoreChange': -35.47, 'dataType': 0, 'industryType': 0, 'isTrack': 1, 'isPpp': 0}, {'blockCode': '885765.DDBK', 'score': 531.01, 'scoreChangePre': 427.57, 'scoreChange': -6.9, 'dataType': 0, 'industryType': 0, 'isTrack': 1, 'isPpp': 0}, {'blockCode': '885852.DDBK', 'score': 521.36, 'scoreChangePre': 446.88, 'scoreChange': 148.96, 'dataType': 0, 'industryType': 0, 'isTrack': 1, 'isPpp': 0}, {'blockCode': '885983.DDBK', 'score': 508.64, 'scoreChangePre': 454.14, 'scoreChange': 0.0, 'dataType': 0, 'industryType': 0, 'isTrack': 1, 'isPpp': 0}, {'blockCode': '885927.DDBK', 'score': 496.53, 'scoreChangePre': 356.88, 'scoreChange': 0.0, 'dataType': 0, 'industryType': 0, 'isTrack': 1, 'isPpp': 0}, {'blockCode': '885900.DDBK', 'score': 486.98, 'scoreChangePre': 401.04, 'scoreChange': 0.0, 'dataType': 0, 'industryType': 0, 'isTrack': 1, 'isPpp': 0}, {'blockCode': '885578.DDBK', 'score': 477.8, 'scoreChangePre': 393.48, 'scoreChange': 14.06, 'dataType': 0, 'industryType': 0, 'isTrack': 1, 'isPpp': 0}, {'blockCode': '885883.DDBK', 'score': 460.02, 'scoreChangePre': 394.3, 'scoreChange': 43.81, 'dataType': 0, 'industryType': 0, 'isTrack': 1, 'isPpp': 0}, {'blockCode': '886051.DDBK', 'score': 457.04, 'scoreChangePre': 287.77, 'scoreChange': 33.86, 'dataType': 0, 'industryType': 0, 'isTrack': 1, 'isPpp': 0}, {'blockCode': '885508.DDBK', 'score': 456.49, 'scoreChangePre': 336.36, 'scoreChange': 0.0, 'dataType': 0, 'industryType': 0, 'isTrack': 1, 'isPpp': 0}, {'blockCode': '885703.DDBK', 'score': 456.27, 'scoreChangePre': 322.07, 'scoreChange': 0.0, 'dataType': 0, 'industryType': 0, 'isTrack': 1, 'isPpp': 0}, {'blockCode': '885402.DDBK', 'score': 453.09, 'scoreChangePre': 366.2, 'scoreChange': -6.2, 'dataType': 0, 'industryType': 0, 'isTrack': 1, 'isPpp': 0}, {'blockCode': '885917.DDBK', 'score': 428.61, 'scoreChangePre': 337.27, 'scoreChange': 14.05, 'dataType': 0, 'industryType': 0, 'isTrack': 1, 'isPpp': 0}, {'blockCode': '885661.DDBK', 'score': 425.6, 'scoreChangePre': 212.8, 'scoreChange': 11.82, 'dataType': 0, 'industryType': 0, 'isTrack': 1, 'isPpp': 0}, {'blockCode': '886022.DDBK', 'score': 424.12, 'scoreChangePre': 299.99, 'scoreChange': 10.34, 'dataType': 0, 'industryType': 0, 'isTrack': 1, 'isPpp': 0}, {'blockCode': '885926.DDBK', 'score': 420.97, 'scoreChangePre': 259.06, 'scoreChange': 64.76, 'dataType': 0, 'industryType': 0, 'isTrack': 1, 'isPpp': 0}, {'blockCode': '885846.DDBK', 'score': 418.95, 'scoreChangePre': 372.4, 'scoreChange': 0.0, 'dataType': 0, 'industryType': 0, 'isTrack': 1, 'isPpp': 0}, {'blockCode': '885838.DDBK', 'score': 415.7, 'scoreChangePre': 294.45, 'scoreChange': 17.32, 'dataType': 0, 'industryType': 0, 'isTrack': 1, 'isPpp': 0}, {'blockCode': '885539.DDBK', 'score': 415.37, 'scoreChangePre': 296.01, 'scoreChange': 0.0, 'dataType': 0, 'industryType': 0, 'isTrack': 1, 'isPpp': 0}, {'blockCode': '885490.DDBK', 'score': 415.13, 'scoreChangePre': 354.08, 'scoreChange': 0.0, 'dataType': 0, 'industryType': 0, 'isTrack': 1, 'isPpp': 0}, {'blockCode': '885879.DDBK', 'score': 413.17, 'scoreChangePre': 299.0, 'scoreChange': 10.87, 'dataType': 0, 'industryType': 0, 'isTrack': 1, 'isPpp': 0}, {'blockCode': '885955.DDBK', 'score': 406.25, 'scoreChangePre': 225.69, 'scoreChange': 22.57, 'dataType': 0, 'industryType': 0, 'isTrack': 1, 'isPpp': 0}, {'blockCode': '885913.DDBK', 'score': 403.43, 'scoreChangePre': 310.33, 'scoreChange': 31.03, 'dataType': 0, 'industryType': 0, 'isTrack': 1, 'isPpp': 0}, {'blockCode': '886015.DDBK', 'score': 391.5, 'scoreChangePre': 272.14, 'scoreChange': 9.55, 'dataType': 0, 'industryType': 0, 'isTrack': 1, 'isPpp': 0}, {'blockCode': '885403.DDBK', 'score': 389.07, 'scoreChangePre': 270.49, 'scoreChange': 3.7, 'dataType': 0, 'industryType': 0, 'isTrack': 1, 'isPpp': 0}, {'blockCode': '886077.DDBK', 'score': 384.04, 'scoreChangePre': 302.58, 'scoreChange': -5.82, 'dataType': 0, 'industryType': 0, 'isTrack': 1, 'isPpp': 0}, {'blockCode': '885989.DDBK', 'score': 381.79, 'scoreChangePre': 287.91, 'scoreChange': -6.26, 'dataType': 0, 'industryType': 0, 'isTrack': 1, 'isPpp': 0}, {'blockCode': '885993.DDBK', 'score': 372.4, 'scoreChangePre': 303.44, 'scoreChange': 13.79, 'dataType': 0, 'industryType': 0, 'isTrack': 1, 'isPpp': 0}, {'blockCode': '885952.DDBK', 'score': 366.84, 'scoreChangePre': 300.14, 'scoreChange': 0.0, 'dataType': 0, 'industryType': 0, 'isTrack': 1, 'isPpp': 0}, {'blockCode': '885994.DDBK', 'score': 366.09, 'scoreChangePre': 265.1, 'scoreChange': 25.25, 'dataType': 0, 'industryType': 0, 'isTrack': 1, 'isPpp': 0}, {'blockCode': '885818.DDBK', 'score': 356.21, 'scoreChangePre': 291.44, 'scoreChange': 16.19, 'dataType': 0, 'industryType': 0, 'isTrack': 1, 'isPpp': 0}, {'blockCode': '885954.DDBK', 'score': 354.67, 'scoreChangePre': 248.27, 'scoreChange': 7.1, 'dataType': 0, 'industryType': 0, 'isTrack': 1, 'isPpp': 0}, {'blockCode': '886029.DDBK', 'score': 350.49, 'scoreChangePre': 262.87, 'scoreChange': 43.81, 'dataType': 0, 'industryType': 0, 'isTrack': 1, 'isPpp': 0}, {'blockCode': '885845.DDBK', 'score': 338.55, 'scoreChangePre': 284.38, 'scoreChange': 13.55, 'dataType': 0, 'industryType': 0, 'isTrack': 1, 'isPpp': 0}, {'blockCode': '885856.DDBK', 'score': 337.12, 'scoreChangePre': 219.52, 'scoreChange': 31.36, 'dataType': 0, 'industryType': 0, 'isTrack': 1, 'isPpp': 0}, {'blockCode': '886025.DDBK', 'score': 327.71, 'scoreChangePre': 148.96, 'scoreChange': 0.0, 'dataType': 0, 'industryType': 0, 'isTrack': 1, 'isPpp': 0}, {'blockCode': '885880.DDBK', 'score': 320.55, 'scoreChangePre': 259.27, 'scoreChange': 0.0, 'dataType': 0, 'industryType': 0, 'isTrack': 1, 'isPpp': 0}, {'blockCode': '886056.DDBK', 'score': 315.11, 'scoreChangePre': 257.82, 'scoreChange': -28.64, 'dataType': 0, 'industryType': 0, 'isTrack': 1, 'isPpp': 0}, {'blockCode': '885985.DDBK', 'score': 289.64, 'scoreChangePre': 206.88, 'scoreChange': 0.0, 'dataType': 0, 'industryType': 0, 'isTrack': 1, 'isPpp': 0}, {'blockCode': '886024.DDBK', 'score': 260.68, 'scoreChangePre': 148.96, 'scoreChange': 0.0, 'dataType': 0, 'industryType': 0, 'isTrack': 1, 'isPpp': 0}, {'blockCode': '886027.DDBK', 'score': 248.27, 'scoreChangePre': 180.56, 'scoreChange': -22.57, 'dataType': 0, 'industryType': 0, 'isTrack': 1, 'isPpp': 0}, {'blockCode': '885805.DDBK', 'score': 212.8, 'scoreChangePre': -0.0, 'scoreChange': 0.0, 'dataType': 0, 'industryType': 0, 'isTrack': 1, 'isPpp': 0}]"
2024-09-05,000010.BKDL,397.86,340.57,13.36,1,1,0,"[{'blockCode': '885911.DDBK', 'score': 588.0, 'scoreChangePre': 548.8, 'scoreChange': 0.0, 'dataType': 0, 'industryType': 0, 'isTrack': 1, 'isPpp': 0}, {'blockCode': '885910.DDBK', 'score': 571.01, 'scoreChangePre': 571.01, 'scoreChange': 24.82, 'dataType': 0, 'industryType': 0, 'isTrack': 1, 'isPpp': 0}, {'blockCode': '885768.DDBK', 'score': 567.47, 'scoreChangePre': 567.47, 'scoreChange': 70.94, 'dataType': 0, 'industryType': 0, 'isTrack': 1, 'isPpp': 0}, {'blockCode': '885951.DDBK', 'score': 524.91, 'scoreChangePre': 446.88, 'scoreChange': 7.1, 'dataType': 0, 'industryType': 0, 'isTrack': 1, 'isPpp': 0}, {'blockCode': '885462.DDBK', 'score': 503.84, 'scoreChangePre': 438.12, 'scoreChange': -21.9, 'dataType': 0, 'industryType': 0, 'isTrack': 1, 'isPpp': 0}, {'blockCode': '885784.DDBK', 'score': 480.52, 'scoreChangePre': 406.04, 'scoreChange': -4.8, 'dataType': 0, 'industryType': 0, 'isTrack': 1, 'isPpp': 0}, {'blockCode': '885525.DDBK', 'score': 461.78, 'scoreChangePre': 446.88, 'scoreChange': -14.89, 'dataType': 0, 'industryType': 0, 'isTrack': 1, 'isPpp': 0}, {'blockCode': '885420.DDBK', 'score': 431.44, 'scoreChangePre': 363.32, 'scoreChange': -7.57, 'dataType': 0, 'industryType': 0, 'isTrack': 1, 'isPpp': 0}, {'blockCode': '885406.DDBK', 'score': 425.6, 'scoreChangePre': 372.4, 'scoreChange': -26.6, 'dataType': 0, 'industryType': 0, 'isTrack': 1, 'isPpp': 0}, {'blockCode': '885705.DDBK', 'score': 390.53, 'scoreChangePre': 365.42, 'scoreChange': -2.79, 'dataType': 0, 'industryType': 0, 'isTrack': 1, 'isPpp': 0}, {'blockCode': '885629.DDBK', 'score': 381.95, 'scoreChangePre': 343.76, 'scoreChange': 0.0, 'dataType': 0, 'industryType': 0, 'isTrack': 1, 'isPpp': 0}, {'blockCode': '885780.DDBK', 'score': 372.4, 'scoreChangePre': 331.02, 'scoreChange': -41.38, 'dataType': 0, 'industryType': 0, 'isTrack': 1, 'isPpp': 0}, {'blockCode': '885888.DDBK', 'score': 335.16, 'scoreChangePre': 260.68, 'scoreChange': 0.0, 'dataType': 0, 'industryType': 0, 'isTrack': 1, 'isPpp': 0}, {'blockCode': '885990.DDBK', 'score': 317.23, 'scoreChangePre': 234.47, 'scoreChange': -13.79, 'dataType': 0, 'industryType': 0, 'isTrack': 1, 'isPpp': 0}, {'blockCode': '885988.DDBK', 'score': 281.2, 'scoreChangePre': 266.0, 'scoreChange': -15.2, 'dataType': 0, 'industryType': 0, 'isTrack': 1, 'isPpp': 0}, {'blockCode': '885851.DDBK', 'score': 276.64, 'scoreChangePre': 148.96, 'scoreChange': 0.0, 'dataType': 0, 'industryType': 0, 'isTrack': 1, 'isPpp': 0}, {'blockCode': '885543.DDBK', 'score': 253.23, 'scoreChangePre': 193.65, 'scoreChange': 14.89, 'dataType': 0, 'industryType': 0, 'isTrack': 1, 'isPpp': 0}, {'blockCode': '885899.DDBK', 'score': 248.27, 'scoreChangePre': 132.41, 'scoreChange': -16.55, 'dataType': 0, 'industryType': 0, 'isTrack': 1, 'isPpp': 0}, {'blockCode': '885904.DDBK', 'score': 226.68, 'scoreChangePre': 194.3, 'scoreChange': 0.0, 'dataType': 0, 'industryType': 0, 'isTrack': 1, 'isPpp': 0}, {'blockCode': '886016.DDBK', 'score': 99.31, 'scoreChangePre': 99.31, 'scoreChange': 0.0, 'dataType': 0, 'industryType': 0, 'isTrack': 1, 'isPpp': 0}]"
2024-09-05,000015.BKDL,391.95,330.92,15.26,1,1,0,"[{'blockCode': '885767.DDBK', 'score': 569.55, 'scoreChangePre': 481.93, 'scoreChange': 0.0, 'dataType': 0, 'industryType': 0, 'isTrack': 1, 'isPpp': 0}, {'blockCode': '885749.DDBK', 'score': 537.91, 'scoreChangePre': 510.32, 'scoreChange': 0.0, 'dataType': 0, 'industryType': 0, 'isTrack': 1, 'isPpp': 0}, {'blockCode': '885456.DDBK', 'score': 501.71, 'scoreChangePre': 449.99, 'scoreChange': -10.34, 'dataType': 0, 'industryType': 0, 'isTrack': 1, 'isPpp': 0}, {'blockCode': '885657.DDBK', 'score': 386.19, 'scoreChangePre': 331.02, 'scoreChange': -13.8, 'dataType': 0, 'industryType': 0, 'isTrack': 1, 'isPpp': 0}, {'blockCode': '885620.DDBK', 'score': 384.22, 'scoreChangePre': 331.02, 'scoreChange': 0.0, 'dataType': 0, 'industryType': 0, 'isTrack': 1, 'isPpp': 0}, {'blockCode': '885413.DDBK', 'score': 370.06, 'scoreChangePre': 320.88, 'scoreChange': -4.68, 'dataType': 0, 'industryType': 0, 'isTrack': 1, 'isPpp': 0}, {'blockCode': '885623.DDBK', 'score': 350.49, 'scoreChangePre': 280.39, 'scoreChange': 8.76, 'dataType': 0, 'industryType': 0, 'isTrack': 1, 'isPpp': 0}, {'blockCode': '885814.DDBK', 'score': 343.75, 'scoreChangePre': 343.75, 'scoreChange': 28.64, 'dataType': 0, 'industryType': 0, 'isTrack': 1, 'isPpp': 0}, {'blockCode': '885570.DDBK', 'score': 303.8, 'scoreChangePre': 284.2, 'scoreChange': 29.4, 'dataType': 0, 'industryType': 0, 'isTrack': 1, 'isPpp': 0}, {'blockCode': '885835.DDBK', 'score': 299.79, 'scoreChangePre': 220.16, 'scoreChange': -4.69, 'dataType': 0, 'industryType': 0, 'isTrack': 1, 'isPpp': 0}]"
2024-09-05,000007.BKDL,385.45,347.5,20.17,1,1,0,"[{'blockCode': '885758.DDBK', 'score': 633.08, 'scoreChangePre': 633.08, 'scoreChange': 37.24, 'dataType': 0, 'industryType': 0, 'isTrack': 1, 'isPpp': 0}, {'blockCode': '885915.DDBK', 'score': 530.2, 'scoreChangePre': 467.08, 'scoreChange': -6.31, 'dataType': 0, 'industryType': 0, 'isTrack': 1, 'isPpp': 0}, {'blockCode': '885750.DDBK', 'score': 483.11, 'scoreChangePre': 462.98, 'scoreChange': -20.13, 'dataType': 0, 'industryType': 0, 'isTrack': 1, 'isPpp': 0}, {'blockCode': '885991.DDBK', 'score': 405.5, 'scoreChangePre': 384.81, 'scoreChange': 0.0, 'dataType': 0, 'industryType': 0, 'isTrack': 1, 'isPpp': 0}, {'blockCode': '885760.DDBK', 'score': 360.39, 'scoreChangePre': 336.36, 'scoreChange': -8.01, 'dataType': 0, 'industryType': 0, 'isTrack': 1, 'isPpp': 0}, {'blockCode': '885439.DDBK', 'score': 351.71, 'scoreChangePre': 310.33, 'scoreChange': -20.69, 'dataType': 0, 'industryType': 0, 'isTrack': 1, 'isPpp': 0}, {'blockCode': '885984.DDBK', 'score': 342.61, 'scoreChangePre': 312.82, 'scoreChange': -29.79, 'dataType': 0, 'industryType': 0, 'isTrack': 1, 'isPpp': 0}, {'blockCode': '885478.DDBK', 'score': 338.13, 'scoreChangePre': 306.14, 'scoreChange': 36.55, 'dataType': 0, 'industryType': 0, 'isTrack': 1, 'isPpp': 0}, {'blockCode': '885978.DDBK', 'score': 310.33, 'scoreChangePre': 248.26, 'scoreChange': 0.0, 'dataType': 0, 'industryType': 0, 'isTrack': 1, 'isPpp': 0}, {'blockCode': '885386.DDBK', 'score': 299.99, 'scoreChangePre': 258.61, 'scoreChange': 10.35, 'dataType': 0, 'industryType': 0, 'isTrack': 1, 'isPpp': 0}, {'blockCode': '885782.DDBK', 'score': 267.36, 'scoreChangePre': 248.26, 'scoreChange': -19.1, 'dataType': 0, 'industryType': 0, 'isTrack': 1, 'isPpp': 0}]"
2024-09-05,000004.BKDL,373.42,305.4,17.68,1,1,0,"[{'blockCode': '885894.DDBK', 'score': 446.88, 'scoreChangePre': 372.4, 'scoreChange': -24.83, 'dataType': 0, 'industryType': 0, 'isTrack': 1, 'isPpp': 0}, {'blockCode': '885827.DDBK', 'score': 427.86, 'scoreChangePre': 380.32, 'scoreChange': 0.0, 'dataType': 0, 'industryType': 0, 'isTrack': 1, 'isPpp': 0}, {'blockCode': '885617.DDBK', 'score': 392.3, 'scoreChangePre': 312.7, 'scoreChange': -22.74, 'dataType': 0, 'industryType': 0, 'isTrack': 1, 'isPpp': 0}, {'blockCode': '885734.DDBK', 'score': 387.3, 'scoreChangePre': 357.51, 'scoreChange': 0.0, 'dataType': 0, 'industryType': 0, 'isTrack': 1, 'isPpp': 0}, {'blockCode': '885521.DDBK', 'score': 382.03, 'scoreChangePre': 317.82, 'scoreChange': -6.42, 'dataType': 0, 'industryType': 0, 'isTrack': 1, 'isPpp': 0}, {'blockCode': '885487.DDBK', 'score': 372.4, 'scoreChangePre': 232.75, 'scoreChange': -46.55, 'dataType': 0, 'industryType': 0, 'isTrack': 1, 'isPpp': 0}, {'blockCode': '885939.DDBK', 'score': 372.4, 'scoreChangePre': 300.78, 'scoreChange': -57.29, 'dataType': 0, 'industryType': 0, 'isTrack': 1, 'isPpp': 0}, {'blockCode': '885514.DDBK', 'score': 368.22, 'scoreChangePre': 309.64, 'scoreChange': 8.37, 'dataType': 0, 'industryType': 0, 'isTrack': 1, 'isPpp': 0}, {'blockCode': '885744.DDBK', 'score': 360.76, 'scoreChangePre': 306.45, 'scoreChange': 23.27, 'dataType': 0, 'industryType': 0, 'isTrack': 1, 'isPpp': 0}, {'blockCode': '885472.DDBK', 'score': 342.84, 'scoreChangePre': 200.97, 'scoreChange': -11.83, 'dataType': 0, 'industryType': 0, 'isTrack': 1, 'isPpp': 0}, {'blockCode': '885924.DDBK', 'score': 338.55, 'scoreChangePre': 284.38, 'scoreChange': -9.02, 'dataType': 0, 'industryType': 0, 'isTrack': 1, 'isPpp': 0}, {'blockCode': '885832.DDBK', 'score': 325.51, 'scoreChangePre': 242.75, 'scoreChange': 5.52, 'dataType': 0, 'industryType': 0, 'isTrack': 1, 'isPpp': 0}, {'blockCode': '885345.DDBK', 'score': 313.03, 'scoreChangePre': 280.65, 'scoreChange': 32.38, 'dataType': 0, 'industryType': 0, 'isTrack': 1, 'isPpp': 0}, {'blockCode': '885849.DDBK', 'score': 297.92, 'scoreChangePre': 204.82, 'scoreChange': 18.62, 'dataType': 0, 'industryType': 0, 'isTrack': 1, 'isPpp': 0}, {'blockCode': '885764.DDBK', 'score': 203.13, 'scoreChangePre': 203.13, 'scoreChange': 0.0, 'dataType': 0, 'industryType': 0, 'isTrack': 1, 'isPpp': 0}, {'blockCode': '885591.DDBK', 'score': 165.51, 'scoreChangePre': 165.51, 'scoreChange': -82.76, 'dataType': 0, 'industryType': 0, 'isTrack': 1, 'isPpp': 0}]"
2024-09-05,000026.BKDL,360.15,288.48,10.88,1,1,0,"[{'blockCode': '885898.DDBK', 'score': 547.65, 'scoreChangePre': 525.74, 'scoreChange': -43.81, 'dataType': 0, 'industryType': 0, 'isTrack': 1, 'isPpp': 0}, {'blockCode': '885611.DDBK', 'score': 519.4, 'scoreChangePre': 455.7, 'scoreChange': 9.8, 'dataType': 0, 'industryType': 0, 'isTrack': 1, 'isPpp': 0}, {'blockCode': '885642.DDBK', 'score': 404.94, 'scoreChangePre': 339.86, 'scoreChange': -18.08, 'dataType': 0, 'industryType': 0, 'isTrack': 1, 'isPpp': 0}, {'blockCode': '885840.DDBK', 'score': 285.45, 'scoreChangePre': 203.42, 'scoreChange': -11.49, 'dataType': 0, 'industryType': 0, 'isTrack': 1, 'isPpp': 0}, {'blockCode': '885965.DDBK', 'score': 240.06, 'scoreChangePre': 178.51, 'scoreChange': -6.15, 'dataType': 0, 'industryType': 0, 'isTrack': 1, 'isPpp': 0}]"
2024-09-05,000006.BKDL,349.87,276.98,10.6,1,0,0,"[{'blockCode': '885980.DDBK', 'score': 556.98, 'scoreChangePre': 518.12, 'scoreChange': 6.48, 'dataType': 0, 'industryType': 0, 'isTrack': 0, 'isPpp': 0}, {'blockCode': '885923.DDBK', 'score': 437.78, 'scoreChangePre': 380.93, 'scoreChange': -5.69, 'dataType': 0, 'industryType': 0, 'isTrack': 0, 'isPpp': 0}, {'blockCode': '886059.DDBK', 'score': 381.95, 'scoreChangePre': 315.11, 'scoreChange': 9.55, 'dataType': 0, 'industryType': 0, 'isTrack': 0, 'isPpp': 0}, {'blockCode': '885502.DDBK', 'score': 375.24, 'scoreChangePre': 301.33, 'scoreChange': -5.69, 'dataType': 0, 'industryType': 0, 'isTrack': 0, 'isPpp': 0}, {'blockCode': '885982.DDBK', 'score': 372.4, 'scoreChangePre': 302.57, 'scoreChange': -23.28, 'dataType': 0, 'industryType': 0, 'isTrack': 0, 'isPpp': 0}, {'blockCode': '886058.DDBK', 'score': 372.4, 'scoreChangePre': 302.57, 'scoreChange': 23.27, 'dataType': 0, 'industryType': 0, 'isTrack': 0, 'isPpp': 0}, {'blockCode': '885806.DDBK', 'score': 337.62, 'scoreChangePre': 269.76, 'scoreChange': 1.7, 'dataType': 0, 'industryType': 0, 'isTrack': 0, 'isPpp': 1}, {'blockCode': '886055.DDBK', 'score': 285.24, 'scoreChangePre': 190.16, 'scoreChange': 0.0, 'dataType': 0, 'industryType': 0, 'isTrack': 0, 'isPpp': 0}, {'blockCode': '885843.DDBK', 'score': 232.75, 'scoreChangePre': 139.65, 'scoreChange': 23.27, 'dataType': 0, 'industryType': 0, 'isTrack': 0, 'isPpp': 0}, {'blockCode': '885376.DDBK', 'score': 151.29, 'scoreChangePre': 81.46, 'scoreChange': 5.82, 'dataType': 0, 'industryType': 0, 'isTrack': 0, 'isPpp': 0}]"
2024-09-05,000024.BKDL,327.09,289.52,28.73,1,1,0,"[{'blockCode': '885573.DDBK', 'score': 558.6, 'scoreChangePre': 535.32, 'scoreChange': 46.55, 'dataType': 0, 'industryType': 0, 'isTrack': 1, 'isPpp': 0}, {'blockCode': '885808.DDBK', 'score': 541.67, 'scoreChangePre': 473.96, 'scoreChange': 33.85, 'dataType': 0, 'industryType': 0, 'isTrack': 1, 'isPpp': 0}, {'blockCode': '885839.DDBK', 'score': 440.11, 'scoreChangePre': 406.26, 'scoreChange': 67.71, 'dataType': 0, 'industryType': 0, 'isTrack': 1, 'isPpp': 0}, {'blockCode': '885962.DDBK', 'score': 363.09, 'scoreChangePre': 325.85, 'scoreChange': 9.31, 'dataType': 0, 'industryType': 0, 'isTrack': 1, 'isPpp': 0}, {'blockCode': '885706.DDBK', 'score': 342.61, 'scoreChangePre': 297.92, 'scoreChange': 14.9, 'dataType': 0, 'industryType': 0, 'isTrack': 1, 'isPpp': 0}, {'blockCode': '885812.DDBK', 'score': 335.16, 'scoreChangePre': 335.16, 'scoreChange': 37.24, 'dataType': 0, 'industryType': 0, 'isTrack': 1, 'isPpp': 0}, {'blockCode': '885505.DDBK', 'score': 324.66, 'scoreChangePre': 305.56, 'scoreChange': 0.0, 'dataType': 0, 'industryType': 0, 'isTrack': 1, 'isPpp': 0}, {'blockCode': '885877.DDBK', 'score': 248.27, 'scoreChangePre': 248.27, 'scoreChange': 0.0, 'dataType': 0, 'industryType': 0, 'isTrack': 1, 'isPpp': 0}, {'blockCode': '885995.DDBK', 'score': 201.3, 'scoreChangePre': 140.91, 'scoreChange': 0.0, 'dataType': 0, 'industryType': 0, 'isTrack': 1, 'isPpp': 0}, {'blockCode': '885967.DDBK', 'score': 151.72, 'scoreChangePre': 137.93, 'scoreChange': 0.0, 'dataType': 0, 'industryType': 0, 'isTrack': 1, 'isPpp': 0}, {'blockCode': '885811.DDBK', 'score': 148.96, 'scoreChangePre': 111.72, 'scoreChange': 0.0, 'dataType': 0, 'industryType': 0, 'isTrack': 1, 'isPpp': 0}, {'blockCode': '885640.DDBK', 'score': 139.65, 'scoreChangePre': 139.65, 'scoreChange': 46.55, 'dataType': 0, 'industryType': 0, 'isTrack': 1, 'isPpp': 0}, {'blockCode': '885810.DDBK', 'score': 124.13, 'scoreChangePre': 124.13, 'scoreChange': 0.0, 'dataType': 0, 'industryType': 0, 'isTrack': 1, 'isPpp': 0}, {'blockCode': '885863.DDBK', 'score': 79.23, 'scoreChangePre': 47.54, 'scoreChange': 0.0, 'dataType': 0, 'industryType': 0, 'isTrack': 1, 'isPpp': 0}]"
2024-09-05,000014.BKDL,326.95,279.1,11.17,1,0,0,"[{'blockCode': '885759.DDBK', 'score': 499.26, 'scoreChangePre': 474.71, 'scoreChange': 0.0, 'dataType': 0, 'industryType': 0, 'isTrack': 0, 'isPpp': 0}, {'blockCode': '886036.DDBK', 'score': 496.53, 'scoreChangePre': 479.98, 'scoreChange': 0.0, 'dataType': 0, 'industryType': 0, 'isTrack': 0, 'isPpp': 0}, {'blockCode': '886047.DDBK', 'score': 473.96, 'scoreChangePre': 473.96, 'scoreChange': -33.86, 'dataType': 0, 'industryType': 0, 'isTrack': 0, 'isPpp': 0}, {'blockCode': '885771.DDBK', 'score': 275.25, 'scoreChangePre': 226.68, 'scoreChange': 32.38, 'dataType': 0, 'industryType': 0, 'isTrack': 0, 'isPpp': 0}, {'blockCode': '885785.DDBK', 'score': 235.06, 'scoreChangePre': 174.31, 'scoreChange': 10.56, 'dataType': 0, 'industryType': 0, 'isTrack': 0, 'isPpp': 0}, {'blockCode': '885454.DDBK', 'score': 223.44, 'scoreChangePre': 190.34, 'scoreChange': 0.0, 'dataType': 0, 'industryType': 0, 'isTrack': 0, 'isPpp': 0}]"
2024-09-05,000025.BKDL,323.86,265.12,13.05,1,0,0,"[{'blockCode': '886043.DDBK', 'score': 431.2, 'scoreChangePre': 431.2, 'scoreChange': 39.2, 'dataType': 0, 'industryType': 0, 'isTrack': 0, 'isPpp': 0}, {'blockCode': '885574.DDBK', 'score': 423.3, 'scoreChangePre': 369.72, 'scoreChange': 5.35, 'dataType': 0, 'industryType': 0, 'isTrack': 0, 'isPpp': 0}, {'blockCode': '885312.DDBK', 'score': 366.91, 'scoreChangePre': 322.97, 'scoreChange': 8.79, 'dataType': 0, 'industryType': 0, 'isTrack': 0, 'isPpp': 0}, {'blockCode': '885783.DDBK', 'score': 307.46, 'scoreChangePre': 241.2, 'scoreChange': 2.65, 'dataType': 0, 'industryType': 0, 'isTrack': 0, 'isPpp': 0}, {'blockCode': '885940.DDBK', 'score': 283.73, 'scoreChangePre': 212.8, 'scoreChange': 0.0, 'dataType': 0, 'industryType': 0, 'isTrack': 0, 'isPpp': 0}, {'blockCode': '885556.DDBK', 'score': 272.83, 'scoreChangePre': 215.08, 'scoreChange': 0.0, 'dataType': 0, 'industryType': 0, 'isTrack': 0, 'isPpp': 0}, {'blockCode': '886037.DDBK', 'score': 263.78, 'scoreChangePre': 232.75, 'scoreChange': 0.0, 'dataType': 0, 'industryType': 0, 'isTrack': 0, 'isPpp': 0}, {'blockCode': '885868.DDBK', 'score': 209.21, 'scoreChangePre': 167.37, 'scoreChange': 16.73, 'dataType': 0, 'industryType': 0, 'isTrack': 0, 'isPpp': 0}, {'blockCode': '885998.DDBK', 'score': 135.42, 'scoreChangePre': 45.14, 'scoreChange': 0.0, 'dataType': 0, 'industryType': 0, 'isTrack': 0, 'isPpp': 0}]"
2024-09-05,000023.BKDL,312.74,231.94,12.56,1,0,0,"[{'blockCode': '885932.DDBK', 'score': 471.71, 'scoreChangePre': 422.06, 'scoreChange': 49.66, 'dataType': 0, 'industryType': 0, 'isTrack': 0, 'isPpp': 0}, {'blockCode': '885560.DDBK', 'score': 437.17, 'scoreChangePre': 404.79, 'scoreChange': -16.19, 'dataType': 0, 'industryType': 0, 'isTrack': 0, 'isPpp': 0}, {'blockCode': '885787.DDBK', 'score': 406.88, 'scoreChangePre': 344.81, 'scoreChange': -6.9, 'dataType': 0, 'industryType': 0, 'isTrack': 0, 'isPpp': 0}, {'blockCode': '885587.DDBK', 'score': 383.68, 'scoreChangePre': 361.11, 'scoreChange': -22.57, 'dataType': 0, 'industryType': 0, 'isTrack': 0, 'isPpp': 0}, {'blockCode': '885729.DDBK', 'score': 370.22, 'scoreChangePre': 291.82, 'scoreChange': -13.07, 'dataType': 0, 'industryType': 0, 'isTrack': 0, 'isPpp': 0}, {'blockCode': '885742.DDBK', 'score': 334.4, 'scoreChangePre': 258.4, 'scoreChange': 15.2, 'dataType': 0, 'industryType': 0, 'isTrack': 0, 'isPpp': 0}, {'blockCode': '885739.DDBK', 'score': 324.07, 'scoreChangePre': 244.47, 'scoreChange': 0.0, 'dataType': 0, 'industryType': 0, 'isTrack': 0, 'isPpp': 0}, {'blockCode': '885796.DDBK', 'score': 305.37, 'scoreChangePre': 178.75, 'scoreChange': -7.45, 'dataType': 0, 'industryType': 0, 'isTrack': 0, 'isPpp': 0}, {'blockCode': '885802.DDBK', 'score': 300.14, 'scoreChangePre': 266.79, 'scoreChange': 0.0, 'dataType': 0, 'industryType': 0, 'isTrack': 0, 'isPpp': 0}, {'blockCode': '885869.DDBK', 'score': 293.95, 'scoreChangePre': 217.39, 'scoreChange': -3.78, 'dataType': 0, 'industryType': 0, 'isTrack': 0, 'isPpp': 1}, {'blockCode': '886072.DDBK', 'score': 248.8, 'scoreChangePre': 167.46, 'scoreChange': 6.38, 'dataType': 0, 'industryType': 0, 'isTrack': 0, 'isPpp': 0}, {'blockCode': '885873.DDBK', 'score': 217.23, 'scoreChangePre': 165.51, 'scoreChange': 0.0, 'dataType': 0, 'industryType': 0, 'isTrack': 0, 'isPpp': 0}, {'blockCode': '885740.DDBK', 'score': 210.79, 'scoreChangePre': 168.63, 'scoreChange': 28.1, 'dataType': 0, 'industryType': 0, 'isTrack': 0, 'isPpp': 0}]"
2024-09-05,000031.BKDL,310.27,227.43,10.9,1,0,0,"[{'blockCode': '885977.DDBK', 'score': 522.94, 'scoreChangePre': 491.25, 'scoreChange': 15.84, 'dataType': 0, 'industryType': 0, 'isTrack': 0, 'isPpp': 0}, {'blockCode': '885362.DDBK', 'score': 485.3, 'scoreChangePre': 458.34, 'scoreChange': -3.37, 'dataType': 0, 'industryType': 0, 'isTrack': 0, 'isPpp': 0}, {'blockCode': '886050.DDBK', 'score': 431.98, 'scoreChangePre': 387.29, 'scoreChange': 14.89, 'dataType': 0, 'industryType': 0, 'isTrack': 0, 'isPpp': 0}, {'blockCode': '886049.DDBK', 'score': 420.97, 'scoreChangePre': 404.78, 'scoreChange': 0.0, 'dataType': 0, 'industryType': 0, 'isTrack': 0, 'isPpp': 0}, {'blockCode': '885957.DDBK', 'score': 387.82, 'scoreChangePre': 339.34, 'scoreChange': 4.4, 'dataType': 0, 'industryType': 0, 'isTrack': 0, 'isPpp': 0}, {'blockCode': '885790.DDBK', 'score': 367.8, 'scoreChangePre': 308.03, 'scoreChange': 9.19, 'dataType': 0, 'industryType': 0, 'isTrack': 0, 'isPpp': 0}, {'blockCode': '885925.DDBK', 'score': 321.29, 'scoreChangePre': 233.67, 'scoreChange': 14.61, 'dataType': 0, 'industryType': 0, 'isTrack': 0, 'isPpp': 0}, {'blockCode': '886048.DDBK', 'score': 295.11, 'scoreChangePre': 238.9, 'scoreChange': -14.05, 'dataType': 0, 'industryType': 0, 'isTrack': 0, 'isPpp': 0}, {'blockCode': '885756.DDBK', 'score': 242.14, 'scoreChangePre': 160.92, 'scoreChange': 1.54, 'dataType': 0, 'industryType': 0, 'isTrack': 0, 'isPpp': 0}, {'blockCode': '886042.DDBK', 'score': 241.82, 'scoreChangePre': 183.78, 'scoreChange': -9.67, 'dataType': 0, 'industryType': 0, 'isTrack': 0, 'isPpp': 0}, {'blockCode': '886044.DDBK', 'score': 221.11, 'scoreChangePre': 151.28, 'scoreChange': 0.0, 'dataType': 0, 'industryType': 0, 'isTrack': 0, 'isPpp': 0}, {'blockCode': '886033.DDBK', 'score': 215.6, 'scoreChangePre': 156.8, 'scoreChange': 0.0, 'dataType': 0, 'industryType': 0, 'isTrack': 0, 'isPpp': 0}, {'blockCode': '886009.DDBK', 'score': 212.8, 'scoreChangePre': 106.4, 'scoreChange': -28.37, 'dataType': 0, 'industryType': 0, 'isTrack': 0, 'isPpp': 0}, {'blockCode': '885908.DDBK', 'score': 178.75, 'scoreChangePre': 74.48, 'scoreChange': -7.45, 'dataType': 0, 'industryType': 0, 'isTrack': 0, 'isPpp': 0}, {'blockCode': '886054.DDBK', 'score': 144.15, 'scoreChangePre': 72.07, 'scoreChange': 24.02, 'dataType': 0, 'industryType': 0, 'isTrack': 0, 'isPpp': 0}, {'blockCode': '886073.DDBK', 'score': 114.58, 'scoreChangePre': 85.93, 'scoreChange': 0.0, 'dataType': 0, 'industryType': 0, 'isTrack': 0, 'isPpp': 0}, {'blockCode': '885897.DDBK', 'score': 100.05, 'scoreChangePre': -33.35, 'scoreChange': 22.24, 'dataType': 0, 'industryType': 0, 'isTrack': 0, 'isPpp': 0}, {'blockCode': '885864.DDBK', 'score': 81.46, 'scoreChangePre': -139.65, 'scoreChange': 0.0, 'dataType': 0, 'industryType': 0, 'isTrack': 0, 'isPpp': 0}]"
2024-09-05,000038.BKDL,306.05,219.58,9.96,1,1,0,"[{'blockCode': '885694.DDBK', 'score': 305.69, 'scoreChangePre': 224.59, 'scoreChange': -0.48, 'dataType': 0, 'industryType': 0, 'isTrack': 1, 'isPpp': 1}, {'blockCode': '883304.DDBK', 'score': 250.76, 'scoreChangePre': 157.19, 'scoreChange': -3.74, 'dataType': 0, 'industryType': 0, 'isTrack': 1, 'isPpp': 0}]"
2024-09-05,000017.BKDL,303.34,245.49,15.64,1,1,0,"[{'blockCode': '885493.DDBK', 'score': 446.88, 'scoreChangePre': 397.23, 'scoreChange': 0.0, 'dataType': 0, 'industryType': 0, 'isTrack': 1, 'isPpp': 0}, {'blockCode': '885697.DDBK', 'score': 336.36, 'scoreChangePre': 288.31, 'scoreChange': -48.05, 'dataType': 0, 'industryType': 0, 'isTrack': 1, 'isPpp': 0}, {'blockCode': '885893.DDBK', 'score': 292.08, 'scoreChangePre': 204.46, 'scoreChange': 14.61, 'dataType': 0, 'industryType': 0, 'isTrack': 1, 'isPpp': 0}, {'blockCode': '886021.DDBK', 'score': 286.79, 'scoreChangePre': 232.24, 'scoreChange': -0.54, 'dataType': 0, 'industryType': 0, 'isTrack': 1, 'isPpp': 1}, {'blockCode': '885595.DDBK', 'score': 211.41, 'scoreChangePre': 159.37, 'scoreChange': -1.62, 'dataType': 0, 'industryType': 0, 'isTrack': 1, 'isPpp': 0}, {'blockCode': '885741.DDBK', 'score': 155.63, 'scoreChangePre': 133.4, 'scoreChange': -11.12, 'dataType': 0, 'industryType': 0, 'isTrack': 1, 'isPpp': 1}]"
2024-09-05,000037.BKDL,300.88,209.14,15.22,1,1,0,"[{'blockCode': '883303.DDBK', 'score': 301.84, 'scoreChangePre': 188.16, 'scoreChange': 7.84, 'dataType': 0, 'industryType': 0, 'isTrack': 1, 'isPpp': 0}, {'blockCode': '885520.DDBK', 'score': 284.98, 'scoreChangePre': 191.95, 'scoreChange': 1.07, 'dataType': 0, 'industryType': 0, 'isTrack': 1, 'isPpp': 1}, {'blockCode': '885745.DDBK', 'score': 272.74, 'scoreChangePre': 183.57, 'scoreChange': 7.86, 'dataType': 0, 'industryType': 0, 'isTrack': 1, 'isPpp': 0}, {'blockCode': '885663.DDBK', 'score': 254.72, 'scoreChangePre': 203.13, 'scoreChange': 3.23, 'dataType': 0, 'industryType': 0, 'isTrack': 1, 'isPpp': 0}, {'blockCode': '883300.DDBK', 'score': 222.97, 'scoreChangePre': 147.07, 'scoreChange': 4.75, 'dataType': 0, 'industryType': 0, 'isTrack': 1, 'isPpp': 0}, {'blockCode': '883302.DDBK', 'score': 188.08, 'scoreChangePre': 109.09, 'scoreChange': -3.76, 'dataType': 0, 'industryType': 0, 'isTrack': 1, 'isPpp': 0}, {'blockCode': '883301.DDBK', 'score': 135.42, 'scoreChangePre': 81.25, 'scoreChange': -13.54, 'dataType': 0, 'industryType': 0, 'isTrack': 1, 'isPpp': 0}]"
2024-09-05,000008.BKDL,291.57,249.71,17.32,1,1,0,"[{'blockCode': '885423.DDBK', 'score': 437.78, 'scoreChangePre': 397.98, 'scoreChange': 39.8, 'dataType': 0, 'industryType': 0, 'isTrack': 1, 'isPpp': 0}, {'blockCode': '885572.DDBK', 'score': 334.06, 'scoreChangePre': 284.77, 'scoreChange': -16.43, 'dataType': 0, 'industryType': 0, 'isTrack': 1, 'isPpp': 0}, {'blockCode': '885692.DDBK', 'score': 333.2, 'scoreChangePre': 303.8, 'scoreChange': -19.6, 'dataType': 0, 'industryType': 0, 'isTrack': 1, 'isPpp': 0}, {'blockCode': '885433.DDBK', 'score': 248.27, 'scoreChangePre': 183.9, 'scoreChange': 18.39, 'dataType': 0, 'industryType': 0, 'isTrack': 1, 'isPpp': 0}, {'blockCode': '885428.DDBK', 'score': 143.23, 'scoreChangePre': 85.94, 'scoreChange': -28.65, 'dataType': 0, 'industryType': 0, 'isTrack': 1, 'isPpp': 0}, {'blockCode': '885914.DDBK', 'score': 125.75, 'scoreChangePre': 106.4, 'scoreChange': 0.0, 'dataType': 0, 'industryType': 0, 'isTrack': 1, 'isPpp': 0}, {'blockCode': '885398.DDBK', 'score': 63.58, 'scoreChangePre': 45.41, 'scoreChange': -18.17, 'dataType': 0, 'industryType': 0, 'isTrack': 1, 'isPpp': 0}]"
2024-09-05,000027.BKDL,283.58,192.32,11.57,1,0,0,"[{'blockCode': '885662.DDBK', 'score': 496.53, 'scoreChangePre': 452.39, 'scoreChange': 11.03, 'dataType': 0, 'industryType': 0, 'isTrack': 0, 'isPpp': 0}, {'blockCode': '885861.DDBK', 'score': 478.8, 'scoreChangePre': 461.07, 'scoreChange': 0.0, 'dataType': 0, 'industryType': 0, 'isTrack': 0, 'isPpp': 0}, {'blockCode': '885943.DDBK', 'score': 470.4, 'scoreChangePre': 470.4, 'scoreChange': 39.2, 'dataType': 0, 'industryType': 0, 'isTrack': 0, 'isPpp': 0}, {'blockCode': '885766.DDBK', 'score': 460.2, 'scoreChangePre': 435.98, 'scoreChange': 18.16, 'dataType': 0, 'industryType': 0, 'isTrack': 0, 'isPpp': 0}, {'blockCode': '886035.DDBK', 'score': 426.9, 'scoreChangePre': 399.65, 'scoreChange': -9.08, 'dataType': 0, 'industryType': 0, 'isTrack': 0, 'isPpp': 0}, {'blockCode': '885871.DDBK', 'score': 425.6, 'scoreChangePre': 399.0, 'scoreChange': -26.6, 'dataType': 0, 'industryType': 0, 'isTrack': 0, 'isPpp': 0}, {'blockCode': '885736.DDBK', 'score': 421.13, 'scoreChangePre': 365.44, 'scoreChange': 10.45, 'dataType': 0, 'industryType': 0, 'isTrack': 0, 'isPpp': 0}, {'blockCode': '885902.DDBK', 'score': 352.8, 'scoreChangePre': 352.8, 'scoreChange': -39.2, 'dataType': 0, 'industryType': 0, 'isTrack': 0, 'isPpp': 0}, {'blockCode': '886067.DDBK', 'score': 351.61, 'scoreChangePre': 294.9, 'scoreChange': -3.78, 'dataType': 0, 'industryType': 0, 'isTrack': 0, 'isPpp': 0}, {'blockCode': '885564.DDBK', 'score': 334.62, 'scoreChangePre': 305.84, 'scoreChange': 17.99, 'dataType': 0, 'industryType': 0, 'isTrack': 0, 'isPpp': 0}, {'blockCode': '885834.DDBK', 'score': 333.2, 'scoreChangePre': 210.7, 'scoreChange': -4.9, 'dataType': 0, 'industryType': 0, 'isTrack': 0, 'isPpp': 0}, {'blockCode': '886061.DDBK', 'score': 323.14, 'scoreChangePre': 244.33, 'scoreChange': -3.94, 'dataType': 0, 'industryType': 0, 'isTrack': 0, 'isPpp': 0}, {'blockCode': '885545.DDBK', 'score': 315.89, 'scoreChangePre': 252.13, 'scoreChange': 8.7, 'dataType': 0, 'industryType': 0, 'isTrack': 0, 'isPpp': 0}, {'blockCode': '886064.DDBK', 'score': 305.9, 'scoreChangePre': 172.9, 'scoreChange': -13.3, 'dataType': 0, 'industryType': 0, 'isTrack': 0, 'isPpp': 0}, {'blockCode': '885974.DDBK', 'score': 291.44, 'scoreChangePre': 194.29, 'scoreChange': -32.39, 'dataType': 0, 'industryType': 0, 'isTrack': 0, 'isPpp': 0}, {'blockCode': '885945.DDBK', 'score': 290.18, 'scoreChangePre': 232.14, 'scoreChange': 0.0, 'dataType': 0, 'industryType': 0, 'isTrack': 0, 'isPpp': 0}, {'blockCode': '885999.DDBK', 'score': 255.57, 'scoreChangePre': 160.64, 'scoreChange': -7.3, 'dataType': 0, 'industryType': 0, 'isTrack': 0, 'isPpp': 0}, {'blockCode': '885467.DDBK', 'score': 254.8, 'scoreChangePre': 130.67, 'scoreChange': -3.27, 'dataType': 0, 'industryType': 0, 'isTrack': 0, 'isPpp': 0}, {'blockCode': '885997.DDBK', 'score': 240.92, 'scoreChangePre': 122.82, 'scoreChange': 0.0, 'dataType': 0, 'industryType': 0, 'isTrack': 0, 'isPpp': 0}, {'blockCode': '886000.DDBK', 'score': 231.72, 'scoreChangePre': 66.21, 'scoreChange': 0.0, 'dataType': 0, 'industryType': 0, 'isTrack': 0, 'isPpp': 0}, {'blockCode': '885431.DDBK', 'score': 226.89, 'scoreChangePre': 115.42, 'scoreChange': 0.0, 'dataType': 0, 'industryType': 0, 'isTrack': 0, 'isPpp': 0}, {'blockCode': '885775.DDBK', 'score': 217.4, 'scoreChangePre': 76.49, 'scoreChange': -16.1, 'dataType': 0, 'industryType': 0, 'isTrack': 0, 'isPpp': 0}, {'blockCode': '886066.DDBK', 'score': 217.23, 'scoreChangePre': 124.13, 'scoreChange': -15.52, 'dataType': 0, 'industryType': 0, 'isTrack': 0, 'isPpp': 0}, {'blockCode': '885461.DDBK', 'score': 209.31, 'scoreChangePre': 141.35, 'scoreChange': -10.87, 'dataType': 0, 'industryType': 0, 'isTrack': 0, 'isPpp': 0}, {'blockCode': '885886.DDBK', 'score': 157.99, 'scoreChangePre': -22.57, 'scoreChange': -22.57, 'dataType': 0, 'industryType': 0, 'isTrack': 0, 'isPpp': 0}, {'blockCode': '886001.DDBK', 'score': 148.96, 'scoreChangePre': 9.93, 'scoreChange': -49.65, 'dataType': 0, 'industryType': 0, 'isTrack': 0, 'isPpp': 0}]"
2024-09-05,000028.BKDL,273.99,223.82,23.15,1,1,0,"[{'blockCode': '885699.DDBK', 'score': 254.7, 'scoreChangePre': 204.53, 'scoreChange': 3.86, 'dataType': 0, 'industryType': 0, 'isTrack': 1, 'isPpp': 1}]"
2024-09-05,000033.BKDL,273.29,188.34,11.15,1,0,0,"[{'blockCode': '886069.DDBK', 'score': 342.21, 'scoreChangePre': 281.82, 'scoreChange': -20.13, 'dataType': 0, 'industryType': 0, 'isTrack': 0, 'isPpp': 0}, {'blockCode': '886002.DDBK', 'score': 336.07, 'scoreChangePre': 313.36, 'scoreChange': 13.63, 'dataType': 0, 'industryType': 0, 'isTrack': 0, 'isPpp': 0}, {'blockCode': '885517.DDBK', 'score': 290.65, 'scoreChangePre': 228.37, 'scoreChange': 7.78, 'dataType': 0, 'industryType': 0, 'isTrack': 0, 'isPpp': 0}, {'blockCode': '885946.DDBK', 'score': 272.24, 'scoreChangePre': 200.33, 'scoreChange': 5.14, 'dataType': 0, 'industryType': 0, 'isTrack': 0, 'isPpp': 0}, {'blockCode': '885941.DDBK', 'score': 257.46, 'scoreChangePre': 185.74, 'scoreChange': 1.84, 'dataType': 0, 'industryType': 0, 'isTrack': 0, 'isPpp': 0}, {'blockCode': '886057.DDBK', 'score': 244.26, 'scoreChangePre': 180.19, 'scoreChange': 4.0, 'dataType': 0, 'industryType': 0, 'isTrack': 0, 'isPpp': 0}, {'blockCode': '885929.DDBK', 'score': 244.18, 'scoreChangePre': 145.19, 'scoreChange': -5.66, 'dataType': 0, 'industryType': 0, 'isTrack': 0, 'isPpp': 0}, {'blockCode': '886008.DDBK', 'score': 234.32, 'scoreChangePre': 175.74, 'scoreChange': -8.37, 'dataType': 0, 'industryType': 0, 'isTrack': 0, 'isPpp': 0}, {'blockCode': '885619.DDBK', 'score': 232.75, 'scoreChangePre': 164.29, 'scoreChange': -5.48, 'dataType': 0, 'industryType': 0, 'isTrack': 0, 'isPpp': 0}, {'blockCode': '885427.DDBK', 'score': 224.3, 'scoreChangePre': 146.66, 'scoreChange': 0.0, 'dataType': 0, 'industryType': 0, 'isTrack': 0, 'isPpp': 0}, {'blockCode': '885537.DDBK', 'score': 215.16, 'scoreChangePre': 115.85, 'scoreChange': 0.0, 'dataType': 0, 'industryType': 0, 'isTrack': 0, 'isPpp': 0}, {'blockCode': '885930.DDBK', 'score': 206.89, 'scoreChangePre': 107.58, 'scoreChange': 0.0, 'dataType': 0, 'industryType': 0, 'isTrack': 0, 'isPpp': 0}, {'blockCode': '885786.DDBK', 'score': 192.21, 'scoreChangePre': 108.12, 'scoreChange': 12.02, 'dataType': 0, 'industryType': 0, 'isTrack': 0, 'isPpp': 0}]"
2024-09-05,000011.BKDL,268.93,207.77,15.92,1,1,0,"[{'blockCode': '885854.DDBK', 'score': 348.11, 'scoreChangePre': 299.54, 'scoreChange': 16.19, 'dataType': 0, 'industryType': 0, 'isTrack': 1, 'isPpp': 0}, {'blockCode': '885690.DDBK', 'score': 347.01, 'scoreChangePre': 300.46, 'scoreChange': -4.23, 'dataType': 0, 'industryType': 0, 'isTrack': 1, 'isPpp': 0}, {'blockCode': '885555.DDBK', 'score': 302.58, 'scoreChangePre': 279.3, 'scoreChange': 0.0, 'dataType': 0, 'industryType': 0, 'isTrack': 1, 'isPpp': 0}, {'blockCode': '885986.DDBK', 'score': 283.02, 'scoreChangePre': 253.23, 'scoreChange': 14.89, 'dataType': 0, 'industryType': 0, 'isTrack': 1, 'isPpp': 0}, {'blockCode': '885412.DDBK', 'score': 280.26, 'scoreChangePre': 241.87, 'scoreChange': 0.0, 'dataType': 0, 'industryType': 0, 'isTrack': 1, 'isPpp': 0}, {'blockCode': '886052.DDBK', 'score': 279.3, 'scoreChangePre': 263.78, 'scoreChange': 15.52, 'dataType': 0, 'industryType': 0, 'isTrack': 1, 'isPpp': 0}, {'blockCode': '885563.DDBK', 'score': 270.12, 'scoreChangePre': 217.67, 'scoreChange': -2.62, 'dataType': 0, 'industryType': 0, 'isTrack': 1, 'isPpp': 0}, {'blockCode': '885992.DDBK', 'score': 262.87, 'scoreChangePre': 43.81, 'scoreChange': 0.0, 'dataType': 0, 'industryType': 0, 'isTrack': 1, 'isPpp': 0}, {'blockCode': '885410.DDBK', 'score': 262.51, 'scoreChangePre': 231.99, 'scoreChange': -6.11, 'dataType': 0, 'industryType': 0, 'isTrack': 1, 'isPpp': 0}, {'blockCode': '885961.DDBK', 'score': 261.69, 'scoreChangePre': 181.17, 'scoreChange': 0.0, 'dataType': 0, 'industryType': 0, 'isTrack': 1, 'isPpp': 0}, {'blockCode': '885919.DDBK', 'score': 254.7, 'scoreChangePre': 208.39, 'scoreChange': 7.72, 'dataType': 0, 'industryType': 0, 'isTrack': 1, 'isPpp': 0}, {'blockCode': '885823.DDBK', 'score': 164.94, 'scoreChangePre': 79.89, 'scoreChange': -5.15, 'dataType': 0, 'industryType': 0, 'isTrack': 1, 'isPpp': 0}]"
2024-09-05,000018.BKDL,261.81,214.55,14.17,1,1,0,"[{'blockCode': '885770.DDBK', 'score': 340.64, 'scoreChangePre': 306.0, 'scoreChange': -11.55, 'dataType': 0, 'industryType': 0, 'isTrack': 1, 'isPpp': 0}, {'blockCode': '885500.DDBK', 'score': 337.27, 'scoreChangePre': 309.16, 'scoreChange': -14.05, 'dataType': 0, 'industryType': 0, 'isTrack': 1, 'isPpp': 0}, {'blockCode': '885562.DDBK', 'score': 267.87, 'scoreChangePre': 196.0, 'scoreChange': 0.0, 'dataType': 0, 'industryType': 0, 'isTrack': 1, 'isPpp': 0}, {'blockCode': '885494.DDBK', 'score': 232.75, 'scoreChangePre': 192.02, 'scoreChange': -7.27, 'dataType': 0, 'industryType': 0, 'isTrack': 1, 'isPpp': 0}, {'blockCode': '885733.DDBK', 'score': 165.51, 'scoreChangePre': 144.82, 'scoreChange': 0.0, 'dataType': 0, 'industryType': 0, 'isTrack': 1, 'isPpp': 0}, {'blockCode': '885964.DDBK', 'score': 127.68, 'scoreChangePre': 74.48, 'scoreChange': 10.64, 'dataType': 0, 'industryType': 0, 'isTrack': 1, 'isPpp': 0}]"
2024-09-05,000013.BKDL,253.68,186.2,8.75,1,1,0,"[{'blockCode': '886076.DDBK', 'score': 467.67, 'scoreChangePre': 433.03, 'scoreChange': 8.67, 'dataType': 0, 'industryType': 0, 'isTrack': 1, 'isPpp': 0}, {'blockCode': '886030.DDBK', 'score': 372.4, 'scoreChangePre': 328.59, 'scoreChange': 21.91, 'dataType': 0, 'industryType': 0, 'isTrack': 1, 'isPpp': 0}, {'blockCode': '885884.DDBK', 'score': 297.92, 'scoreChangePre': 216.67, 'scoreChange': 13.54, 'dataType': 0, 'industryType': 0, 'isTrack': 1, 'isPpp': 0}, {'blockCode': '885743.DDBK', 'score': 265.1, 'scoreChangePre': 223.02, 'scoreChange': 0.0, 'dataType': 0, 'industryType': 0, 'isTrack': 1, 'isPpp': 0}, {'blockCode': '885566.DDBK', 'score': 259.35, 'scoreChangePre': 186.2, 'scoreChange': 0.0, 'dataType': 0, 'industryType': 0, 'isTrack': 1, 'isPpp': 0}, {'blockCode': '885700.DDBK', 'score': 257.08, 'scoreChangePre': 196.85, 'scoreChange': 0.0, 'dataType': 0, 'industryType': 0, 'isTrack': 1, 'isPpp': 0}, {'blockCode': '885795.DDBK', 'score': 248.27, 'scoreChangePre': 165.51, 'scoreChange': 0.0, 'dataType': 0, 'industryType': 0, 'isTrack': 1, 'isPpp': 0}, {'blockCode': '885426.DDBK', 'score': 206.01, 'scoreChangePre': 110.93, 'scoreChange': -15.85, 'dataType': 0, 'industryType': 0, 'isTrack': 1, 'isPpp': 0}, {'blockCode': '885860.DDBK', 'score': 0.0, 'scoreChangePre': -203.13, 'scoreChange': 0.0, 'dataType': 0, 'industryType': 0, 'isTrack': 1, 'isPpp': 0}]"
2024-09-05,000032.BKDL,238.94,154.99,12.92,1,0,0,"[{'blockCode': '885906.DDBK', 'score': 236.16, 'scoreChangePre': 163.5, 'scoreChange': -18.16, 'dataType': 0, 'industryType': 0, 'isTrack': 0, 'isPpp': 1}, {'blockCode': '885598.DDBK', 'score': 226.02, 'scoreChangePre': 142.07, 'scoreChange': 0.0, 'dataType': 0, 'industryType': 0, 'isTrack': 0, 'isPpp': 1}, {'blockCode': '885905.DDBK', 'score': 218.06, 'scoreChangePre': 133.1, 'scoreChange': 2.83, 'dataType': 0, 'industryType': 0, 'isTrack': 0, 'isPpp': 1}, {'blockCode': '885907.DDBK', 'score': 211.76, 'scoreChangePre': 124.14, 'scoreChange': 0.0, 'dataType': 0, 'industryType': 0, 'isTrack': 0, 'isPpp': 0}]"
2024-09-05,000035.BKDL,213.84,115.56,7.73,1,1,0,"[{'blockCode': '885798.DDBK', 'score': 297.92, 'scoreChangePre': 297.92, 'scoreChange': 0.0, 'dataType': 0, 'industryType': 0, 'isTrack': 1, 'isPpp': 0}, {'blockCode': '886007.DDBK', 'score': 288.31, 'scoreChangePre': 144.16, 'scoreChange': -12.01, 'dataType': 0, 'industryType': 0, 'isTrack': 1, 'isPpp': 0}, {'blockCode': '886053.DDBK', 'score': 284.78, 'scoreChangePre': 43.82, 'scoreChange': 0.0, 'dataType': 0, 'industryType': 0, 'isTrack': 1, 'isPpp': 0}, {'blockCode': '885920.DDBK', 'score': 255.16, 'scoreChangePre': 158.61, 'scoreChange': 0.0, 'dataType': 0, 'industryType': 0, 'isTrack': 1, 'isPpp': 0}, {'blockCode': '885878.DDBK', 'score': 238.9, 'scoreChangePre': 42.16, 'scoreChange': -14.05, 'dataType': 0, 'industryType': 0, 'isTrack': 1, 'isPpp': 0}, {'blockCode': '886026.DDBK', 'score': 238.34, 'scoreChangePre': 178.76, 'scoreChange': -29.79, 'dataType': 0, 'industryType': 0, 'isTrack': 1, 'isPpp': 0}, {'blockCode': '885922.DDBK', 'score': 236.98, 'scoreChangePre': 186.2, 'scoreChange': 0.0, 'dataType': 0, 'industryType': 0, 'isTrack': 1, 'isPpp': 0}, {'blockCode': '886011.DDBK', 'score': 219.06, 'scoreChangePre': 197.15, 'scoreChange': -21.9, 'dataType': 0, 'industryType': 0, 'isTrack': 1, 'isPpp': 0}, {'blockCode': '886010.DDBK', 'score': 215.16, 'scoreChangePre': 148.96, 'scoreChange': -16.56, 'dataType': 0, 'industryType': 0, 'isTrack': 1, 'isPpp': 0}, {'blockCode': '886006.DDBK', 'score': 195.07, 'scoreChangePre': -70.93, 'scoreChange': -35.46, 'dataType': 0, 'industryType': 0, 'isTrack': 1, 'isPpp': 0}, {'blockCode': '885531.DDBK', 'score': 192.3, 'scoreChangePre': 107.63, 'scoreChange': -5.74, 'dataType': 0, 'industryType': 0, 'isTrack': 1, 'isPpp': 0}, {'blockCode': '886005.DDBK', 'score': 190.97, 'scoreChangePre': 171.87, 'scoreChange': 38.19, 'dataType': 0, 'industryType': 0, 'isTrack': 1, 'isPpp': 0}, {'blockCode': '885938.DDBK', 'score': 180.88, 'scoreChangePre': 127.68, 'scoreChange': -10.64, 'dataType': 0, 'industryType': 0, 'isTrack': 1, 'isPpp': 0}, {'blockCode': '885311.DDBK', 'score': 176.4, 'scoreChangePre': 129.36, 'scoreChange': -11.76, 'dataType': 0, 'industryType': 0, 'isTrack': 1, 'isPpp': 0}, {'blockCode': '885819.DDBK', 'score': 175.25, 'scoreChangePre': 131.44, 'scoreChange': -21.9, 'dataType': 0, 'industryType': 0, 'isTrack': 1, 'isPpp': 0}, {'blockCode': '885921.DDBK', 'score': 172.96, 'scoreChangePre': 70.59, 'scoreChange': -3.53, 'dataType': 0, 'industryType': 0, 'isTrack': 1, 'isPpp': 0}, {'blockCode': '885936.DDBK', 'score': 166.44, 'scoreChangePre': 133.15, 'scoreChange': 0.0, 'dataType': 0, 'industryType': 0, 'isTrack': 1, 'isPpp': 0}, {'blockCode': '885944.DDBK', 'score': 160.42, 'scoreChangePre': -34.37, 'scoreChange': 22.92, 'dataType': 0, 'industryType': 0, 'isTrack': 1, 'isPpp': 0}, {'blockCode': '885710.DDBK', 'score': 159.6, 'scoreChangePre': -28.37, 'scoreChange': 0.0, 'dataType': 0, 'industryType': 0, 'isTrack': 1, 'isPpp': 0}, {'blockCode': '885571.DDBK', 'score': 157.01, 'scoreChangePre': 76.49, 'scoreChange': -16.11, 'dataType': 0, 'industryType': 0, 'isTrack': 1, 'isPpp': 0}, {'blockCode': '886032.DDBK', 'score': 155.17, 'scoreChangePre': -217.23, 'scoreChange': -6.2, 'dataType': 0, 'industryType': 0, 'isTrack': 1, 'isPpp': 0}, {'blockCode': '886003.DDBK', 'score': 154.1, 'scoreChangePre': 102.73, 'scoreChange': -51.36, 'dataType': 0, 'industryType': 0, 'isTrack': 1, 'isPpp': 0}, {'blockCode': '886004.DDBK', 'score': 153.04, 'scoreChangePre': 122.43, 'scoreChange': -10.2, 'dataType': 0, 'industryType': 0, 'isTrack': 1, 'isPpp': 0}, {'blockCode': '885789.DDBK', 'score': 148.96, 'scoreChangePre': -37.24, 'scoreChange': -3.39, 'dataType': 0, 'industryType': 0, 'isTrack': 1, 'isPpp': 0}, {'blockCode': '886065.DDBK', 'score': 144.15, 'scoreChangePre': 120.12, 'scoreChange': -24.03, 'dataType': 0, 'industryType': 0, 'isTrack': 1, 'isPpp': 0}, {'blockCode': '885958.DDBK', 'score': 140.91, 'scoreChangePre': 60.39, 'scoreChange': 0.0, 'dataType': 0, 'industryType': 0, 'isTrack': 1, 'isPpp': 0}, {'blockCode': '885928.DDBK', 'score': 138.57, 'scoreChangePre': -173.21, 'scoreChange': 0.0, 'dataType': 0, 'industryType': 0, 'isTrack': 1, 'isPpp': 0}, {'blockCode': '885641.DDBK', 'score': 132.53, 'scoreChangePre': 71.57, 'scoreChange': -10.6, 'dataType': 0, 'industryType': 0, 'isTrack': 1, 'isPpp': 0}, {'blockCode': '886038.DDBK', 'score': 117.6, 'scoreChangePre': 78.4, 'scoreChange': 0.0, 'dataType': 0, 'industryType': 0, 'isTrack': 1, 'isPpp': 0}, {'blockCode': '885781.DDBK', 'score': 101.56, 'scoreChangePre': -135.42, 'scoreChange': 0.0, 'dataType': 0, 'industryType': 0, 'isTrack': 1, 'isPpp': 0}, {'blockCode': '885425.DDBK', 'score': 97.8, 'scoreChangePre': 52.66, 'scoreChange': -22.57, 'dataType': 0, 'industryType': 0, 'isTrack': 1, 'isPpp': 0}, {'blockCode': '885948.DDBK', 'score': 95.08, 'scoreChangePre': 47.54, 'scoreChange': -15.85, 'dataType': 0, 'industryType': 0, 'isTrack': 1, 'isPpp': 0}, {'blockCode': '885996.DDBK', 'score': 90.58, 'scoreChangePre': 60.39, 'scoreChange': -20.13, 'dataType': 0, 'industryType': 0, 'isTrack': 1, 'isPpp': 0}, {'blockCode': '885935.DDBK', 'score': 44.69, 'scoreChangePre': -14.89, 'scoreChange': -14.89, 'dataType': 0, 'industryType': 0, 'isTrack': 1, 'isPpp': 0}]"
2024-09-05,000029.BKDL,208.31,108.23,9.31,1,0,0,"[{'blockCode': '885959.DDBK', 'score': 348.83, 'scoreChangePre': 235.7, 'scoreChange': -9.43, 'dataType': 0, 'industryType': 0, 'isTrack': 0, 'isPpp': 0}, {'blockCode': '885675.DDBK', 'score': 252.47, 'scoreChangePre': 154.64, 'scoreChange': 0.0, 'dataType': 0, 'industryType': 0, 'isTrack': 0, 'isPpp': 0}, {'blockCode': '885875.DDBK', 'score': 251.37, 'scoreChangePre': 176.89, 'scoreChange': 9.31, 'dataType': 0, 'industryType': 0, 'isTrack': 0, 'isPpp': 0}, {'blockCode': '885953.DDBK', 'score': 235.2, 'scoreChangePre': 78.4, 'scoreChange': 39.2, 'dataType': 0, 'industryType': 0, 'isTrack': 0, 'isPpp': 0}, {'blockCode': '885987.DDBK', 'score': 221.43, 'scoreChangePre': 120.78, 'scoreChange': 20.13, 'dataType': 0, 'industryType': 0, 'isTrack': 0, 'isPpp': 0}, {'blockCode': '885800.DDBK', 'score': 178.51, 'scoreChangePre': 107.72, 'scoreChange': 12.31, 'dataType': 0, 'industryType': 0, 'isTrack': 0, 'isPpp': 0}, {'blockCode': '885809.DDBK', 'score': 175.86, 'scoreChangePre': 41.38, 'scoreChange': -10.34, 'dataType': 0, 'industryType': 0, 'isTrack': 0, 'isPpp': 0}, {'blockCode': '886020.DDBK', 'score': 165.51, 'scoreChangePre': 20.69, 'scoreChange': -20.69, 'dataType': 0, 'industryType': 0, 'isTrack': 0, 'isPpp': 0}, {'blockCode': '885738.DDBK', 'score': 159.6, 'scoreChangePre': -17.73, 'scoreChange': 0.0, 'dataType': 0, 'industryType': 0, 'isTrack': 0, 'isPpp': 0}, {'blockCode': '885774.DDBK', 'score': 159.6, 'scoreChangePre': 88.67, 'scoreChange': -17.73, 'dataType': 0, 'industryType': 0, 'isTrack': 0, 'isPpp': 0}]"
2024-09-05,000005.BKDL,197.6,146.93,20.27,1,1,0,"[{'blockCode': '885430.DDBK', 'score': 187.58, 'scoreChangePre': 137.93, 'scoreChange': 11.03, 'dataType': 0, 'industryType': 0, 'isTrack': 1, 'isPpp': 0}, {'blockCode': '885748.DDBK', 'score': 124.13, 'scoreChangePre': 124.13, 'scoreChange': 0.0, 'dataType': 0, 'industryType': 0, 'isTrack': 1, 'isPpp': 0}, {'blockCode': '885372.DDBK', 'score': 117.6, 'scoreChangePre': 78.4, 'scoreChange': -39.2, 'dataType': 0, 'industryType': 0, 'isTrack': 1, 'isPpp': 0}]"
2024-09-05,000001.BKDL,177.79,88.89,9.61,1,1,0,"[{'blockCode': '885530.DDBK', 'score': 210.07, 'scoreChangePre': 133.68, 'scoreChange': 0.0, 'dataType': 0, 'industryType': 0, 'isTrack': 1, 'isPpp': 0}, {'blockCode': '885972.DDBK', 'score': 190.97, 'scoreChangePre': 114.58, 'scoreChange': 0.0, 'dataType': 0, 'industryType': 0, 'isTrack': 1, 'isPpp': 0}, {'blockCode': '885970.DDBK', 'score': 173.79, 'scoreChangePre': 173.79, 'scoreChange': 0.0, 'dataType': 0, 'industryType': 0, 'isTrack': 1, 'isPpp': 0}, {'blockCode': '885973.DDBK', 'score': 148.96, 'scoreChangePre': 111.72, 'scoreChange': 12.41, 'dataType': 0, 'industryType': 0, 'isTrack': 1, 'isPpp': 0}, {'blockCode': '885343.DDBK', 'score': 146.3, 'scoreChangePre': 53.2, 'scoreChange': 0.0, 'dataType': 0, 'industryType': 0, 'isTrack': 1, 'isPpp': 0}, {'blockCode': '885355.DDBK', 'score': 141.42, 'scoreChangePre': -18.85, 'scoreChange': -18.85, 'dataType': 0, 'industryType': 0, 'isTrack': 1, 'isPpp': 0}, {'blockCode': '885552.DDBK', 'score': 123.2, 'scoreChangePre': 33.6, 'scoreChange': -5.6, 'dataType': 0, 'industryType': 0, 'isTrack': 1, 'isPpp': 0}, {'blockCode': '885971.DDBK', 'score': 110.34, 'scoreChangePre': 110.34, 'scoreChange': 0.0, 'dataType': 0, 'industryType': 0, 'isTrack': 1, 'isPpp': 0}, {'blockCode': '885969.DDBK', 'score': 90.28, 'scoreChangePre': -90.28, 'scoreChange': 0.0, 'dataType': 0, 'industryType': 0, 'isTrack': 1, 'isPpp': 0}, {'blockCode': '885284.DDBK', 'score': 80.96, 'scoreChangePre': 64.77, 'scoreChange': 16.19, 'dataType': 0, 'industryType': 0, 'isTrack': 1, 'isPpp': 0}, {'blockCode': '885865.DDBK', 'score': 79.8, 'scoreChangePre': -53.2, 'scoreChange': -26.6, 'dataType': 0, 'industryType': 0, 'isTrack': 1, 'isPpp': 0}]"
2024-09-05,000022.BKDL,171.88,68.21,5.46,1,1,0,"[{'blockCode': '885937.DDBK', 'score': 266.0, 'scoreChangePre': 212.8, 'scoreChange': 0.0, 'dataType': 0, 'industryType': 0, 'isTrack': 1, 'isPpp': 0}, {'blockCode': '885650.DDBK', 'score': 236.98, 'scoreChangePre': 152.34, 'scoreChange': 0.0, 'dataType': 0, 'industryType': 0, 'isTrack': 1, 'isPpp': 0}, {'blockCode': '885882.DDBK', 'score': 235.2, 'scoreChangePre': 182.93, 'scoreChange': 13.07, 'dataType': 0, 'industryType': 0, 'isTrack': 1, 'isPpp': 0}, {'blockCode': '885901.DDBK', 'score': 157.99, 'scoreChangePre': 101.57, 'scoreChange': -22.57, 'dataType': 0, 'industryType': 0, 'isTrack': 1, 'isPpp': 0}, {'blockCode': '885829.DDBK', 'score': 148.96, 'scoreChangePre': 74.48, 'scoreChange': -74.48, 'dataType': 0, 'industryType': 0, 'isTrack': 1, 'isPpp': 0}, {'blockCode': '885931.DDBK', 'score': 114.58, 'scoreChangePre': -229.17, 'scoreChange': 0.0, 'dataType': 0, 'industryType': 0, 'isTrack': 1, 'isPpp': 0}, {'blockCode': '885912.DDBK', 'score': 93.1, 'scoreChangePre': -55.86, 'scoreChange': -18.62, 'dataType': 0, 'industryType': 0, 'isTrack': 1, 'isPpp': 0}, {'blockCode': '885551.DDBK', 'score': 79.8, 'scoreChangePre': -53.2, 'scoreChange': 0.0, 'dataType': 0, 'industryType': 0, 'isTrack': 1, 'isPpp': 0}, {'blockCode': '885652.DDBK', 'score': 53.2, 'scoreChangePre': -0.0, 'scoreChange': 0.0, 'dataType': 0, 'industryType': 0, 'isTrack': 1, 'isPpp': 0}, {'blockCode': '885903.DDBK', 'score': 53.2, 'scoreChangePre': -53.2, 'scoreChange': -53.2, 'dataType': 0, 'industryType': 0, 'isTrack': 1, 'isPpp': 0}, {'blockCode': '885633.DDBK', 'score': 0.0, 'scoreChangePre': -135.42, 'scoreChange': -33.85, 'dataType': 0, 'industryType': 0, 'isTrack': 1, 'isPpp': 0}]"
2024-09-05,000036.BKDL,154.51,27.74,9.91,1,0,0,"[{'blockCode': '886063.DDBK', 'score': 159.6, 'scoreChangePre': 159.6, 'scoreChange': 0.0, 'dataType': 0, 'industryType': 0, 'isTrack': 0, 'isPpp': 0}, {'blockCode': '885544.DDBK', 'score': 143.31, 'scoreChangePre': 18.17, 'scoreChange': 0.0, 'dataType': 0, 'industryType': 0, 'isTrack': 0, 'isPpp': 0}]"
