date,tradeDate,blockCode,dataType,industryType,num,directionNum,numChange,prePctChangeRate,isTrack,isPpp
2024-10-25,2024-10-25,980353.ZHBK,2,0,50.04,,20.02,0.13,0,0
2024-10-25,2024-10-25,980338.ZHBK,2,1,130.05,,90.01,0.24,0,0
2024-10-25,2024-10-25,980343.ZHBK,2,0,60.02,,50.01,-1.02,0,0
2024-10-25,2024-10-25,980358.ZHBK,2,1,50.03,,20.01,0.55,0,0
2024-10-25,2024-10-25,980357.ZHBK,2,0,170.06,,120.02,0.29,0,0
2024-10-25,2024-10-25,980366.ZHBK,2,0,120.06,,60.02,-0.79,0,0
2024-10-25,2024-10-25,980753.ZHBK,2,0,130.09,,80.06,-0.86,0,0
2024-10-25,2024-10-25,980355.ZHBK,2,0,50.04,,30.03,-0.45,0,0
2024-10-25,2024-10-25,980362.ZHBK,2,1,50.05,,20.02,-0.4,0,0
2024-10-25,2024-10-25,980365.ZHBK,2,1,120.05,,29.98,-0.38,0,0
2024-10-25,2024-10-25,980474.ZHBK,2,1,70.02,,9.99,-1.86,0,0
2024-10-25,2024-10-25,980364.ZHBK,2,1,40.01,,-30.03,-0.36,0,0
2024-10-25,2024-10-25,980376.ZHBK,2,0,40.03,,20.01,0.22,0,0
2024-10-25,2024-10-25,980372.ZHBK,2,1,40.01,,0.0,-0.18,0,0
2024-10-25,2024-10-25,980373.ZHBK,2,1,40.03,,10.0,0.31,0,0
2024-10-25,2024-10-25,980476.ZHBK,2,1,30.03,,20.02,-0.56,0,0
2024-10-25,2024-10-25,980374.ZHBK,2,0,30.02,,10.0,-0.09,0,0
2024-10-25,2024-10-25,980345.ZHBK,2,0,30.02,,10.0,0.16,0,0
2024-10-25,2024-10-25,980339.ZHBK,2,1,20.01,,-10.01,-0.51,0,0
2024-10-25,2024-10-25,980477.ZHBK,2,1,20.01,,10.0,0.21,0,0
2024-10-25,2024-10-25,980360.ZHBK,2,1,20.01,,-0.01,0.32,0,0
2024-10-25,2024-10-25,980378.ZHBK,2,1,20.01,,-30.02,0.28,0,0
2024-10-25,2024-10-25,980750.ZHBK,2,1,10.01,,0.0,-0.19,0,0
2024-10-25,2024-10-25,980363.ZHBK,2,1,10.0,,10.0,-2.48,0,0
2024-10-25,2024-10-25,980756.ZHBK,2,1,10.01,,0.0,-0.39,0,0
2024-10-25,2024-10-25,980346.ZHBK,2,1,10.01,,0.0,-0.44,0,0
2024-10-25,2024-10-25,980352.ZHBK,2,1,10.0,,0.0,2.04,0,0
2024-10-25,2024-10-25,980335.ZHBK,2,1,10.01,,0.0,-0.47,0,0
2024-10-25,2024-10-25,980341.ZHBK,2,1,10.01,,-10.01,0.02,0,0
2024-10-25,2024-10-25,980371.ZHBK,2,1,10.01,,10.01,-0.06,0,0
2024-10-25,2024-10-25,980348.ZHBK,2,0,10.0,,0.0,-0.06,0,0
2024-10-25,2024-10-25,980336.ZHBK,2,1,10.01,,-20.01,-0.25,0,0
2024-10-25,2024-10-25,980473.ZHBK,2,1,10.0,,-20.02,-0.59,0,0
2024-10-24,2024-10-24,980366.ZHBK,2,0,60.04,,30.02,-0.13,0,0
2024-10-24,2024-10-24,980474.ZHBK,2,1,60.03,,10.0,1.85,0,0
2024-10-24,2024-10-24,980365.ZHBK,2,1,90.07,,30.02,0.34,0,0
2024-10-24,2024-10-24,980364.ZHBK,2,1,70.04,,50.02,0.89,0,0
2024-10-24,2024-10-24,980753.ZHBK,2,0,50.03,,-10.01,-0.39,0,0
2024-10-24,2024-10-24,980357.ZHBK,2,0,50.04,,-30.01,-0.62,0,0
2024-10-24,2024-10-24,980378.ZHBK,2,1,50.03,,30.01,-0.25,0,0
2024-10-24,2024-10-24,980338.ZHBK,2,1,40.04,,-10.0,1.18,0,0
2024-10-24,2024-10-24,980372.ZHBK,2,1,40.01,,40.01,0.92,0,0
2024-10-24,2024-10-24,980339.ZHBK,2,1,30.02,,10.0,0.44,0,0
2024-10-24,2024-10-24,980358.ZHBK,2,1,30.02,,20.01,0.35,0,0
2024-10-24,2024-10-24,980353.ZHBK,2,0,30.02,,-10.02,0.7,0,0
2024-10-24,2024-10-24,980336.ZHBK,2,1,30.02,,10.0,1.09,0,0
2024-10-24,2024-10-24,980473.ZHBK,2,1,30.02,,20.01,-0.87,0,0
2024-10-24,2024-10-24,980362.ZHBK,2,1,30.03,,-20.02,0.94,0,0
2024-10-24,2024-10-24,980373.ZHBK,2,1,30.03,,0.01,0.13,0,0
2024-10-24,2024-10-24,980374.ZHBK,2,0,20.02,,0.01,0.31,0,0
2024-10-24,2024-10-24,980345.ZHBK,2,0,20.02,,0.01,-0.04,0,0
2024-10-24,2024-10-24,980376.ZHBK,2,0,20.02,,0.0,0.68,0,0
2024-10-24,2024-10-24,980341.ZHBK,2,1,20.02,,-10.0,-0.1,0,0
2024-10-24,2024-10-24,980360.ZHBK,2,1,20.02,,-20.01,-0.03,0,0
2024-10-24,2024-10-24,980355.ZHBK,2,0,20.01,,-40.04,-1.51,0,0
2024-10-24,2024-10-24,980750.ZHBK,2,1,10.01,,0.0,1.11,0,0
2024-10-24,2024-10-24,980476.ZHBK,2,1,10.01,,-10.01,0.56,0,0
2024-10-24,2024-10-24,980756.ZHBK,2,1,10.01,,-10.01,-0.04,0,0
2024-10-24,2024-10-24,980346.ZHBK,2,1,10.01,,-10.01,-0.04,0,0
2024-10-24,2024-10-24,980340.ZHBK,2,0,10.01,,10.01,-2.13,0,0
2024-10-24,2024-10-24,980352.ZHBK,2,1,10.0,,-0.01,1.43,0,0
2024-10-24,2024-10-24,980477.ZHBK,2,1,10.01,,10.01,-0.21,0,0
2024-10-24,2024-10-24,980335.ZHBK,2,1,10.01,,0.0,0.79,0,0
2024-10-24,2024-10-24,980348.ZHBK,2,0,10.0,,10.0,-1.81,0,0
2024-10-24,2024-10-24,980343.ZHBK,2,0,10.01,,0.0,0.14,0,0
2024-10-23,2024-10-23,980355.ZHBK,2,0,60.05,,-9.97,2.07,0,0
2024-10-23,2024-10-23,980338.ZHBK,2,1,50.04,,10.02,1.84,0,0
2024-10-23,2024-10-23,980362.ZHBK,2,1,50.05,,30.03,1.55,0,0
2024-10-23,2024-10-23,980357.ZHBK,2,0,80.05,,-40.01,-0.09,0,0
2024-10-23,2024-10-23,980753.ZHBK,2,0,60.04,,-50.03,-1.71,0,0
2024-10-23,2024-10-23,980474.ZHBK,2,1,50.03,,0.0,2.28,0,0
2024-10-23,2024-10-23,980365.ZHBK,2,1,60.05,,-90.05,1.21,0,0
2024-10-23,2024-10-23,980353.ZHBK,2,0,40.04,,0.02,1.87,0,0
2024-10-23,2024-10-23,980360.ZHBK,2,1,40.03,,20.01,0.42,0,0
2024-10-23,2024-10-23,980341.ZHBK,2,1,30.02,,20.01,0.16,0,0
2024-10-23,2024-10-23,980366.ZHBK,2,0,30.02,,-60.03,-2.28,0,0
2024-10-23,2024-10-23,980373.ZHBK,2,1,30.02,,10.01,1.72,0,0
2024-10-23,2024-10-23,980476.ZHBK,2,1,20.02,,10.01,0.95,0,0
2024-10-23,2024-10-23,980374.ZHBK,2,0,20.01,,20.01,1.47,0,0
2024-10-23,2024-10-23,980756.ZHBK,2,1,20.02,,10.01,0.61,0,0
2024-10-23,2024-10-23,980339.ZHBK,2,1,20.02,,10.01,1.57,0,0
2024-10-23,2024-10-23,980346.ZHBK,2,1,20.02,,10.01,0.67,0,0
2024-10-23,2024-10-23,980345.ZHBK,2,0,20.01,,10.01,1.46,0,0
2024-10-23,2024-10-23,980364.ZHBK,2,1,20.02,,-29.99,1.21,0,0
2024-10-23,2024-10-23,980376.ZHBK,2,0,20.02,,-70.04,-0.69,0,0
2024-10-23,2024-10-23,980336.ZHBK,2,1,20.02,,10.01,1.91,0,0
2024-10-23,2024-10-23,980378.ZHBK,2,1,20.02,,-9.99,1.68,0,0
2024-10-23,2024-10-23,980750.ZHBK,2,1,10.01,,10.01,1.96,0,0
2024-10-23,2024-10-23,980368.ZHBK,2,1,10.01,,-20.02,2.14,0,0
2024-10-23,2024-10-23,980352.ZHBK,2,1,10.01,,0.0,1.8,0,0
2024-10-23,2024-10-23,980358.ZHBK,2,1,10.01,,0.0,0.86,0,0
2024-10-23,2024-10-23,980335.ZHBK,2,1,10.01,,0.0,1.29,0,0
2024-10-23,2024-10-23,980371.ZHBK,2,1,10.01,,-10.0,2.88,0,0
2024-10-23,2024-10-23,980473.ZHBK,2,1,10.01,,-30.01,0.42,0,0
2024-10-23,2024-10-23,980343.ZHBK,2,0,10.01,,-20.01,0.54,0,0
2024-10-22,2024-10-22,980376.ZHBK,2,0,90.06,,30.02,3.45,0,0
2024-10-22,2024-10-22,980355.ZHBK,2,0,70.02,,60.02,2.49,0,0
2024-10-22,2024-10-22,980753.ZHBK,2,0,110.07,,-49.98,3.38,0,0
2024-10-22,2024-10-22,980365.ZHBK,2,1,150.1,,40.02,2.05,0,0
2024-10-22,2024-10-22,980366.ZHBK,2,0,90.05,,-49.99,3.36,0,0
2024-10-22,2024-10-22,980357.ZHBK,2,0,120.06,,-120.03,3.14,0,0
2024-10-22,2024-10-22,980474.ZHBK,2,1,50.03,,-9.99,2.18,0,0
2024-10-22,2024-10-22,980364.ZHBK,2,1,50.01,,50.01,1.35,0,0
2024-10-22,2024-10-22,980338.ZHBK,2,1,40.02,,20.0,1.26,0,0
2024-10-22,2024-10-22,980353.ZHBK,2,0,40.02,,20.0,1.53,0,0
2024-10-22,2024-10-22,980473.ZHBK,2,1,40.02,,20.01,2.75,0,0
2024-10-22,2024-10-22,980368.ZHBK,2,1,30.03,,20.02,0.51,0,0
2024-10-22,2024-10-22,980378.ZHBK,2,1,30.01,,10.0,1.27,0,0
2024-10-22,2024-10-22,980343.ZHBK,2,0,30.02,,30.02,2.81,0,0
2024-10-22,2024-10-22,980363.ZHBK,2,1,20.02,,-20.01,5.26,0,0
2024-10-22,2024-10-22,980340.ZHBK,2,0,20.0,,20.0,2.02,0,0
2024-10-22,2024-10-22,980360.ZHBK,2,1,20.02,,0.01,-0.64,0,0
2024-10-22,2024-10-22,980371.ZHBK,2,1,20.01,,20.01,1.22,0,0
2024-10-22,2024-10-22,980348.ZHBK,2,0,20.01,,10.01,2.41,0,0
2024-10-22,2024-10-22,980372.ZHBK,2,1,20.01,,-10.0,1.24,0,0
2024-10-22,2024-10-22,980362.ZHBK,2,1,20.02,,-40.02,0.26,0,0
2024-10-22,2024-10-22,980373.ZHBK,2,1,20.01,,10.0,0.97,0,0
2024-10-22,2024-10-22,980476.ZHBK,2,1,10.01,,-20.02,1.33,0,0
2024-10-22,2024-10-22,980756.ZHBK,2,1,10.01,,-20.02,1.25,0,0
2024-10-22,2024-10-22,980339.ZHBK,2,1,10.01,,-10.0,0.4,0,0
2024-10-22,2024-10-22,980346.ZHBK,2,1,10.01,,-20.02,1.33,0,0
2024-10-22,2024-10-22,980345.ZHBK,2,0,10.0,,-30.01,0.9,0,0
2024-10-22,2024-10-22,980352.ZHBK,2,1,10.01,,0.0,1.28,0,0
2024-10-22,2024-10-22,980358.ZHBK,2,1,10.01,,0.0,-0.46,0,0
2024-10-22,2024-10-22,980335.ZHBK,2,1,10.01,,0.0,1.05,0,0
2024-10-22,2024-10-22,980341.ZHBK,2,1,10.01,,0.0,-0.99,0,0
2024-10-22,2024-10-22,980336.ZHBK,2,1,10.01,,-10.0,-0.38,0,0
2024-10-21,2024-10-21,980357.ZHBK,2,0,240.09,,170.02,6.45,0,0
2024-10-21,2024-10-21,980376.ZHBK,2,0,60.04,,40.03,3.84,0,0
2024-10-21,2024-10-21,980753.ZHBK,2,0,160.05,,89.98,3.91,0,0
2024-10-21,2024-10-21,980366.ZHBK,2,0,140.04,,49.96,4.03,0,0
2024-10-21,2024-10-21,980362.ZHBK,2,1,60.04,,50.03,1.66,0,0
2024-10-21,2024-10-21,980365.ZHBK,2,1,110.08,,30.03,4.0,0,0
2024-10-21,2024-10-21,980474.ZHBK,2,1,60.02,,30.0,3.83,0,0
2024-10-21,2024-10-21,980363.ZHBK,2,1,40.03,,20.01,3.7,0,0
2024-10-21,2024-10-21,980345.ZHBK,2,0,40.01,,40.01,2.06,0,0
2024-10-21,2024-10-21,980476.ZHBK,2,1,30.03,,20.02,2.72,0,0
2024-10-21,2024-10-21,980756.ZHBK,2,1,30.03,,30.03,2.29,0,0
2024-10-21,2024-10-21,980346.ZHBK,2,1,30.03,,30.03,2.17,0,0
2024-10-21,2024-10-21,980372.ZHBK,2,1,30.01,,-0.01,3.32,0,0
2024-10-21,2024-10-21,980338.ZHBK,2,1,20.02,,-10.01,1.78,0,0
2024-10-21,2024-10-21,980339.ZHBK,2,1,20.01,,20.01,1.53,0,0
2024-10-21,2024-10-21,980353.ZHBK,2,0,20.02,,10.01,1.92,0,0
2024-10-21,2024-10-21,980360.ZHBK,2,1,20.01,,20.01,3.67,0,0
2024-10-21,2024-10-21,980336.ZHBK,2,1,20.01,,20.01,1.21,0,0
2024-10-21,2024-10-21,980473.ZHBK,2,1,20.01,,20.01,2.0,0,0
2024-10-21,2024-10-21,980378.ZHBK,2,1,20.01,,-10.02,3.22,0,0
2024-10-21,2024-10-21,980750.ZHBK,2,1,10.0,,10.0,1.26,0,0
2024-10-21,2024-10-21,980368.ZHBK,2,1,10.01,,-10.01,1.34,0,0
2024-10-21,2024-10-21,980352.ZHBK,2,1,10.01,,10.01,1.91,0,0
2024-10-21,2024-10-21,980358.ZHBK,2,1,10.01,,-10.01,0.73,0,0
2024-10-21,2024-10-21,980335.ZHBK,2,1,10.01,,0.0,2.0,0,0
2024-10-21,2024-10-21,980341.ZHBK,2,1,10.01,,10.01,3.1,0,0
2024-10-21,2024-10-21,980348.ZHBK,2,0,10.0,,10.0,1.86,0,0
2024-10-21,2024-10-21,980355.ZHBK,2,0,10.0,,-0.01,1.64,0,0
2024-10-21,2024-10-21,980373.ZHBK,2,1,10.01,,0.0,1.87,0,0
2024-10-18,2024-10-18,980366.ZHBK,2,0,90.08,,-270.06,1.43,0,0
2024-10-18,2024-10-18,980753.ZHBK,2,0,70.07,,-270.05,1.24,0,0
2024-10-18,2024-10-18,980357.ZHBK,2,0,70.07,,-50.01,1.09,0,0
2024-10-18,2024-10-18,980365.ZHBK,2,1,80.05,,20.03,-0.06,0,0
2024-10-18,2024-10-18,980338.ZHBK,2,1,30.03,,-20.02,-1.82,0,0
2024-10-18,2024-10-18,980372.ZHBK,2,1,30.02,,0.0,-0.55,0,0
2024-10-18,2024-10-18,980474.ZHBK,2,1,30.02,,10.02,-0.63,0,0
2024-10-18,2024-10-18,980378.ZHBK,2,1,30.03,,20.02,-0.7,0,0
2024-10-18,2024-10-18,980368.ZHBK,2,1,20.02,,-20.02,-2.46,0,0
2024-10-18,2024-10-18,980363.ZHBK,2,1,20.02,,10.02,0.22,0,0
2024-10-18,2024-10-18,980358.ZHBK,2,1,20.02,,-30.01,-3.87,0,0
2024-10-18,2024-10-18,980376.ZHBK,2,0,20.01,,-30.02,0.41,0,0
2024-10-18,2024-10-18,980476.ZHBK,2,1,10.01,,0.0,-1.27,0,0
2024-10-18,2024-10-18,980335.ZHBK,2,1,10.01,,0.0,-0.97,0,0
2024-10-18,2024-10-18,980353.ZHBK,2,0,10.01,,10.01,-0.45,0,0
2024-10-18,2024-10-18,980355.ZHBK,2,0,10.01,,0.01,0.14,0,0
2024-10-18,2024-10-18,980343.ZHBK,2,0,10.01,,-20.01,-0.89,0,0
2024-10-18,2024-10-18,980475.ZHBK,2,1,10.01,,10.01,-1.04,0,0
2024-10-18,2024-10-18,980362.ZHBK,2,1,10.01,,-10.0,-1.49,0,0
2024-10-18,2024-10-18,980373.ZHBK,2,1,10.01,,0.0,-1.3,0,0
2024-10-17,2024-10-17,980366.ZHBK,2,0,360.14,,330.11,0.66,0,0
2024-10-17,2024-10-17,980753.ZHBK,2,0,340.12,,310.09,0.67,0,0
2024-10-17,2024-10-17,980358.ZHBK,2,1,50.03,,-0.04,3.68,0,0
2024-10-17,2024-10-17,980376.ZHBK,2,0,50.03,,50.03,0.04,0,0
2024-10-17,2024-10-17,980338.ZHBK,2,1,50.05,,9.99,1.86,0,0
2024-10-17,2024-10-17,980357.ZHBK,2,0,120.08,,100.06,-0.68,0,0
2024-10-17,2024-10-17,980365.ZHBK,2,1,60.02,,9.96,0.2,0,0
2024-10-17,2024-10-17,980368.ZHBK,2,1,40.04,,10.0,2.32,0,0
2024-10-17,2024-10-17,980372.ZHBK,2,1,30.02,,30.02,-0.23,0,0
2024-10-17,2024-10-17,980343.ZHBK,2,0,30.02,,30.02,0.89,0,0
2024-10-17,2024-10-17,980339.ZHBK,2,1,20.01,,20.01,0.92,0,0
2024-10-17,2024-10-17,980360.ZHBK,2,1,20.02,,20.02,-0.27,0,0
2024-10-17,2024-10-17,980474.ZHBK,2,1,20.0,,9.99,-0.7,0,0
2024-10-17,2024-10-17,980362.ZHBK,2,1,20.01,,20.01,1.16,0,0
2024-10-17,2024-10-17,980750.ZHBK,2,1,10.0,,10.0,1.86,0,0
2024-10-17,2024-10-17,980476.ZHBK,2,1,10.01,,10.01,0.5,0,0
2024-10-17,2024-10-17,980363.ZHBK,2,1,10.0,,-0.01,-0.79,0,0
2024-10-17,2024-10-17,980374.ZHBK,2,0,10.0,,10.0,-0.0,0,0
2024-10-17,2024-10-17,980345.ZHBK,2,0,10.0,,10.0,0.08,0,0
2024-10-17,2024-10-17,980364.ZHBK,2,1,10.01,,-20.03,0.57,0,0
2024-10-17,2024-10-17,980335.ZHBK,2,1,10.01,,0.0,0.81,0,0
2024-10-17,2024-10-17,980341.ZHBK,2,1,10.01,,10.01,0.69,0,0
2024-10-17,2024-10-17,980336.ZHBK,2,1,10.0,,10.0,1.84,0,0
2024-10-17,2024-10-17,980378.ZHBK,2,1,10.01,,-10.01,-0.0,0,0
2024-10-17,2024-10-17,980355.ZHBK,2,0,10.0,,-0.01,1.04,0,0
2024-10-17,2024-10-17,980373.ZHBK,2,1,10.01,,-0.01,0.5,0,0
2024-10-16,2024-10-16,980358.ZHBK,2,1,50.07,,10.03,-1.68,0,0
2024-10-16,2024-10-16,980365.ZHBK,2,1,50.06,,40.05,-1.45,0,0
2024-10-16,2024-10-16,980338.ZHBK,2,1,40.06,,0.02,-0.36,0,0
2024-10-16,2024-10-16,980368.ZHBK,2,1,30.04,,20.03,-1.1,0,0
2024-10-16,2024-10-16,980364.ZHBK,2,1,30.04,,0.0,-1.51,0,0
2024-10-16,2024-10-16,980753.ZHBK,2,0,30.03,,-50.05,-1.18,0,0
2024-10-16,2024-10-16,980366.ZHBK,2,0,30.03,,-30.03,-1.49,0,0
2024-10-16,2024-10-16,980357.ZHBK,2,0,20.02,,-20.03,-1.36,0,0
2024-10-16,2024-10-16,980378.ZHBK,2,1,20.02,,-20.02,-1.76,0,0
2024-10-16,2024-10-16,980363.ZHBK,2,1,10.01,,-20.02,0.63,0,0
2024-10-16,2024-10-16,980335.ZHBK,2,1,10.01,,0.0,-2.59,0,0
2024-10-16,2024-10-16,980474.ZHBK,2,1,10.01,,10.01,-1.81,0,0
2024-10-16,2024-10-16,980355.ZHBK,2,0,10.01,,-10.01,0.01,0,0
2024-10-16,2024-10-16,980373.ZHBK,2,1,10.02,,10.02,-1.41,0,0
2024-10-15,2024-10-15,980753.ZHBK,2,0,80.08,,0.04,5.19,0,0
2024-10-15,2024-10-15,980366.ZHBK,2,0,60.06,,-9.97,5.25,0,0
2024-10-15,2024-10-15,980338.ZHBK,2,1,40.04,,-29.99,3.87,0,0
2024-10-15,2024-10-15,980357.ZHBK,2,0,40.05,,0.02,4.5,0,0
2024-10-15,2024-10-15,980358.ZHBK,2,1,40.04,,-30.02,2.78,0,0
2024-10-15,2024-10-15,980378.ZHBK,2,1,40.04,,30.03,1.68,0,0
2024-10-15,2024-10-15,980363.ZHBK,2,1,30.03,,-40.01,5.95,0,0
2024-10-15,2024-10-15,980364.ZHBK,2,1,30.04,,0.01,2.5,0,0
2024-10-15,2024-10-15,980355.ZHBK,2,0,20.02,,10.02,3.1,0,0
2024-10-15,2024-10-15,980368.ZHBK,2,1,10.01,,-10.0,3.63,0,0
2024-10-15,2024-10-15,980374.ZHBK,2,0,10.01,,-10.0,0.8,0,0
2024-10-15,2024-10-15,980352.ZHBK,2,1,10.01,,10.01,2.76,0,0
2024-10-15,2024-10-15,980477.ZHBK,2,1,10.01,,0.0,2.49,0,0
2024-10-15,2024-10-15,980335.ZHBK,2,1,10.01,,10.01,2.09,0,0
2024-10-15,2024-10-15,980376.ZHBK,2,0,10.01,,-10.0,3.57,0,0
2024-10-15,2024-10-15,980365.ZHBK,2,1,10.01,,-20.02,3.32,0,0
2024-10-15,2024-10-15,980348.ZHBK,2,0,10.01,,10.01,2.7,0,0
2024-10-15,2024-10-15,980372.ZHBK,2,1,10.01,,0.01,2.11,0,0
2024-10-14,2024-10-14,980346.ZHBK,2,1,60.03,,60.03,-4.41,0,0
2024-10-14,2024-10-14,980756.ZHBK,2,1,60.03,,60.03,-4.45,0,0
2024-10-14,2024-10-14,980358.ZHBK,2,1,70.06,,60.05,-0.9,0,0
2024-10-14,2024-10-14,980360.ZHBK,2,1,50.05,,30.02,-1.65,0,0
2024-10-14,2024-10-14,980363.ZHBK,2,1,70.04,,70.04,-6.07,0,0
2024-10-14,2024-10-14,980341.ZHBK,2,1,60.05,,40.03,-1.66,0,0
2024-10-14,2024-10-14,980476.ZHBK,2,1,60.03,,60.03,-4.16,0,0
2024-10-14,2024-10-14,980338.ZHBK,2,1,70.03,,60.01,-2.89,0,0
2024-10-14,2024-10-14,980362.ZHBK,2,1,60.03,,50.02,-3.07,0,0
2024-10-14,2024-10-14,980753.ZHBK,2,0,80.04,,60.0,-4.39,0,0
2024-10-14,2024-10-14,980366.ZHBK,2,0,70.03,,39.96,-4.34,0,0
2024-10-14,2024-10-14,980357.ZHBK,2,0,40.03,,-10.05,-5.51,0,0
2024-10-14,2024-10-14,980364.ZHBK,2,1,30.03,,20.02,-3.57,0,0
2024-10-14,2024-10-14,980365.ZHBK,2,1,30.03,,10.01,-4.75,0,0
2024-10-14,2024-10-14,980368.ZHBK,2,1,20.01,,9.99,-2.41,0,0
2024-10-14,2024-10-14,980374.ZHBK,2,0,20.01,,20.01,-2.03,0,0
2024-10-14,2024-10-14,980376.ZHBK,2,0,20.01,,10.0,-4.12,0,0
2024-10-14,2024-10-14,980474.ZHBK,2,1,20.01,,20.01,-4.76,0,0
2024-10-14,2024-10-14,980343.ZHBK,2,0,20.01,,20.01,-5.76,0,0
2024-10-14,2024-10-14,980373.ZHBK,2,1,20.0,,20.0,6.18,0,0
2024-10-14,2024-10-14,980379.ZHBK,2,1,10.0,,10.0,-1.38,0,0
2024-10-14,2024-10-14,980345.ZHBK,2,0,10.0,,10.0,-2.53,0,0
2024-10-14,2024-10-14,980477.ZHBK,2,1,10.01,,10.01,-2.11,0,0
2024-10-14,2024-10-14,980353.ZHBK,2,0,10.01,,10.01,-3.06,0,0
2024-10-14,2024-10-14,980372.ZHBK,2,1,10.0,,10.0,-3.69,0,0
2024-10-14,2024-10-14,980378.ZHBK,2,1,10.01,,-0.02,-4.31,0,0
2024-10-14,2024-10-14,980355.ZHBK,2,0,10.0,,10.0,-4.16,0,0
2024-10-11,2024-10-11,980357.ZHBK,2,0,50.08,,-109.96,-1.93,0,0
2024-10-11,2024-10-11,980366.ZHBK,2,0,30.07,,-330.05,-2.77,0,0
2024-10-11,2024-10-11,980341.ZHBK,2,1,20.02,,-40.02,-1.72,0,0
2024-10-11,2024-10-11,980365.ZHBK,2,1,20.02,,-40.0,0.31,0,0
2024-10-11,2024-10-11,980753.ZHBK,2,0,20.04,,-310.08,-2.33,0,0
2024-10-11,2024-10-11,980360.ZHBK,2,1,20.03,,-40.01,-3.58,0,0
2024-10-11,2024-10-11,980338.ZHBK,2,1,10.02,,-9.99,2.73,0,0
2024-10-11,2024-10-11,980368.ZHBK,2,1,10.02,,10.02,0.8,0,0
2024-10-11,2024-10-11,980364.ZHBK,2,1,10.01,,-10.0,0.35,0,0
2024-10-11,2024-10-11,980358.ZHBK,2,1,10.01,,-9.99,-1.26,0,0
2024-10-11,2024-10-11,980376.ZHBK,2,0,10.01,,-50.01,-0.75,0,0
2024-10-11,2024-10-11,980378.ZHBK,2,1,10.03,,-29.98,-0.01,0,0
2024-10-11,2024-10-11,980362.ZHBK,2,1,10.01,,-10.0,1.52,0,0
2024-10-10,2024-10-10,980366.ZHBK,2,0,360.12,,260.02,-7.31,0,0
2024-10-10,2024-10-10,980753.ZHBK,2,0,330.12,,250.04,-8.11,0,0
2024-10-10,2024-10-10,980360.ZHBK,2,1,60.04,,30.01,-6.55,0,0
2024-10-10,2024-10-10,980341.ZHBK,2,1,60.04,,30.01,-6.68,0,0
2024-10-10,2024-10-10,980376.ZHBK,2,0,60.02,,50.01,-9.43,0,0
2024-10-10,2024-10-10,980357.ZHBK,2,0,160.04,,109.95,-7.11,0,0
2024-10-10,2024-10-10,980365.ZHBK,2,1,60.02,,50.0,-9.43,0,0
2024-10-10,2024-10-10,980476.ZHBK,2,1,40.02,,40.02,-8.57,0,0
2024-10-10,2024-10-10,980378.ZHBK,2,1,40.01,,29.99,-9.51,0,0
2024-10-10,2024-10-10,980355.ZHBK,2,0,40.02,,40.02,-10.04,0,0
2024-10-10,2024-10-10,980338.ZHBK,2,1,20.01,,20.01,-7.92,0,0
2024-10-10,2024-10-10,980363.ZHBK,2,1,20.01,,20.01,-8.32,0,0
2024-10-10,2024-10-10,980756.ZHBK,2,1,20.01,,20.01,-8.43,0,0
2024-10-10,2024-10-10,980346.ZHBK,2,1,20.01,,20.01,-8.22,0,0
2024-10-10,2024-10-10,980345.ZHBK,2,0,20.01,,20.01,-8.65,0,0
2024-10-10,2024-10-10,980364.ZHBK,2,1,20.01,,10.0,-8.98,0,0
2024-10-10,2024-10-10,980358.ZHBK,2,1,20.0,,20.0,-8.11,0,0
2024-10-10,2024-10-10,980474.ZHBK,2,1,20.02,,10.01,-10.05,0,0
2024-10-10,2024-10-10,980343.ZHBK,2,0,20.0,,20.0,-10.63,0,0
2024-10-10,2024-10-10,980362.ZHBK,2,1,20.01,,20.01,-7.71,0,0
2024-10-10,2024-10-10,980352.ZHBK,2,1,10.01,,10.01,-6.27,0,0
2024-10-10,2024-10-10,980348.ZHBK,2,0,10.0,,10.0,-10.28,0,0
2024-10-10,2024-10-10,980473.ZHBK,2,1,10.01,,10.01,-9.43,0,0
2024-10-10,2024-10-10,980372.ZHBK,2,1,10.0,,-0.01,-8.38,0,0
2024-10-10,2024-10-10,980373.ZHBK,2,1,10.01,,0.0,-9.02,0,0
2024-10-09,2024-10-09,980366.ZHBK,2,0,100.1,,-1350.3,14.02,0,0
2024-10-09,2024-10-09,980753.ZHBK,2,0,80.08,,-1510.33,13.61,0,0
2024-10-09,2024-10-09,980357.ZHBK,2,0,50.09,,-1900.27,13.39,0,0
2024-10-09,2024-10-09,980341.ZHBK,2,1,30.03,,-430.2,6.76,0,0
2024-10-09,2024-10-09,980360.ZHBK,2,1,30.03,,-400.18,8.17,0,0
2024-10-09,2024-10-09,980364.ZHBK,2,1,10.01,,-1580.03,7.15,0,0
2024-10-09,2024-10-09,980376.ZHBK,2,0,10.01,,-390.02,10.77,0,0
2024-10-09,2024-10-09,980365.ZHBK,2,1,10.02,,-1810.08,9.68,0,0
2024-10-09,2024-10-09,980372.ZHBK,2,1,10.01,,-710.0,6.82,0,0
2024-10-09,2024-10-09,980474.ZHBK,2,1,10.01,,-1229.99,9.65,0,0
2024-10-09,2024-10-09,980378.ZHBK,2,1,10.02,,-1390.08,8.26,0,0
2024-10-09,2024-10-09,980373.ZHBK,2,1,10.01,,-500.03,4.26,0,0
2024-10-08,2024-10-08,980360.ZHBK,2,1,430.21,,220.15,8.63,0,0
2024-10-08,2024-10-08,980340.ZHBK,2,0,50.01,,30.01,7.81,0,0
2024-10-08,2024-10-08,980366.ZHBK,2,0,1450.4,,570.25,14.07,0,0
2024-10-08,2024-10-08,980753.ZHBK,2,0,1590.41,,740.29,14.53,0,0
2024-10-08,2024-10-08,980357.ZHBK,2,0,1950.36,,1150.35,13.3,0,0
2024-10-08,2024-10-08,980352.ZHBK,2,1,160.02,,140.01,7.53,0,0
2024-10-08,2024-10-08,980341.ZHBK,2,1,460.23,,280.18,7.92,0,0
2024-10-08,2024-10-08,980473.ZHBK,2,1,300.04,,180.04,9.66,0,0
2024-10-08,2024-10-08,980756.ZHBK,2,1,330.03,,230.02,9.94,0,0
2024-10-08,2024-10-08,980346.ZHBK,2,1,290.03,,200.02,9.79,0,0
2024-10-08,2024-10-08,980371.ZHBK,2,1,370.02,,340.02,8.97,0,0
2024-10-08,2024-10-08,980474.ZHBK,2,1,1240.0,,890.0,11.79,0,0
2024-10-08,2024-10-08,980368.ZHBK,2,1,280.03,,110.02,8.91,0,0
2024-10-08,2024-10-08,980364.ZHBK,2,1,1590.04,,1290.03,10.27,0,0
2024-10-08,2024-10-08,980345.ZHBK,2,0,610.07,,360.05,8.66,0,0
2024-10-08,2024-10-08,980365.ZHBK,2,1,1820.1,,1330.09,11.66,0,0
2024-10-08,2024-10-08,980476.ZHBK,2,1,400.02,,310.01,10.33,0,0
2024-10-08,2024-10-08,980378.ZHBK,2,1,1400.1,,1060.06,11.29,0,0
2024-10-08,2024-10-08,980338.ZHBK,2,1,540.05,,350.01,8.25,0,0
2024-10-08,2024-10-08,980343.ZHBK,2,0,340.03,,169.99,12.3,0,0
2024-10-08,2024-10-08,980358.ZHBK,2,1,380.1,,-0.02,7.21,0,0
2024-10-08,2024-10-08,980376.ZHBK,2,0,400.03,,150.02,11.48,0,0
2024-10-08,2024-10-08,980374.ZHBK,2,0,340.04,,220.02,7.57,0,0
2024-10-08,2024-10-08,980373.ZHBK,2,1,510.04,,390.02,8.91,0,0
2024-10-08,2024-10-08,980363.ZHBK,2,1,380.04,,270.03,12.2,0,0
2024-10-08,2024-10-08,980475.ZHBK,2,1,130.0,,120.0,8.56,0,0
2024-10-08,2024-10-08,980372.ZHBK,2,1,720.01,,400.0,9.79,0,0
2024-10-08,2024-10-08,980477.ZHBK,2,1,80.0,,80.0,10.68,0,0
2024-10-08,2024-10-08,980336.ZHBK,2,1,410.02,,320.02,7.73,0,0
2024-10-08,2024-10-08,980355.ZHBK,2,0,470.09,,230.08,10.89,0,0
2024-10-08,2024-10-08,980335.ZHBK,2,1,200.01,,150.01,7.66,0,0
2024-10-08,2024-10-08,980362.ZHBK,2,1,520.03,,440.02,8.73,0,0
2024-10-08,2024-10-08,980353.ZHBK,2,0,140.02,,40.01,9.5,0,0
2024-10-08,2024-10-08,980750.ZHBK,2,1,240.01,,200.01,7.83,0,0
2024-10-08,2024-10-08,980348.ZHBK,2,0,120.0,,70.0,9.47,0,0
2024-10-08,2024-10-08,980339.ZHBK,2,1,230.0,,190.0,7.55,0,0
2024-10-08,2024-10-08,980379.ZHBK,2,1,30.0,,30.0,5.95,0,0
2024-10-08,2024-10-08,980351.ZHBK,2,1,20.0,,10.0,9.09,0,0
2024-09-30,2024-09-30,980358.ZHBK,2,1,380.12,,280.08,4.09,0,0
2024-09-30,2024-09-30,980366.ZHBK,2,0,880.15,,690.09,6.71,0,0
2024-09-30,2024-09-30,980360.ZHBK,2,1,210.06,,130.01,5.61,0,0
2024-09-30,2024-09-30,980753.ZHBK,2,0,850.12,,710.07,6.34,0,0
2024-09-30,2024-09-30,980368.ZHBK,2,1,170.01,,150.0,4.34,0,0
2024-09-30,2024-09-30,980376.ZHBK,2,0,250.01,,230.01,4.59,0,0
2024-09-30,2024-09-30,980357.ZHBK,2,0,800.01,,760.0,5.74,0,0
2024-09-30,2024-09-30,980353.ZHBK,2,0,100.01,,49.98,4.23,0,0
2024-09-30,2024-09-30,980343.ZHBK,2,0,170.04,,130.02,5.83,0,0
2024-09-30,2024-09-30,980473.ZHBK,2,1,120.0,,69.98,3.86,0,0
2024-09-30,2024-09-30,980341.ZHBK,2,1,180.05,,100.02,4.12,0,0
2024-09-30,2024-09-30,980355.ZHBK,2,0,240.01,,189.99,4.51,0,0
2024-09-30,2024-09-30,980345.ZHBK,2,0,250.02,,199.99,3.54,0,0
2024-09-30,2024-09-30,980372.ZHBK,2,1,320.01,,280.0,4.24,0,0
2024-09-30,2024-09-30,980756.ZHBK,2,1,100.01,,100.01,3.45,0,0
2024-09-30,2024-09-30,980346.ZHBK,2,1,90.01,,90.01,3.36,0,0
2024-09-30,2024-09-30,980338.ZHBK,2,1,190.04,,140.02,3.34,0,0
2024-09-30,2024-09-30,980374.ZHBK,2,0,120.02,,59.98,2.95,0,0
2024-09-30,2024-09-30,980474.ZHBK,2,1,350.0,,320.0,5.97,0,0
2024-09-30,2024-09-30,980365.ZHBK,2,1,490.01,,399.99,5.03,0,0
2024-09-30,2024-09-30,980363.ZHBK,2,1,110.01,,100.01,5.31,0,0
2024-09-30,2024-09-30,980348.ZHBK,2,0,50.0,,50.0,4.44,0,0
2024-09-30,2024-09-30,980378.ZHBK,2,1,340.04,,240.03,5.21,0,0
2024-09-30,2024-09-30,980476.ZHBK,2,1,90.01,,70.0,3.88,0,0
2024-09-30,2024-09-30,980373.ZHBK,2,1,120.02,,70.0,3.9,0,0
2024-09-30,2024-09-30,980335.ZHBK,2,1,50.0,,50.0,3.14,0,0
2024-09-30,2024-09-30,980364.ZHBK,2,1,300.01,,270.01,4.74,0,0
2024-09-30,2024-09-30,980336.ZHBK,2,1,90.0,,69.99,2.94,0,0
2024-09-30,2024-09-30,980362.ZHBK,2,1,80.01,,70.01,3.28,0,0
2024-09-30,2024-09-30,980750.ZHBK,2,1,40.0,,30.0,3.07,0,0
2024-09-30,2024-09-30,980339.ZHBK,2,1,40.0,,20.0,2.82,0,0
2024-09-30,2024-09-30,980371.ZHBK,2,1,30.0,,10.0,3.9,0,0
2024-09-30,2024-09-30,980340.ZHBK,2,0,20.0,,-0.01,3.5,0,0
2024-09-30,2024-09-30,980352.ZHBK,2,1,20.01,,10.0,3.04,0,0
2024-09-30,2024-09-30,980351.ZHBK,2,1,10.0,,10.0,3.18,0,0
2024-09-30,2024-09-30,980475.ZHBK,2,1,10.0,,10.0,3.12,0,0
2024-09-27,20240927,980360.ZHBK,2,1,80.05,,60.02,4.46,0,0
2024-09-27,20240927,980353.ZHBK,2,0,50.03,,40.02,3.97,0,0
2024-09-27,20240927,980358.ZHBK,2,1,100.04,,90.02,5.59,0,0
2024-09-27,20240927,980341.ZHBK,2,1,80.03,,60.01,4.47,0,0
2024-09-27,20240927,980473.ZHBK,2,1,50.02,,19.98,3.69,0,0
2024-09-27,20240927,980366.ZHBK,2,0,190.06,,170.04,2.48,0,0
2024-09-27,20240927,980374.ZHBK,2,0,60.04,,40.02,3.65,0,0
2024-09-27,20240927,980753.ZHBK,2,0,140.05,,120.03,2.45,0,0
2024-09-27,20240927,980338.ZHBK,2,1,50.02,,50.02,3.39,0,0
2024-09-27,20240927,980373.ZHBK,2,1,50.02,,40.01,3.48,0,0
2024-09-27,20240927,980355.ZHBK,2,0,50.02,,40.01,2.87,0,0
2024-09-27,20240927,980345.ZHBK,2,0,50.03,,20.0,3.5,0,0
2024-09-27,20240927,980378.ZHBK,2,1,100.01,,79.99,3.32,0,0
2024-09-27,20240927,980365.ZHBK,2,1,90.02,,59.96,3.14,0,0
2024-09-27,20240927,980336.ZHBK,2,1,20.01,,-0.01,1.78,0,0
2024-09-27,20240927,980339.ZHBK,2,1,20.0,,20.0,2.97,0,0
2024-09-27,20240927,980340.ZHBK,2,0,20.01,,9.99,2.97,0,0
2024-09-27,20240927,980343.ZHBK,2,0,40.02,,40.02,2.87,0,0
2024-09-27,20240927,980352.ZHBK,2,1,10.01,,10.01,3.05,0,0
2024-09-27,20240927,980357.ZHBK,2,0,40.01,,19.99,3.26,0,0
2024-09-27,20240927,980362.ZHBK,2,1,10.0,,10.0,2.01,0,0
2024-09-27,20240927,980363.ZHBK,2,1,10.0,,10.0,3.03,0,0
2024-09-27,20240927,980364.ZHBK,2,1,30.0,,30.0,3.14,0,0
2024-09-27,20240927,980368.ZHBK,2,1,20.01,,20.01,4.26,0,0
2024-09-27,20240927,980371.ZHBK,2,1,20.0,,20.0,3.64,0,0
2024-09-27,20240927,980372.ZHBK,2,1,40.01,,40.01,3.15,0,0
2024-09-27,20240927,980376.ZHBK,2,0,20.0,,9.99,1.84,0,0
2024-09-27,20240927,980474.ZHBK,2,1,30.0,,9.97,2.78,0,0
2024-09-27,20240927,980476.ZHBK,2,1,20.01,,20.01,2.54,0,0
2024-09-27,20240927,980477.ZHBK,2,1,20.01,,20.01,4.72,0,0
2024-09-27,20240927,980750.ZHBK,2,1,10.0,,10.0,1.88,0,0
2024-09-26,2024-09-26,980345.ZHBK,2,0,30.03,,10.02,1.32,0,0
2024-09-26,2024-09-26,980365.ZHBK,2,1,30.06,,-39.99,0.99,0,0
2024-09-26,2024-09-26,980473.ZHBK,2,1,30.04,,10.04,1.2,0,0
2024-09-26,2024-09-26,980374.ZHBK,2,0,20.02,,0.01,1.59,0,0
2024-09-26,2024-09-26,980357.ZHBK,2,0,20.02,,10.01,0.67,0,0
2024-09-26,2024-09-26,980341.ZHBK,2,1,20.02,,-80.08,2.75,0,0
2024-09-26,2024-09-26,980753.ZHBK,2,0,20.02,,-70.05,1.72,0,0
2024-09-26,2024-09-26,980360.ZHBK,2,1,20.03,,-80.07,2.79,0,0
2024-09-26,2024-09-26,980336.ZHBK,2,1,20.02,,0.02,0.95,0,0
2024-09-26,2024-09-26,980366.ZHBK,2,0,20.02,,-50.04,1.43,0,0
2024-09-26,2024-09-26,980474.ZHBK,2,1,20.03,,0.02,1.01,0,0
2024-09-26,2024-09-26,980378.ZHBK,2,1,20.02,,-9.99,1.41,0,0
2024-09-26,2024-09-26,980756.ZHBK,2,1,10.01,,10.01,1.34,0,0
2024-09-26,2024-09-26,980346.ZHBK,2,1,10.01,,10.01,1.37,0,0
2024-09-26,2024-09-26,980340.ZHBK,2,0,10.02,,0.02,0.62,0,0
2024-09-26,2024-09-26,980358.ZHBK,2,1,10.02,,-10.0,1.39,0,0
2024-09-26,2024-09-26,980353.ZHBK,2,0,10.01,,-30.0,2.04,0,0
2024-09-26,2024-09-26,980376.ZHBK,2,0,10.01,,-20.0,0.87,0,0
2024-09-26,2024-09-26,980355.ZHBK,2,0,10.01,,-60.04,2.34,0,0
2024-09-26,2024-09-26,980373.ZHBK,2,1,10.01,,10.01,1.16,0,0
2024-09-25,2024-09-25,980360.ZHBK,2,1,100.1,,80.08,5.53,0,0
2024-09-25,2024-09-25,980341.ZHBK,2,1,100.1,,80.08,5.25,0,0
2024-09-25,2024-09-25,980355.ZHBK,2,0,70.05,,60.02,2.87,0,0
2024-09-25,2024-09-25,980753.ZHBK,2,0,90.07,,60.03,2.82,0,0
2024-09-25,2024-09-25,980366.ZHBK,2,0,70.06,,40.03,2.88,0,0
2024-09-25,2024-09-25,980365.ZHBK,2,1,70.05,,60.03,3.6,0,0
2024-09-25,2024-09-25,980364.ZHBK,2,1,40.04,,30.03,4.17,0,0
2024-09-25,2024-09-25,980353.ZHBK,2,0,40.01,,40.01,2.85,0,0
2024-09-25,2024-09-25,980476.ZHBK,2,1,30.01,,30.01,3.75,0,0
2024-09-25,2024-09-25,980376.ZHBK,2,0,30.01,,-0.02,2.32,0,0
2024-09-25,2024-09-25,980378.ZHBK,2,1,30.01,,20.0,3.29,0,0
2024-09-25,2024-09-25,980374.ZHBK,2,0,20.01,,-10.03,3.28,0,0
2024-09-25,2024-09-25,980339.ZHBK,2,1,20.02,,20.02,3.23,0,0
2024-09-25,2024-09-25,980345.ZHBK,2,0,20.01,,-20.04,3.37,0,0
2024-09-25,2024-09-25,980352.ZHBK,2,1,20.02,,20.02,2.72,0,0
2024-09-25,2024-09-25,980358.ZHBK,2,1,20.02,,-30.03,2.1,0,0
2024-09-25,2024-09-25,980348.ZHBK,2,0,20.02,,20.02,3.41,0,0
2024-09-25,2024-09-25,980336.ZHBK,2,1,20.0,,20.0,3.33,0,0
2024-09-25,2024-09-25,980473.ZHBK,2,1,20.0,,20.0,2.73,0,0
2024-09-25,2024-09-25,980474.ZHBK,2,1,20.01,,10.0,3.75,0,0
2024-09-25,2024-09-25,980362.ZHBK,2,1,20.0,,20.0,3.36,0,0
2024-09-25,2024-09-25,980338.ZHBK,2,1,10.0,,10.0,3.23,0,0
2024-09-25,2024-09-25,980750.ZHBK,2,1,10.0,,10.0,3.43,0,0
2024-09-25,2024-09-25,980368.ZHBK,2,1,10.01,,10.01,3.69,0,0
2024-09-25,2024-09-25,980357.ZHBK,2,0,10.01,,-0.02,3.46,0,0
2024-09-25,2024-09-25,980340.ZHBK,2,0,10.0,,10.0,2.16,0,0
2024-09-25,2024-09-25,980371.ZHBK,2,1,10.0,,10.0,3.39,0,0
2024-09-24,2024-09-24,980358.ZHBK,2,1,50.05,,40.03,-0.21,0,0
2024-09-24,2024-09-24,980345.ZHBK,2,0,40.05,,10.02,-0.06,0,0
2024-09-24,2024-09-24,980374.ZHBK,2,0,30.04,,20.03,-0.65,0,0
2024-09-24,2024-09-24,980376.ZHBK,2,0,30.03,,-20.02,0.99,0,0
2024-09-24,2024-09-24,980753.ZHBK,2,0,30.04,,0.0,0.69,0,0
2024-09-24,2024-09-24,980366.ZHBK,2,0,30.03,,-10.03,1.04,0,0
2024-09-24,2024-09-24,980341.ZHBK,2,1,20.02,,20.02,0.08,0,0
2024-09-24,2024-09-24,980360.ZHBK,2,1,20.02,,20.02,-0.53,0,0
2024-09-24,2024-09-24,980357.ZHBK,2,0,10.03,,-30.02,0.11,0,0
2024-09-24,2024-09-24,980364.ZHBK,2,1,10.01,,0.0,-0.07,0,0
2024-09-24,2024-09-24,980365.ZHBK,2,1,10.02,,0.01,0.03,0,0
2024-09-24,2024-09-24,980372.ZHBK,2,1,10.02,,0.01,0.6,0,0
2024-09-24,2024-09-24,980474.ZHBK,2,1,10.01,,-10.02,-0.3,0,0
2024-09-24,2024-09-24,980378.ZHBK,2,1,10.01,,-60.06,-0.25,0,0
2024-09-24,2024-09-24,980355.ZHBK,2,0,10.03,,0.02,0.27,0,0
2024-09-23,2024-09-23,980376.ZHBK,2,0,50.05,,20.02,1.31,0,0
2024-09-23,2024-09-23,980378.ZHBK,2,1,70.07,,20.02,-1.32,0,0
2024-09-23,2024-09-23,980357.ZHBK,2,0,40.05,,20.03,-0.09,0,0
2024-09-23,2024-09-23,980366.ZHBK,2,0,40.06,,-70.05,1.57,0,0
2024-09-23,2024-09-23,980343.ZHBK,2,0,40.04,,30.02,-0.83,0,0
2024-09-23,2024-09-23,980345.ZHBK,2,0,30.03,,20.02,-0.15,0,0
2024-09-23,2024-09-23,980753.ZHBK,2,0,30.04,,-60.05,1.3,0,0
2024-09-23,2024-09-23,980338.ZHBK,2,1,20.02,,-20.02,0.15,0,0
2024-09-23,2024-09-23,980474.ZHBK,2,1,20.03,,0.01,-1.2,0,0
2024-09-23,2024-09-23,980374.ZHBK,2,0,10.01,,10.01,-0.09,0,0
2024-09-23,2024-09-23,980364.ZHBK,2,1,10.01,,10.01,-0.91,0,0
2024-09-23,2024-09-23,980477.ZHBK,2,1,10.01,,10.01,-1.06,0,0
2024-09-23,2024-09-23,980358.ZHBK,2,1,10.02,,0.01,1.12,0,0
2024-09-23,2024-09-23,980335.ZHBK,2,1,10.01,,10.01,0.48,0,0
2024-09-23,2024-09-23,980365.ZHBK,2,1,10.01,,-20.02,-0.75,0,0
2024-09-23,2024-09-23,980372.ZHBK,2,1,10.01,,10.01,-0.45,0,0
2024-09-23,2024-09-23,980355.ZHBK,2,0,10.01,,10.01,-0.1,0,0
2024-09-23,2024-09-23,980362.ZHBK,2,1,10.02,,10.02,-0.79,0,0
2024-09-20,2024-09-20,980366.ZHBK,2,0,110.11,,80.07,3.23,0,0
2024-09-20,2024-09-20,980753.ZHBK,2,0,90.09,,60.03,2.9,0,0
2024-09-20,2024-09-20,980378.ZHBK,2,1,50.05,,40.03,1.71,0,0
2024-09-20,2024-09-20,980338.ZHBK,2,1,40.04,,40.04,2.31,0,0
2024-09-20,2024-09-20,980376.ZHBK,2,0,30.03,,20.0,1.76,0,0
2024-09-20,2024-09-20,980365.ZHBK,2,1,30.03,,9.98,2.0,0,0
2024-09-20,2024-09-20,980357.ZHBK,2,0,20.02,,-10.03,1.45,0,0
2024-09-20,2024-09-20,980360.ZHBK,2,1,20.02,,20.02,1.17,0,0
2024-09-20,2024-09-20,980474.ZHBK,2,1,20.02,,-0.02,1.67,0,0
2024-09-20,2024-09-20,980476.ZHBK,2,1,10.01,,10.01,2.2,0,0
2024-09-20,2024-09-20,980345.ZHBK,2,0,10.01,,10.01,2.71,0,0
2024-09-20,2024-09-20,980358.ZHBK,2,1,10.01,,-0.01,1.9,0,0
2024-09-20,2024-09-20,980341.ZHBK,2,1,10.01,,10.01,0.83,0,0
2024-09-20,2024-09-20,980343.ZHBK,2,0,10.02,,10.02,2.72,0,0
2024-09-19,2024-09-19,980357.ZHBK,2,0,30.05,,-0.03,-0.85,0,0
2024-09-19,2024-09-19,980753.ZHBK,2,0,30.06,,10.02,-1.0,0,0
2024-09-19,2024-09-19,980366.ZHBK,2,0,30.04,,20.01,-0.89,0,0
2024-09-19,2024-09-19,980365.ZHBK,2,1,20.05,,-20.0,-0.4,0,0
2024-09-19,2024-09-19,980474.ZHBK,2,1,20.04,,-9.99,-0.85,0,0
2024-09-19,2024-09-19,980364.ZHBK,2,1,10.01,,-10.02,-0.67,0,0
2024-09-19,2024-09-19,980477.ZHBK,2,1,10.01,,10.01,-0.66,0,0
2024-09-19,2024-09-19,980358.ZHBK,2,1,10.02,,0.01,0.83,0,0
2024-09-19,2024-09-19,980353.ZHBK,2,0,10.01,,10.01,-1.0,0,0
2024-09-19,2024-09-19,980376.ZHBK,2,0,10.03,,0.02,-1.02,0,0
2024-09-19,2024-09-19,980371.ZHBK,2,1,10.01,,0.0,-1.76,0,0
2024-09-19,2024-09-19,980372.ZHBK,2,1,10.02,,-0.01,-0.16,0,0
2024-09-19,2024-09-19,980378.ZHBK,2,1,10.02,,-30.03,-1.4,0,0
2024-09-19,2024-09-19,980355.ZHBK,2,0,10.03,,10.03,-1.15,0,0
2024-09-18,2024-09-18,980365.ZHBK,2,1,40.05,,30.02,-1.74,0,0
2024-09-18,2024-09-18,980378.ZHBK,2,1,40.05,,20.03,-1.49,0,0
2024-09-18,2024-09-18,980357.ZHBK,2,0,30.08,,-9.96,-1.85,0,0
2024-09-18,2024-09-18,980474.ZHBK,2,1,30.03,,10.0,-2.29,0,0
2024-09-18,2024-09-18,980364.ZHBK,2,1,20.03,,20.03,-1.46,0,0
2024-09-18,2024-09-18,980753.ZHBK,2,0,20.04,,0.0,-1.91,0,0
2024-09-18,2024-09-18,980343.ZHBK,2,0,20.02,,10.01,-0.74,0,0
2024-09-18,2024-09-18,980338.ZHBK,2,1,10.02,,-10.02,-0.24,0,0
2024-09-18,2024-09-18,980339.ZHBK,2,1,10.01,,10.01,-0.5,0,0
2024-09-18,2024-09-18,980345.ZHBK,2,0,10.02,,-10.0,-1.07,0,0
2024-09-18,2024-09-18,980358.ZHBK,2,1,10.01,,-10.01,0.67,0,0
2024-09-18,2024-09-18,980376.ZHBK,2,0,10.01,,10.01,-1.54,0,0
2024-09-18,2024-09-18,980371.ZHBK,2,1,10.01,,0.0,-0.68,0,0
2024-09-18,2024-09-18,980366.ZHBK,2,0,10.03,,-10.01,-2.01,0,0
2024-09-18,2024-09-18,980473.ZHBK,2,1,10.01,,10.01,-1.38,0,0
2024-09-18,2024-09-18,980372.ZHBK,2,1,10.03,,10.03,-1.55,0,0
2024-09-13,2024-09-13,980357.ZHBK,2,0,40.04,,20.02,-1.03,0,0
2024-09-13,2024-09-13,980338.ZHBK,2,1,20.04,,-9.99,0.52,0,0
2024-09-13,2024-09-13,980476.ZHBK,2,1,20.03,,10.02,-0.08,0,0
2024-09-13,2024-09-13,980374.ZHBK,2,0,20.02,,10.01,-0.74,0,0
2024-09-13,2024-09-13,980345.ZHBK,2,0,20.02,,10.01,-0.74,0,0
2024-09-13,2024-09-13,980358.ZHBK,2,1,20.02,,20.02,0.07,0,0
2024-09-13,2024-09-13,980753.ZHBK,2,0,20.04,,-20.01,0.52,0,0
2024-09-13,2024-09-13,980366.ZHBK,2,0,20.04,,-20.01,0.65,0,0
2024-09-13,2024-09-13,980474.ZHBK,2,1,20.03,,10.01,0.07,0,0
2024-09-13,2024-09-13,980378.ZHBK,2,1,20.02,,-40.05,-0.46,0,0
2024-09-13,2024-09-13,980362.ZHBK,2,1,20.02,,0.0,0.27,0,0
2024-09-13,2024-09-13,980750.ZHBK,2,1,10.01,,-10.01,0.63,0,0
2024-09-13,2024-09-13,980363.ZHBK,2,1,10.02,,10.02,-0.54,0,0
2024-09-13,2024-09-13,980353.ZHBK,2,0,10.01,,-20.02,-0.29,0,0
2024-09-13,2024-09-13,980365.ZHBK,2,1,10.03,,-20.02,-0.4,0,0
2024-09-13,2024-09-13,980371.ZHBK,2,1,10.01,,10.01,-0.22,0,0
2024-09-13,2024-09-13,980336.ZHBK,2,1,10.01,,-10.01,0.61,0,0
2024-09-13,2024-09-13,980355.ZHBK,2,0,10.01,,-10.01,-0.22,0,0
2024-09-13,2024-09-13,980343.ZHBK,2,0,10.01,,-10.02,0.09,0,0
2024-09-12,20240912,980378.ZHBK,2,1,60.07,,30.02,-0.23,0,0
2024-09-12,20240912,980336.ZHBK,2,1,20.02,,20.02,-1.57,0,0
2024-09-12,20240912,980338.ZHBK,2,1,30.03,,10.0,-0.77,0,0
2024-09-12,20240912,980339.ZHBK,2,1,10.01,,-0.01,-1.22,0,0
2024-09-12,20240912,980343.ZHBK,2,0,20.03,,10.01,0.16,0,0
2024-09-12,20240912,980345.ZHBK,2,0,10.01,,10.01,-1.6,0,0
2024-09-12,20240912,980353.ZHBK,2,0,30.03,,30.03,-1.12,0,0
2024-09-12,20240912,980355.ZHBK,2,0,20.02,,20.02,-0.89,0,0
2024-09-12,20240912,980357.ZHBK,2,0,20.02,,-0.03,-0.91,0,0
2024-09-12,20240912,980362.ZHBK,2,1,20.02,,20.02,-1.12,0,0
2024-09-12,20240912,980365.ZHBK,2,1,30.05,,10.01,-0.26,0,0
2024-09-12,20240912,980366.ZHBK,2,0,40.05,,40.05,-0.61,0,0
2024-09-12,20240912,980372.ZHBK,2,1,20.02,,20.02,-0.44,0,0
2024-09-12,20240912,980374.ZHBK,2,0,10.01,,10.01,-2.05,0,0
2024-09-12,20240912,980376.ZHBK,2,0,20.02,,10.0,-1.11,0,0
2024-09-12,20240912,980473.ZHBK,2,1,10.01,,0.0,-1.66,0,0
2024-09-12,20240912,980474.ZHBK,2,1,10.02,,-20.02,1.35,0,0
2024-09-12,20240912,980476.ZHBK,2,1,10.01,,10.01,-0.47,0,0
2024-09-12,20240912,980750.ZHBK,2,1,20.02,,20.02,-1.52,0,0
2024-09-12,20240912,980753.ZHBK,2,0,40.05,,40.05,-0.65,0,0
2024-09-11,2024-09-11,980474.ZHBK,2,1,30.04,,-10.0,0.83,0,0
2024-09-11,2024-09-11,980378.ZHBK,2,1,30.05,,-70.05,-0.48,0,0
2024-09-11,2024-09-11,980338.ZHBK,2,1,20.03,,10.02,0.02,0,0
2024-09-11,2024-09-11,980357.ZHBK,2,0,20.05,,0.03,0.95,0,0
2024-09-11,2024-09-11,980365.ZHBK,2,1,20.04,,0.0,1.02,0,0
2024-09-11,2024-09-11,980339.ZHBK,2,1,10.02,,10.02,-0.18,0,0
2024-09-11,2024-09-11,980376.ZHBK,2,0,10.02,,10.02,1.91,0,0
2024-09-11,2024-09-11,980473.ZHBK,2,1,10.01,,10.01,-0.71,0,0
2024-09-11,2024-09-11,980343.ZHBK,2,0,10.02,,-20.01,0.38,0,0
2024-09-10,20240910,980345.ZHBK,2,0,50.05,,10.01,0.05,0,0
2024-09-10,20240910,980378.ZHBK,2,1,100.1,,40.04,0.68,0,0
2024-09-10,20240910,980338.ZHBK,2,1,10.01,,10.01,-0.16,0,0
2024-09-10,20240910,980343.ZHBK,2,0,30.03,,30.03,0.59,0,0
2024-09-10,20240910,980357.ZHBK,2,0,20.02,,-10.03,-0.51,0,0
2024-09-10,20240910,980365.ZHBK,2,1,20.04,,-20.01,-0.13,0,0
2024-09-10,20240910,980366.ZHBK,2,0,10.02,,10.02,-0.82,0,0
2024-09-10,20240910,980374.ZHBK,2,0,40.04,,20.02,0.73,0,0
2024-09-10,20240910,980474.ZHBK,2,1,40.04,,30.03,-0.44,0,0
2024-09-09,20240909,980378.ZHBK,2,1,60.06,,10.01,-2.23,0,0
2024-09-09,20240909,980339.ZHBK,2,1,10.02,,0.01,-0.28,0,0
2024-09-09,20240909,980345.ZHBK,2,0,40.04,,-20.02,-0.75,0,0
2024-09-09,20240909,980357.ZHBK,2,0,30.05,,-20.0,-2.51,0,0
2024-09-09,20240909,980364.ZHBK,2,1,30.04,,20.03,-1.82,0,0
2024-09-09,20240909,980365.ZHBK,2,1,40.05,,20.02,-2.15,0,0
2024-09-09,20240909,980371.ZHBK,2,1,10.01,,10.01,-1.56,0,0
2024-09-09,20240909,980372.ZHBK,2,1,10.01,,-20.02,-1.3,0,0
2024-09-09,20240909,980374.ZHBK,2,0,20.02,,10.01,-0.17,0,0
2024-09-09,20240909,980376.ZHBK,2,0,20.03,,-30.02,-2.42,0,0
2024-09-09,20240909,980474.ZHBK,2,1,10.01,,-10.01,-2.36,0,0
2024-09-09,20240909,980476.ZHBK,2,1,10.01,,10.01,-1.88,0,0
2024-09-09,20240909,980753.ZHBK,2,0,20.03,,-40.04,-1.88,0,0
2024-09-06,20240906,980376.ZHBK,2,0,50.05,,30.02,0.88,0,0
2024-09-06,20240906,980345.ZHBK,2,0,60.06,,30.02,1.69,0,0
2024-09-06,20240906,980753.ZHBK,2,0,60.07,,-0.04,1.88,0,0
2024-09-06,20240906,980366.ZHBK,2,0,50.06,,9.97,1.99,0,0
2024-09-06,20240906,980378.ZHBK,2,1,50.05,,40.02,1.19,0,0
2024-09-06,20240906,980357.ZHBK,2,0,50.05,,30.01,0.48,0,0
2024-09-06,20240906,980335.ZHBK,2,1,10.01,,10.01,-0.05,0,0
2024-09-06,20240906,980339.ZHBK,2,1,10.01,,10.01,0.79,0,0
2024-09-06,20240906,980341.ZHBK,2,1,20.02,,20.02,0.56,0,0
2024-09-06,20240906,980343.ZHBK,2,0,10.01,,10.01,0.99,0,0
2024-09-06,20240906,980352.ZHBK,2,1,10.01,,10.01,1.43,0,0
2024-09-06,20240906,980353.ZHBK,2,0,10.01,,0.0,1.25,0,0
2024-09-06,20240906,980358.ZHBK,2,1,10.01,,0.0,1.38,0,0
2024-09-06,20240906,980360.ZHBK,2,1,20.02,,20.02,0.92,0,0
2024-09-06,20240906,980362.ZHBK,2,1,10.01,,10.01,0.53,0,0
2024-09-06,20240906,980364.ZHBK,2,1,10.01,,-10.02,0.07,0,0
2024-09-06,20240906,980365.ZHBK,2,1,20.03,,20.03,0.69,0,0
2024-09-06,20240906,980372.ZHBK,2,1,30.03,,30.03,0.95,0,0
2024-09-06,20240906,980374.ZHBK,2,0,10.01,,0.0,1.3,0,0
2024-09-06,20240906,980473.ZHBK,2,1,10.01,,10.01,0.47,0,0
2024-09-06,20240906,980474.ZHBK,2,1,20.02,,10.01,0.07,0,0
2024-09-05,20240905,980753.ZHBK,2,0,60.11,,50.1,-1.19,0,0
2024-09-05,20240905,980366.ZHBK,2,0,40.09,,40.09,-1.19,0,0
2024-09-05,20240905,980338.ZHBK,2,1,20.04,,10.02,-1.17,0,0
2024-09-05,20240905,980345.ZHBK,2,0,30.04,,20.03,-0.5,0,0
2024-09-05,20240905,980353.ZHBK,2,0,10.01,,10.01,-0.68,0,0
2024-09-05,20240905,980355.ZHBK,2,0,20.02,,20.02,-0.78,0,0
2024-09-05,20240905,980357.ZHBK,2,0,20.04,,-50.06,-0.78,0,0
2024-09-05,20240905,980358.ZHBK,2,1,10.01,,0.0,-1.17,0,0
2024-09-05,20240905,980364.ZHBK,2,1,20.03,,20.03,-0.44,0,0
2024-09-05,20240905,980368.ZHBK,2,1,10.01,,10.01,-1.07,0,0
2024-09-05,20240905,980374.ZHBK,2,0,10.01,,10.01,-1.15,0,0
2024-09-05,20240905,980376.ZHBK,2,0,20.03,,0.01,-1.33,0,0
2024-09-05,20240905,980378.ZHBK,2,1,10.03,,-10.0,-0.1,0,0
2024-09-05,20240905,980474.ZHBK,2,1,10.01,,-10.03,0.26,0,0
2024-09-04,20240904,980357.ZHBK,2,0,70.1,,20.01,1.14,0,0
2024-09-04,20240904,980335.ZHBK,2,1,10.01,,0.0,-0.27,0,0
2024-09-04,20240904,980338.ZHBK,2,1,10.02,,-0.01,0.67,0,0
2024-09-04,20240904,980339.ZHBK,2,1,10.01,,10.01,0.07,0,0
2024-09-04,20240904,980345.ZHBK,2,0,10.01,,0.0,0.63,0,0
2024-09-04,20240904,980358.ZHBK,2,1,10.01,,0.0,0.53,0,0
2024-09-04,20240904,980365.ZHBK,2,1,20.05,,10.02,1.09,0,0
2024-09-04,20240904,980372.ZHBK,2,1,10.02,,0.0,1.26,0,0
2024-09-04,20240904,980376.ZHBK,2,0,20.02,,0.0,1.32,0,0
2024-09-04,20240904,980378.ZHBK,2,1,20.03,,10.02,0.38,0,0
2024-09-04,20240904,980474.ZHBK,2,1,20.04,,20.04,1.78,0,0
2024-09-04,20240904,980753.ZHBK,2,0,10.01,,-30.07,1.8,0,0
2024-09-03,20240903,980357.ZHBK,2,0,50.09,,-50.01,-2.18,0,0
2024-09-03,20240903,980753.ZHBK,2,0,40.08,,20.06,-2.43,0,0
2024-09-03,20240903,980335.ZHBK,2,1,10.01,,0.0,-0.77,0,0
2024-09-03,20240903,980338.ZHBK,2,1,10.03,,10.03,-1.27,0,0
2024-09-03,20240903,980343.ZHBK,2,0,10.01,,0.0,-1.7,0,0
2024-09-03,20240903,980345.ZHBK,2,0,10.01,,0.0,-1.41,0,0
2024-09-03,20240903,980352.ZHBK,2,1,10.01,,10.01,-0.46,0,0
2024-09-03,20240903,980358.ZHBK,2,1,10.01,,0.0,-1.95,0,0
2024-09-03,20240903,980362.ZHBK,2,1,10.01,,10.01,-0.64,0,0
2024-09-03,20240903,980364.ZHBK,2,1,20.05,,0.03,-1.21,0,0
2024-09-03,20240903,980365.ZHBK,2,1,10.03,,-9.99,-1.89,0,0
2024-09-03,20240903,980366.ZHBK,2,0,20.06,,10.05,-2.3,0,0
2024-09-03,20240903,980372.ZHBK,2,1,10.02,,-20.01,-1.25,0,0
2024-09-03,20240903,980373.ZHBK,2,1,10.01,,10.01,-1.35,0,0
2024-09-03,20240903,980376.ZHBK,2,0,20.02,,-10.01,-2.15,0,0
2024-09-03,20240903,980378.ZHBK,2,1,10.01,,-50.05,-1.78,0,0
2024-09-02,20240902,980357.ZHBK,2,0,100.1,,-50.06,3.09,0,0
2024-09-02,20240902,980378.ZHBK,2,1,60.06,,40.04,1.02,0,0
2024-09-02,20240902,980335.ZHBK,2,1,10.01,,0.0,0.94,0,0
2024-09-02,20240902,980343.ZHBK,2,0,10.01,,10.01,1.71,0,0
2024-09-02,20240902,980345.ZHBK,2,0,10.01,,-30.03,1.9,0,0
2024-09-02,20240902,980358.ZHBK,2,1,10.01,,0.0,3.06,0,0
2024-09-02,20240902,980364.ZHBK,2,1,20.02,,10.01,1.63,0,0
2024-09-02,20240902,980365.ZHBK,2,1,20.02,,-30.03,1.87,0,0
2024-09-02,20240902,980366.ZHBK,2,0,10.01,,-10.01,3.13,0,0
2024-09-02,20240902,980372.ZHBK,2,1,30.03,,30.03,1.53,0,0
2024-09-02,20240902,980376.ZHBK,2,0,30.03,,10.01,2.63,0,0
2024-09-02,20240902,980474.ZHBK,2,1,20.03,,0.01,1.58,0,0
2024-09-02,20240902,980753.ZHBK,2,0,20.02,,-20.02,3.34,0,0
2024-08-30,20240830,980357.ZHBK,2,0,150.16,,90.04,2.55,0,0
2024-08-30,20240830,980365.ZHBK,2,1,50.05,,10.0,2.23,0,0
2024-08-30,20240830,980335.ZHBK,2,1,10.01,,10.01,0.74,0,0
2024-08-30,20240830,980339.ZHBK,2,1,10.01,,10.01,-0.18,0,0
2024-08-30,20240830,980345.ZHBK,2,0,40.04,,40.04,0.43,0,0
2024-08-30,20240830,980353.ZHBK,2,0,10.01,,10.01,0.71,0,0
2024-08-30,20240830,980358.ZHBK,2,1,10.01,,0.0,0.22,0,0
2024-08-30,20240830,980363.ZHBK,2,1,10.01,,-10.02,1.68,0,0
2024-08-30,20240830,980364.ZHBK,2,1,10.01,,10.01,1.49,0,0
2024-08-30,20240830,980366.ZHBK,2,0,20.02,,9.99,1.61,0,0
2024-08-30,20240830,980376.ZHBK,2,0,20.02,,10.01,1.16,0,0
2024-08-30,20240830,980378.ZHBK,2,1,20.02,,20.02,1.53,0,0
2024-08-30,20240830,980474.ZHBK,2,1,20.02,,9.98,2.73,0,0
2024-08-30,20240830,980753.ZHBK,2,0,40.04,,30.0,1.47,0,0
2024-08-29,20240829,980357.ZHBK,2,0,60.12,,10.07,0.56,0,0
2024-08-29,20240829,980338.ZHBK,2,1,20.02,,20.02,-0.75,0,0
2024-08-29,20240829,980343.ZHBK,2,0,10.01,,-10.01,-1.76,0,0
2024-08-29,20240829,980346.ZHBK,2,1,10.01,,10.01,-0.42,0,0
2024-08-29,20240829,980352.ZHBK,2,1,10.01,,0.0,0.83,0,0
2024-08-29,20240829,980358.ZHBK,2,1,10.01,,-10.01,-0.51,0,0
2024-08-29,20240829,980362.ZHBK,2,1,10.01,,10.01,0.12,0,0
2024-08-29,20240829,980363.ZHBK,2,1,20.03,,20.03,0.66,0,0
2024-08-29,20240829,980365.ZHBK,2,1,40.05,,20.01,0.89,0,0
2024-08-29,20240829,980366.ZHBK,2,0,10.03,,0.02,0.37,0,0
2024-08-29,20240829,980376.ZHBK,2,0,10.01,,-0.01,0.5,0,0
2024-08-29,20240829,980474.ZHBK,2,1,10.04,,10.04,0.66,0,0
2024-08-29,20240829,980476.ZHBK,2,1,10.01,,0.0,-0.15,0,0
2024-08-29,20240829,980753.ZHBK,2,0,10.04,,0.03,0.54,0,0
2024-08-29,20240829,980756.ZHBK,2,1,10.01,,10.01,-0.32,0,0
2024-08-28,20240828,980345.ZHBK,2,0,70.08,,60.07,-1.1,0,0
2024-08-28,20240828,980357.ZHBK,2,0,50.05,,40.03,-2.73,0,0
2024-08-28,20240828,980335.ZHBK,2,1,20.02,,-10.01,-0.21,0,0
2024-08-28,20240828,980336.ZHBK,2,1,10.01,,10.01,-0.97,0,0
2024-08-28,20240828,980343.ZHBK,2,0,20.02,,-40.06,1.66,0,0
2024-08-28,20240828,980352.ZHBK,2,1,10.01,,0.0,-0.43,0,0
2024-08-28,20240828,980355.ZHBK,2,0,10.01,,10.01,-1.57,0,0
2024-08-28,20240828,980358.ZHBK,2,1,20.02,,10.01,-2.29,0,0
2024-08-28,20240828,980364.ZHBK,2,1,20.04,,20.04,-1.03,0,0
2024-08-28,20240828,980365.ZHBK,2,1,20.04,,-0.01,-1.73,0,0
2024-08-28,20240828,980366.ZHBK,2,0,10.01,,0.0,-1.89,0,0
2024-08-28,20240828,980368.ZHBK,2,1,20.03,,10.02,-0.65,0,0
2024-08-28,20240828,980374.ZHBK,2,0,40.05,,40.05,-1.45,0,0
2024-08-28,20240828,980376.ZHBK,2,0,10.02,,-10.02,-2.37,0,0
2024-08-28,20240828,980378.ZHBK,2,1,20.02,,-20.02,0.23,0,0
2024-08-28,20240828,980473.ZHBK,2,1,20.02,,-10.05,-0.3,0,0
2024-08-28,20240828,980475.ZHBK,2,1,10.01,,-10.01,-0.69,0,0
2024-08-28,20240828,980476.ZHBK,2,1,10.01,,10.01,-1.22,0,0
2024-08-28,20240828,980753.ZHBK,2,0,10.01,,-0.02,-1.83,0,0
2024-08-27,20240827,980343.ZHBK,2,0,60.08,,20.03,1.9,0,0
2024-08-27,20240827,980335.ZHBK,2,1,30.03,,20.02,1.43,0,0
2024-08-27,20240827,980338.ZHBK,2,1,30.05,,10.02,1.43,0,0
2024-08-27,20240827,980345.ZHBK,2,0,10.01,,0.0,0.81,0,0
2024-08-27,20240827,980352.ZHBK,2,1,10.01,,0.0,1.36,0,0
2024-08-27,20240827,980357.ZHBK,2,0,10.02,,-90.08,1.22,0,0
2024-08-27,20240827,980358.ZHBK,2,1,10.01,,10.01,0.7,0,0
2024-08-27,20240827,980363.ZHBK,2,1,10.01,,10.01,0.03,0,0
2024-08-27,20240827,980365.ZHBK,2,1,20.05,,0.01,1.35,0,0
2024-08-27,20240827,980366.ZHBK,2,0,10.01,,-10.03,0.31,0,0
2024-08-27,20240827,980368.ZHBK,2,1,10.01,,0.0,1.56,0,0
2024-08-27,20240827,980376.ZHBK,2,0,20.04,,-9.99,-0.1,0,0
2024-08-27,20240827,980378.ZHBK,2,1,40.04,,40.04,0.4,0,0
2024-08-27,20240827,980473.ZHBK,2,1,30.07,,10.05,0.11,0,0
2024-08-27,20240827,980475.ZHBK,2,1,20.02,,10.01,1.99,0,0
2024-08-27,20240827,980753.ZHBK,2,0,10.03,,-20.0,0.23,0,0
2024-08-26,20240826,980357.ZHBK,2,0,100.1,,90.08,0.25,0,0
2024-08-26,20240826,980335.ZHBK,2,1,10.01,,10.01,-0.2,0,0
2024-08-26,20240826,980338.ZHBK,2,1,20.03,,20.03,-0.22,0,0
2024-08-26,20240826,980339.ZHBK,2,1,10.02,,10.02,-0.54,0,0
2024-08-26,20240826,980343.ZHBK,2,0,40.05,,40.05,-0.46,0,0
2024-08-26,20240826,980345.ZHBK,2,0,10.01,,-0.01,-0.71,0,0
2024-08-26,20240826,980352.ZHBK,2,1,10.01,,-10.01,-0.52,0,0
2024-08-26,20240826,980362.ZHBK,2,1,10.01,,0.0,-1.15,0,0
2024-08-26,20240826,980364.ZHBK,2,1,10.01,,-0.02,-0.58,0,0
2024-08-26,20240826,980365.ZHBK,2,1,20.04,,9.97,-0.86,0,0
2024-08-26,20240826,980366.ZHBK,2,0,20.04,,-40.03,1.19,0,0
2024-08-26,20240826,980368.ZHBK,2,1,10.01,,10.01,0.27,0,0
2024-08-26,20240826,980373.ZHBK,2,1,10.01,,10.01,-1.16,0,0
2024-08-26,20240826,980376.ZHBK,2,0,30.03,,10.01,0.68,0,0
2024-08-26,20240826,980473.ZHBK,2,1,20.02,,10.01,0.11,0,0
2024-08-26,20240826,980474.ZHBK,2,1,10.01,,0.0,-1.53,0,0
2024-08-26,20240826,980475.ZHBK,2,1,10.01,,10.01,-0.72,0,0
2024-08-26,20240826,980753.ZHBK,2,0,30.03,,-20.03,0.93,0,0
2024-08-23,20240823,980366.ZHBK,2,0,60.07,,40.05,-2.09,0,0
2024-08-23,20240823,980753.ZHBK,2,0,50.06,,40.04,-2.08,0,0
2024-08-23,20240823,980336.ZHBK,2,1,10.01,,10.01,-0.23,0,0
2024-08-23,20240823,980340.ZHBK,2,0,10.01,,10.01,-2.39,0,0
2024-08-23,20240823,980345.ZHBK,2,0,10.02,,-20.02,-1.62,0,0
2024-08-23,20240823,980352.ZHBK,2,1,20.02,,10.01,-0.31,0,0
2024-08-23,20240823,980355.ZHBK,2,0,20.02,,20.02,-2.74,0,0
2024-08-23,20240823,980357.ZHBK,2,0,10.02,,-20.07,-1.8,0,0
2024-08-23,20240823,980362.ZHBK,2,1,10.01,,10.01,-0.96,0,0
2024-08-23,20240823,980363.ZHBK,2,1,10.01,,10.01,-0.64,0,0
2024-08-23,20240823,980364.ZHBK,2,1,10.03,,0.02,-1.48,0,0
2024-08-23,20240823,980365.ZHBK,2,1,10.07,,0.05,-1.88,0,0
2024-08-23,20240823,980372.ZHBK,2,1,10.02,,0.01,-1.69,0,0
2024-08-23,20240823,980374.ZHBK,2,0,10.01,,10.01,-1.76,0,0
2024-08-23,20240823,980376.ZHBK,2,0,20.02,,0.0,-0.89,0,0
2024-08-23,20240823,980378.ZHBK,2,1,10.02,,-40.04,-1.45,0,0
2024-08-23,20240823,980473.ZHBK,2,1,10.01,,10.01,-2.54,0,0
2024-08-23,20240823,980474.ZHBK,2,1,10.01,,-10.02,-0.92,0,0
2024-08-23,20240823,980476.ZHBK,2,1,10.01,,10.01,-1.92,0,0
2024-08-23,20240823,980750.ZHBK,2,1,10.01,,10.01,-0.21,0,0
2024-08-22,20240822,980378.ZHBK,2,1,50.06,,50.06,-1.23,0,0
2024-08-22,20240822,980357.ZHBK,2,0,30.09,,-9.96,0.15,0,0
2024-08-22,20240822,980338.ZHBK,2,1,10.02,,0.01,-0.06,0,0
2024-08-22,20240822,980345.ZHBK,2,0,30.04,,19.99,-0.65,0,0
2024-08-22,20240822,980346.ZHBK,2,1,10.01,,10.01,-0.58,0,0
2024-08-22,20240822,980352.ZHBK,2,1,10.01,,10.01,0.63,0,0
2024-08-22,20240822,980364.ZHBK,2,1,10.01,,-0.01,0.08,0,0
2024-08-22,20240822,980365.ZHBK,2,1,10.02,,-0.03,0.06,0,0
2024-08-22,20240822,980366.ZHBK,2,0,20.02,,9.99,-0.23,0,0
2024-08-22,20240822,980372.ZHBK,2,1,10.01,,0.0,-0.17,0,0
2024-08-22,20240822,980376.ZHBK,2,0,20.02,,10.0,-0.45,0,0
2024-08-22,20240822,980474.ZHBK,2,1,20.03,,20.03,0.16,0,0
2024-08-22,20240822,980753.ZHBK,2,0,10.02,,-0.01,-0.54,0,0
2024-08-22,20240822,980756.ZHBK,2,1,10.01,,10.01,-0.62,0,0
2024-08-21,20240821,980338.ZHBK,2,1,10.01,,10.01,-1.65,0,0
2024-08-21,20240821,980339.ZHBK,2,1,10.01,,10.01,-1.2,0,0
2024-08-21,20240821,980345.ZHBK,2,0,10.05,,0.03,-1.76,0,0
2024-08-21,20240821,980348.ZHBK,2,0,20.02,,20.02,0.65,0,0
2024-08-21,20240821,980355.ZHBK,2,0,20.04,,10.02,-0.23,0,0
2024-08-21,20240821,980357.ZHBK,2,0,40.05,,30.0,-1.54,0,0
2024-08-21,20240821,980362.ZHBK,2,1,10.02,,-0.01,-1.91,0,0
2024-08-21,20240821,980364.ZHBK,2,1,10.02,,0.0,-1.48,0,0
2024-08-21,20240821,980365.ZHBK,2,1,10.05,,-10.01,-1.67,0,0
2024-08-21,20240821,980366.ZHBK,2,0,10.03,,0.0,-2.12,0,0
2024-08-21,20240821,980372.ZHBK,2,1,10.01,,10.01,-1.77,0,0
2024-08-21,20240821,980376.ZHBK,2,0,10.02,,10.02,-1.75,0,0
2024-08-21,20240821,980753.ZHBK,2,0,10.03,,-10.01,-1.81,0,0
2024-08-20,20240820,980345.ZHBK,2,0,10.02,,-20.01,0.04,0,0
2024-08-20,20240820,980346.ZHBK,2,1,10.02,,-10.0,-0.54,0,0
2024-08-20,20240820,980355.ZHBK,2,0,10.02,,-10.0,0.48,0,0
2024-08-20,20240820,980357.ZHBK,2,0,10.05,,-30.01,-1.62,0,0
2024-08-20,20240820,980362.ZHBK,2,1,10.03,,0.02,-0.41,0,0
2024-08-20,20240820,980364.ZHBK,2,1,10.02,,-10.0,-0.23,0,0
2024-08-20,20240820,980365.ZHBK,2,1,20.06,,-19.98,-0.41,0,0
2024-08-20,20240820,980366.ZHBK,2,0,10.03,,10.03,0.52,0,0
2024-08-20,20240820,980368.ZHBK,2,1,10.01,,10.01,-0.6,0,0
2024-08-20,20240820,980373.ZHBK,2,1,10.01,,10.01,-0.38,0,0
2024-08-20,20240820,980474.ZHBK,2,1,10.06,,-9.96,-0.98,0,0
2024-08-20,20240820,980476.ZHBK,2,1,10.02,,0.01,-0.35,0,0
2024-08-20,20240820,980753.ZHBK,2,0,20.04,,-0.03,0.82,0,0
2024-08-20,20240820,980756.ZHBK,2,1,10.02,,-10.0,-0.53,0,0
2024-08-19,20240819,980338.ZHBK,2,1,10.01,,10.01,-1.39,0,0
2024-08-19,20240819,980339.ZHBK,2,1,10.01,,10.01,-0.8,0,0
2024-08-19,20240819,980341.ZHBK,2,1,10.01,,10.01,-0.54,0,0
2024-08-19,20240819,980345.ZHBK,2,0,30.03,,-10.01,-0.28,0,0
2024-08-19,20240819,980346.ZHBK,2,1,20.02,,10.02,-1.79,0,0
2024-08-19,20240819,980348.ZHBK,2,0,10.01,,0.0,-0.9,0,0
2024-08-19,20240819,980353.ZHBK,2,0,10.01,,10.01,-1.14,0,0
2024-08-19,20240819,980355.ZHBK,2,0,20.02,,10.01,-0.91,0,0
2024-08-19,20240819,980357.ZHBK,2,0,40.06,,-120.05,0.76,0,0
2024-08-19,20240819,980360.ZHBK,2,1,10.01,,10.01,-1.23,0,0
2024-08-19,20240819,980362.ZHBK,2,1,10.01,,0.01,-1.33,0,0
2024-08-19,20240819,980364.ZHBK,2,1,20.02,,10.01,-0.86,0,0
2024-08-19,20240819,980365.ZHBK,2,1,40.04,,-30.01,-0.41,0,0
2024-08-19,20240819,980374.ZHBK,2,0,10.01,,-10.01,-1.19,0,0
2024-08-19,20240819,980376.ZHBK,2,0,20.03,,-29.99,0.59,0,0
2024-08-19,20240819,980378.ZHBK,2,1,10.02,,-10.0,0.95,0,0
2024-08-19,20240819,980474.ZHBK,2,1,20.02,,20.02,-1.03,0,0
2024-08-19,20240819,980476.ZHBK,2,1,10.01,,-10.0,-1.27,0,0
2024-08-19,20240819,980753.ZHBK,2,0,20.07,,-9.95,-0.11,0,0
2024-08-19,20240819,980756.ZHBK,2,1,20.02,,10.02,-1.75,0,0
2024-08-16,20240816,980376.ZHBK,2,0,50.02,,40.01,1.5,0,0
2024-08-16,20240816,980357.ZHBK,2,0,160.11,,140.06,1.18,0,0
2024-08-16,20240816,980365.ZHBK,2,1,70.05,,70.05,0.99,0,0
2024-08-16,20240816,980335.ZHBK,2,1,10.01,,10.01,0.79,0,0
2024-08-16,20240816,980345.ZHBK,2,0,40.04,,10.01,0.62,0,0
2024-08-16,20240816,980346.ZHBK,2,1,10.0,,-0.01,0.2,0,0
2024-08-16,20240816,980348.ZHBK,2,0,10.01,,10.01,2.38,0,0
2024-08-16,20240816,980355.ZHBK,2,0,10.01,,-0.01,2.32,0,0
2024-08-16,20240816,980362.ZHBK,2,1,10.0,,-0.01,0.17,0,0
2024-08-16,20240816,980364.ZHBK,2,1,10.01,,-10.02,0.47,0,0
2024-08-16,20240816,980366.ZHBK,2,0,20.02,,10.01,1.71,0,0
2024-08-16,20240816,980371.ZHBK,2,1,10.0,,10.0,0.35,0,0
2024-08-16,20240816,980372.ZHBK,2,1,20.01,,20.01,0.9,0,0
2024-08-16,20240816,980373.ZHBK,2,1,20.02,,20.02,0.46,0,0
2024-08-16,20240816,980374.ZHBK,2,0,20.02,,10.01,0.61,0,0
2024-08-16,20240816,980378.ZHBK,2,1,20.02,,-60.11,0.34,0,0
2024-08-16,20240816,980476.ZHBK,2,1,20.01,,10.0,0.06,0,0
2024-08-16,20240816,980753.ZHBK,2,0,30.02,,-0.02,1.93,0,0
2024-08-16,20240816,980756.ZHBK,2,1,10.0,,-0.01,0.09,0,0
2024-08-15,20240815,980378.ZHBK,2,1,80.13,,70.12,-1.36,0,0
2024-08-15,20240815,980338.ZHBK,2,1,20.02,,0.0,0.32,0,0
2024-08-15,20240815,980343.ZHBK,2,0,10.02,,-10.0,-0.59,0,0
2024-08-15,20240815,980345.ZHBK,2,0,30.03,,20.02,-0.65,0,0
2024-08-15,20240815,980346.ZHBK,2,1,10.01,,0.0,-0.75,0,0
2024-08-15,20240815,980352.ZHBK,2,1,10.01,,0.0,-0.4,0,0
2024-08-15,20240815,980355.ZHBK,2,0,10.02,,10.02,0.94,0,0
2024-08-15,20240815,980357.ZHBK,2,0,20.05,,-60.03,0.15,0,0
2024-08-15,20240815,980362.ZHBK,2,1,10.01,,0.0,-0.35,0,0
2024-08-15,20240815,980364.ZHBK,2,1,20.03,,10.02,-1.1,0,0
2024-08-15,20240815,980366.ZHBK,2,0,10.01,,0.0,0.01,0,0
2024-08-15,20240815,980374.ZHBK,2,0,10.01,,0.0,-0.7,0,0
2024-08-15,20240815,980376.ZHBK,2,0,10.01,,0.0,0.46,0,0
2024-08-15,20240815,980476.ZHBK,2,1,10.01,,-20.02,-0.48,0,0
2024-08-15,20240815,980477.ZHBK,2,1,10.01,,10.01,-0.84,0,0
2024-08-15,20240815,980753.ZHBK,2,0,30.04,,20.03,0.18,0,0
2024-08-15,20240815,980756.ZHBK,2,1,10.01,,0.0,-0.6,0,0
2024-08-14,20240814,980357.ZHBK,2,0,80.08,,60.04,1.55,0,0
2024-08-14,20240814,980365.ZHBK,2,1,60.06,,20.0,0.98,0,0
2024-08-14,20240814,980338.ZHBK,2,1,20.02,,10.0,0.88,0,0
2024-08-14,20240814,980343.ZHBK,2,0,20.02,,-0.01,1.16,0,0
2024-08-14,20240814,980345.ZHBK,2,0,10.01,,-10.02,-0.15,0,0
2024-08-14,20240814,980346.ZHBK,2,1,10.01,,10.01,0.0,0,0
2024-08-14,20240814,980352.ZHBK,2,1,10.01,,10.01,0.65,0,0
2024-08-14,20240814,980360.ZHBK,2,1,10.01,,10.01,0.78,0,0
2024-08-14,20240814,980362.ZHBK,2,1,10.01,,10.01,0.38,0,0
2024-08-14,20240814,980363.ZHBK,2,1,20.01,,20.01,1.31,0,0
2024-08-14,20240814,980364.ZHBK,2,1,10.01,,0.0,0.95,0,0
2024-08-14,20240814,980366.ZHBK,2,0,10.01,,-10.02,0.84,0,0
2024-08-14,20240814,980368.ZHBK,2,1,20.02,,20.02,0.66,0,0
2024-08-14,20240814,980372.ZHBK,2,1,10.01,,-0.03,0.99,0,0
2024-08-14,20240814,980373.ZHBK,2,1,10.01,,10.01,0.24,0,0
2024-08-14,20240814,980374.ZHBK,2,0,10.01,,0.0,-0.27,0,0
2024-08-14,20240814,980376.ZHBK,2,0,10.01,,0.0,0.53,0,0
2024-08-14,20240814,980378.ZHBK,2,1,10.01,,-30.03,-0.84,0,0
2024-08-14,20240814,980473.ZHBK,2,1,10.01,,10.01,-0.15,0,0
2024-08-14,20240814,980474.ZHBK,2,1,30.02,,9.99,1.09,0,0
2024-08-14,20240814,980476.ZHBK,2,1,30.03,,20.02,0.6,0,0
2024-08-14,20240814,980753.ZHBK,2,0,10.01,,0.0,0.7,0,0
2024-08-14,20240814,980756.ZHBK,2,1,10.01,,10.01,0.11,0,0
2024-08-13,20240813,980365.ZHBK,2,1,40.06,,-20.0,-0.55,0,0
2024-08-13,20240813,980338.ZHBK,2,1,10.02,,-50.04,-1.4,0,0
2024-08-13,20240813,980343.ZHBK,2,0,20.03,,-10.0,-0.63,0,0
2024-08-13,20240813,980345.ZHBK,2,0,20.03,,10.02,-1.09,0,0
2024-08-13,20240813,980357.ZHBK,2,0,20.04,,-9.99,-1.38,0,0
2024-08-13,20240813,980364.ZHBK,2,1,10.01,,10.01,-0.72,0,0
2024-08-13,20240813,980366.ZHBK,2,0,20.03,,20.03,-1.58,0,0
2024-08-13,20240813,980372.ZHBK,2,1,10.04,,-9.98,-1.08,0,0
2024-08-13,20240813,980374.ZHBK,2,0,10.01,,10.01,-2.06,0,0
2024-08-13,20240813,980376.ZHBK,2,0,10.01,,10.01,-2.0,0,0
2024-08-13,20240813,980378.ZHBK,2,1,40.04,,0.0,1.38,0,0
2024-08-13,20240813,980474.ZHBK,2,1,20.03,,-20.02,-0.72,0,0
2024-08-13,20240813,980476.ZHBK,2,1,10.01,,-90.09,1.74,0,0
2024-08-13,20240813,980753.ZHBK,2,0,10.01,,10.01,-1.6,0,0
2024-08-12,20240812,980476.ZHBK,2,1,100.1,,100.1,-0.72,0,0
2024-08-12,20240812,980346.ZHBK,2,1,60.06,,60.06,-0.74,0,0
2024-08-12,20240812,980756.ZHBK,2,1,60.06,,60.06,-0.75,0,0
2024-08-12,20240812,980362.ZHBK,2,1,80.08,,70.07,-0.77,0,0
2024-08-12,20240812,980338.ZHBK,2,1,60.06,,60.06,0.08,0,0
2024-08-12,20240812,980365.ZHBK,2,1,60.06,,50.05,-0.67,0,0
2024-08-12,20240812,980339.ZHBK,2,1,10.01,,0.0,-0.73,0,0
2024-08-12,20240812,980343.ZHBK,2,0,30.03,,30.03,-0.5,0,0
2024-08-12,20240812,980345.ZHBK,2,0,10.01,,-10.01,-1.65,0,0
2024-08-12,20240812,980357.ZHBK,2,0,30.03,,-70.06,0.21,0,0
2024-08-12,20240812,980368.ZHBK,2,1,10.01,,10.01,-0.36,0,0
2024-08-12,20240812,980372.ZHBK,2,1,20.02,,20.02,-0.55,0,0
2024-08-12,20240812,980378.ZHBK,2,1,40.04,,-80.08,-1.76,0,0
2024-08-12,20240812,980474.ZHBK,2,1,40.05,,40.05,-1.12,0,0
2024-08-09,20240809,980378.ZHBK,2,1,120.12,,60.03,1.04,0,0
2024-08-09,20240809,980357.ZHBK,2,0,100.09,,100.09,-0.35,0,0
2024-08-09,20240809,980336.ZHBK,2,1,10.01,,-10.01,-0.1,0,0
2024-08-09,20240809,980339.ZHBK,2,1,10.01,,10.01,-0.29,0,0
2024-08-09,20240809,980340.ZHBK,2,0,20.02,,20.02,-5.67,0,0
2024-08-09,20240809,980345.ZHBK,2,0,20.02,,-10.02,0.76,0,0
2024-08-09,20240809,980352.ZHBK,2,1,10.01,,-20.02,1.09,0,0
2024-08-09,20240809,980355.ZHBK,2,0,20.02,,20.02,-0.3,0,0
2024-08-09,20240809,980362.ZHBK,2,1,10.01,,-10.01,-0.14,0,0
2024-08-09,20240809,980364.ZHBK,2,1,10.01,,-10.01,0.44,0,0
2024-08-09,20240809,980365.ZHBK,2,1,10.01,,-10.02,-1.02,0,0
2024-08-09,20240809,980366.ZHBK,2,0,20.02,,10.0,-1.36,0,0
2024-08-09,20240809,980371.ZHBK,2,1,20.02,,10.01,2.34,0,0
2024-08-09,20240809,980376.ZHBK,2,0,10.01,,-20.04,-1.35,0,0
2024-08-09,20240809,980473.ZHBK,2,1,20.02,,10.01,-1.55,0,0
2024-08-09,20240809,980475.ZHBK,2,1,10.01,,0.0,0.7,0,0
2024-08-09,20240809,980750.ZHBK,2,1,10.01,,-10.01,-0.08,0,0
2024-08-09,20240809,980753.ZHBK,2,0,30.03,,9.99,-1.1,0,0
2024-08-08,20240808,980378.ZHBK,2,1,60.09,,20.04,-0.87,0,0
2024-08-08,20240808,980335.ZHBK,2,1,20.02,,20.02,0.56,0,0
2024-08-08,20240808,980336.ZHBK,2,1,20.02,,0.0,1.14,0,0
2024-08-08,20240808,980343.ZHBK,2,0,10.01,,0.0,-0.05,0,0
2024-08-08,20240808,980345.ZHBK,2,0,30.04,,10.01,-0.43,0,0
2024-08-08,20240808,980352.ZHBK,2,1,30.03,,10.01,0.58,0,0
2024-08-08,20240808,980362.ZHBK,2,1,20.02,,10.01,0.57,0,0
2024-08-08,20240808,980363.ZHBK,2,1,20.02,,10.01,1.77,0,0
2024-08-08,20240808,980364.ZHBK,2,1,20.02,,10.01,0.11,0,0
2024-08-08,20240808,980365.ZHBK,2,1,20.03,,-20.02,0.05,0,0
2024-08-08,20240808,980366.ZHBK,2,0,10.02,,-10.0,0.21,0,0
2024-08-08,20240808,980371.ZHBK,2,1,10.01,,10.01,-1.24,0,0
2024-08-08,20240808,980374.ZHBK,2,0,10.01,,-20.02,-0.17,0,0
2024-08-08,20240808,980376.ZHBK,2,0,30.05,,-30.01,2.53,0,0
2024-08-08,20240808,980473.ZHBK,2,1,10.01,,0.0,-0.91,0,0
2024-08-08,20240808,980475.ZHBK,2,1,10.01,,10.01,-0.44,0,0
2024-08-08,20240808,980750.ZHBK,2,1,20.02,,10.01,1.2,0,0
2024-08-08,20240808,980753.ZHBK,2,0,20.04,,-20.01,0.17,0,0
2024-08-07,20240807,980376.ZHBK,2,0,60.06,,50.05,1.53,0,0
2024-08-07,20240807,980336.ZHBK,2,1,20.02,,20.02,1.03,0,0
2024-08-07,20240807,980338.ZHBK,2,1,20.02,,-10.01,1.52,0,0
2024-08-07,20240807,980339.ZHBK,2,1,10.01,,0.0,-0.47,0,0
2024-08-07,20240807,980343.ZHBK,2,0,10.01,,-20.02,2.37,0,0
2024-08-07,20240807,980345.ZHBK,2,0,20.03,,-19.99,1.81,0,0
2024-08-07,20240807,980351.ZHBK,2,1,10.01,,10.01,2.98,0,0
2024-08-07,20240807,980352.ZHBK,2,1,20.02,,0.0,1.4,0,0
2024-08-07,20240807,980357.ZHBK,2,0,10.01,,-50.01,1.56,0,0
2024-08-07,20240807,980362.ZHBK,2,1,10.01,,10.01,1.05,0,0
2024-08-07,20240807,980363.ZHBK,2,1,10.01,,-20.0,2.61,0,0
2024-08-07,20240807,980364.ZHBK,2,1,10.01,,-30.01,1.86,0,0
2024-08-07,20240807,980365.ZHBK,2,1,40.05,,-40.01,2.1,0,0
2024-08-07,20240807,980366.ZHBK,2,0,20.02,,-20.01,1.87,0,0
2024-08-07,20240807,980372.ZHBK,2,1,30.04,,0.01,1.06,0,0
2024-08-07,20240807,980374.ZHBK,2,0,30.03,,0.01,1.85,0,0
2024-08-07,20240807,980378.ZHBK,2,1,40.05,,10.02,2.97,0,0
2024-08-07,20240807,980473.ZHBK,2,1,10.01,,-10.01,3.08,0,0
2024-08-07,20240807,980474.ZHBK,2,1,30.05,,10.04,2.5,0,0
2024-08-07,20240807,980750.ZHBK,2,1,10.01,,10.01,1.08,0,0
2024-08-07,20240807,980753.ZHBK,2,0,40.05,,0.01,2.02,0,0
2024-08-06,20240806,980365.ZHBK,2,1,80.06,,50.02,-2.97,0,0
2024-08-06,20240806,980357.ZHBK,2,0,60.02,,50.01,-4.69,0,0
2024-08-06,20240806,980338.ZHBK,2,1,30.03,,10.0,-1.64,0,0
2024-08-06,20240806,980339.ZHBK,2,1,10.01,,10.01,-0.96,0,0
2024-08-06,20240806,980340.ZHBK,2,0,20.02,,10.01,3.6,0,0
2024-08-06,20240806,980341.ZHBK,2,1,10.01,,10.01,-0.9,0,0
2024-08-06,20240806,980343.ZHBK,2,0,30.03,,10.01,-2.23,0,0
2024-08-06,20240806,980345.ZHBK,2,0,40.02,,-0.03,-1.06,0,0
2024-08-06,20240806,980352.ZHBK,2,1,20.02,,20.02,-0.66,0,0
2024-08-06,20240806,980353.ZHBK,2,0,10.01,,10.01,-2.27,0,0
2024-08-06,20240806,980355.ZHBK,2,0,30.03,,20.01,-0.75,0,0
2024-08-06,20240806,980358.ZHBK,2,1,10.01,,-10.01,-1.64,0,0
2024-08-06,20240806,980360.ZHBK,2,1,10.01,,10.01,-0.79,0,0
2024-08-06,20240806,980363.ZHBK,2,1,30.01,,9.99,-3.36,0,0
2024-08-06,20240806,980364.ZHBK,2,1,40.02,,30.01,-2.45,0,0
2024-08-06,20240806,980366.ZHBK,2,0,40.03,,20.01,-3.48,0,0
2024-08-06,20240806,980371.ZHBK,2,1,10.01,,10.01,-1.49,0,0
2024-08-06,20240806,980372.ZHBK,2,1,30.03,,0.0,-3.41,0,0
2024-08-06,20240806,980374.ZHBK,2,0,30.02,,-10.03,-0.93,0,0
2024-08-06,20240806,980376.ZHBK,2,0,10.01,,-20.02,-4.36,0,0
2024-08-06,20240806,980378.ZHBK,2,1,30.03,,0.0,-1.44,0,0
2024-08-06,20240806,980473.ZHBK,2,1,20.02,,-20.04,-0.17,0,0
2024-08-06,20240806,980474.ZHBK,2,1,20.01,,20.01,-2.84,0,0
2024-08-06,20240806,980475.ZHBK,2,1,10.0,,10.0,-1.49,0,0
2024-08-06,20240806,980753.ZHBK,2,0,40.04,,-0.01,-2.99,0,0
2024-08-05,20240805,980336.ZHBK,2,1,10.02,,0.01,-0.86,0,0
2024-08-05,20240805,980338.ZHBK,2,1,20.03,,0.01,-1.13,0,0
2024-08-05,20240805,980340.ZHBK,2,0,10.01,,10.01,-0.39,0,0
2024-08-05,20240805,980343.ZHBK,2,0,20.02,,10.0,0.44,0,0
2024-08-05,20240805,980345.ZHBK,2,0,40.05,,10.02,-0.29,0,0
2024-08-05,20240805,980351.ZHBK,2,1,10.02,,10.02,-0.25,0,0
2024-08-05,20240805,980355.ZHBK,2,0,10.02,,0.01,-1.17,0,0
2024-08-05,20240805,980357.ZHBK,2,0,10.01,,-0.01,-2.87,0,0
2024-08-05,20240805,980358.ZHBK,2,1,20.02,,20.02,-0.53,0,0
2024-08-05,20240805,980363.ZHBK,2,1,20.02,,20.02,-1.37,0,0
2024-08-05,20240805,980364.ZHBK,2,1,10.01,,10.01,-1.09,0,0
2024-08-05,20240805,980365.ZHBK,2,1,30.04,,-10.02,-1.95,0,0
2024-08-05,20240805,980366.ZHBK,2,0,20.02,,20.02,-2.32,0,0
2024-08-05,20240805,980372.ZHBK,2,1,30.03,,-0.01,-1.63,0,0
2024-08-05,20240805,980373.ZHBK,2,1,30.04,,30.04,-1.1,0,0
2024-08-05,20240805,980374.ZHBK,2,0,40.05,,30.04,-0.57,0,0
2024-08-05,20240805,980376.ZHBK,2,0,30.03,,20.02,-2.5,0,0
2024-08-05,20240805,980378.ZHBK,2,1,30.03,,9.96,0.99,0,0
2024-08-05,20240805,980473.ZHBK,2,1,40.06,,40.06,-0.79,0,0
2024-08-05,20240805,980753.ZHBK,2,0,40.05,,40.05,-2.27,0,0
2024-08-02,20240802,980336.ZHBK,2,1,10.01,,0.0,-0.38,0,0
2024-08-02,20240802,980338.ZHBK,2,1,20.02,,-40.03,0.64,0,0
2024-08-02,20240802,980339.ZHBK,2,1,10.01,,-20.0,0.53,0,0
2024-08-02,20240802,980343.ZHBK,2,0,10.02,,-30.02,0.5,0,0
2024-08-02,20240802,980345.ZHBK,2,0,30.03,,20.03,-0.29,0,0
2024-08-02,20240802,980352.ZHBK,2,1,10.01,,-10.0,0.62,0,0
2024-08-02,20240802,980355.ZHBK,2,0,10.01,,0.0,-0.2,0,0
2024-08-02,20240802,980357.ZHBK,2,0,10.02,,-40.03,0.54,0,0
2024-08-02,20240802,980362.ZHBK,2,1,20.02,,0.0,-0.39,0,0
2024-08-02,20240802,980365.ZHBK,2,1,40.06,,-20.0,0.59,0,0
2024-08-02,20240802,980372.ZHBK,2,1,30.04,,0.02,0.51,0,0
2024-08-02,20240802,980374.ZHBK,2,0,10.01,,10.01,-0.79,0,0
2024-08-02,20240802,980376.ZHBK,2,0,10.01,,-40.02,0.23,0,0
2024-08-02,20240802,980378.ZHBK,2,1,20.07,,10.06,0.06,0,0
2024-08-02,20240802,980474.ZHBK,2,1,10.03,,-9.99,-0.21,0,0
2024-08-02,20240802,980750.ZHBK,2,1,10.01,,0.0,-0.35,0,0
2024-08-01,20240801,980376.ZHBK,2,0,50.03,,40.0,2.52,0,0
2024-08-01,20240801,980338.ZHBK,2,1,60.05,,40.02,2.03,0,0
2024-08-01,20240801,980365.ZHBK,2,1,60.06,,60.06,3.72,0,0
2024-08-01,20240801,980357.ZHBK,2,0,50.05,,50.05,3.46,0,0
2024-08-01,20240801,980336.ZHBK,2,1,10.01,,-0.01,1.19,0,0
2024-08-01,20240801,980339.ZHBK,2,1,30.01,,9.99,1.85,0,0
2024-08-01,20240801,980341.ZHBK,2,1,10.01,,10.01,3.46,0,0
2024-08-01,20240801,980343.ZHBK,2,0,40.04,,30.03,3.47,0,0
2024-08-01,20240801,980345.ZHBK,2,0,10.0,,-10.02,2.44,0,0
2024-08-01,20240801,980352.ZHBK,2,1,20.01,,-0.01,2.4,0,0
2024-08-01,20240801,980353.ZHBK,2,0,10.01,,10.01,3.29,0,0
2024-08-01,20240801,980355.ZHBK,2,0,10.01,,-10.01,3.59,0,0
2024-08-01,20240801,980358.ZHBK,2,1,20.02,,-10.02,2.38,0,0
2024-08-01,20240801,980360.ZHBK,2,1,10.01,,10.01,4.67,0,0
2024-08-01,20240801,980362.ZHBK,2,1,20.02,,-0.01,1.6,0,0
2024-08-01,20240801,980364.ZHBK,2,1,10.01,,-10.03,3.51,0,0
2024-08-01,20240801,980366.ZHBK,2,0,30.03,,10.01,3.76,0,0
2024-08-01,20240801,980372.ZHBK,2,1,30.02,,-10.03,3.3,0,0
2024-08-01,20240801,980378.ZHBK,2,1,10.01,,-0.02,4.16,0,0
2024-08-01,20240801,980474.ZHBK,2,1,20.02,,20.02,3.39,0,0
2024-08-01,20240801,980750.ZHBK,2,1,10.01,,0.0,1.26,0,0
2024-08-01,20240801,980753.ZHBK,2,0,10.01,,0.0,3.59,0,0
2024-07-31,20240731,980372.ZHBK,2,1,40.05,,0.01,0.18,0,0
2024-07-31,20240731,980335.ZHBK,2,1,10.01,,10.01,-0.28,0,0
2024-07-31,20240731,980336.ZHBK,2,1,10.02,,-10.0,-0.05,0,0
2024-07-31,20240731,980338.ZHBK,2,1,20.03,,0.01,1.42,0,0
2024-07-31,20240731,980339.ZHBK,2,1,20.02,,20.02,0.73,0,0
2024-07-31,20240731,980340.ZHBK,2,0,10.01,,10.01,1.52,0,0
2024-07-31,20240731,980343.ZHBK,2,0,10.01,,0.0,1.02,0,0
2024-07-31,20240731,980345.ZHBK,2,0,20.02,,-10.01,0.84,0,0
2024-07-31,20240731,980352.ZHBK,2,1,20.02,,10.01,1.73,0,0
2024-07-31,20240731,980355.ZHBK,2,0,20.02,,-10.01,0.52,0,0
2024-07-31,20240731,980358.ZHBK,2,1,30.04,,0.01,1.8,0,0
2024-07-31,20240731,980362.ZHBK,2,1,20.03,,-10.0,0.08,0,0
2024-07-31,20240731,980363.ZHBK,2,1,10.01,,10.01,0.86,0,0
2024-07-31,20240731,980364.ZHBK,2,1,20.04,,10.03,0.48,0,0
2024-07-31,20240731,980366.ZHBK,2,0,20.02,,-10.01,0.68,0,0
2024-07-31,20240731,980374.ZHBK,2,0,10.01,,0.0,1.01,0,0
2024-07-31,20240731,980376.ZHBK,2,0,10.03,,10.03,0.56,0,0
2024-07-31,20240731,980378.ZHBK,2,1,10.03,,-20.0,0.45,0,0
2024-07-31,20240731,980473.ZHBK,2,1,10.02,,10.02,0.49,0,0
2024-07-31,20240731,980750.ZHBK,2,1,10.01,,-10.01,-0.0,0,0
2024-07-31,20240731,980753.ZHBK,2,0,10.01,,-20.02,0.83,0,0
2024-07-30,20240730,980357.ZHBK,2,0,70.07,,40.03,0.15,0,0
2024-07-30,20240730,980365.ZHBK,2,1,50.05,,-90.1,0.09,0,0
2024-07-30,20240730,980336.ZHBK,2,1,20.02,,20.02,0.47,0,0
2024-07-30,20240730,980338.ZHBK,2,1,20.02,,10.01,0.85,0,0
2024-07-30,20240730,980343.ZHBK,2,0,10.01,,0.0,0.6,0,0
2024-07-30,20240730,980345.ZHBK,2,0,30.03,,20.01,0.41,0,0
2024-07-30,20240730,980346.ZHBK,2,1,10.01,,10.01,0.09,0,0
2024-07-30,20240730,980352.ZHBK,2,1,10.01,,10.01,1.43,0,0
2024-07-30,20240730,980353.ZHBK,2,0,20.02,,10.01,0.36,0,0
2024-07-30,20240730,980355.ZHBK,2,0,30.03,,20.02,0.44,0,0
2024-07-30,20240730,980358.ZHBK,2,1,30.03,,20.02,-0.35,0,0
2024-07-30,20240730,980362.ZHBK,2,1,30.03,,20.02,0.36,0,0
2024-07-30,20240730,980364.ZHBK,2,1,10.01,,10.01,-0.31,0,0
2024-07-30,20240730,980366.ZHBK,2,0,30.03,,20.02,1.09,0,0
2024-07-30,20240730,980372.ZHBK,2,1,40.04,,-20.02,0.63,0,0
2024-07-30,20240730,980374.ZHBK,2,0,10.01,,10.01,0.16,0,0
2024-07-30,20240730,980378.ZHBK,2,1,30.03,,30.03,-0.69,0,0
2024-07-30,20240730,980474.ZHBK,2,1,10.01,,-10.01,-0.83,0,0
2024-07-30,20240730,980476.ZHBK,2,1,20.02,,20.02,0.38,0,0
2024-07-30,20240730,980750.ZHBK,2,1,20.02,,20.02,0.46,0,0
2024-07-30,20240730,980753.ZHBK,2,0,30.03,,20.02,0.84,0,0
2024-07-30,20240730,980756.ZHBK,2,1,10.01,,10.01,0.06,0,0
2024-07-29,20240729,980365.ZHBK,2,1,140.15,,60.07,2.66,0,0
2024-07-29,20240729,980372.ZHBK,2,1,60.06,,20.01,2.8,0,0
2024-07-29,20240729,980338.ZHBK,2,1,10.01,,10.01,1.11,0,0
2024-07-29,20240729,980343.ZHBK,2,0,10.01,,10.01,1.15,0,0
2024-07-29,20240729,980345.ZHBK,2,0,10.02,,0.0,0.91,0,0
2024-07-29,20240729,980353.ZHBK,2,0,10.01,,0.0,1.57,0,0
2024-07-29,20240729,980355.ZHBK,2,0,10.01,,0.0,1.59,0,0
2024-07-29,20240729,980357.ZHBK,2,0,30.04,,20.02,1.43,0,0
2024-07-29,20240729,980358.ZHBK,2,1,10.01,,10.01,0.78,0,0
2024-07-29,20240729,980362.ZHBK,2,1,10.01,,0.0,0.83,0,0
2024-07-29,20240729,980363.ZHBK,2,1,20.02,,10.01,4.16,0,0
2024-07-29,20240729,980366.ZHBK,2,0,10.01,,0.0,1.29,0,0
2024-07-29,20240729,980474.ZHBK,2,1,20.02,,0.0,1.32,0,0
2024-07-29,20240729,980753.ZHBK,2,0,10.01,,-10.01,1.34,0,0
2024-07-26,20240726,980365.ZHBK,2,1,80.08,,30.01,0.65,0,0
2024-07-26,20240726,980339.ZHBK,2,1,30.03,,10.0,1.26,0,0
2024-07-26,20240726,980345.ZHBK,2,0,10.02,,10.02,-0.07,0,0
2024-07-26,20240726,980346.ZHBK,2,1,10.01,,10.01,0.5,0,0
2024-07-26,20240726,980352.ZHBK,2,1,10.01,,0.0,1.05,0,0
2024-07-26,20240726,980353.ZHBK,2,0,10.01,,10.01,0.87,0,0
2024-07-26,20240726,980355.ZHBK,2,0,10.01,,10.01,0.97,0,0
2024-07-26,20240726,980357.ZHBK,2,0,10.02,,0.01,-0.81,0,0
2024-07-26,20240726,980362.ZHBK,2,1,10.01,,0.0,0.62,0,0
2024-07-26,20240726,980363.ZHBK,2,1,10.01,,10.01,0.31,0,0
2024-07-26,20240726,980364.ZHBK,2,1,10.01,,-10.01,0.72,0,0
2024-07-26,20240726,980366.ZHBK,2,0,10.01,,-0.05,0.36,0,0
2024-07-26,20240726,980371.ZHBK,2,1,10.01,,10.01,0.74,0,0
2024-07-26,20240726,980372.ZHBK,2,1,40.05,,30.04,1.04,0,0
2024-07-26,20240726,980376.ZHBK,2,0,10.01,,10.01,-0.51,0,0
2024-07-26,20240726,980378.ZHBK,2,1,10.01,,0.0,0.15,0,0
2024-07-26,20240726,980474.ZHBK,2,1,20.02,,10.0,1.73,0,0
2024-07-26,20240726,980476.ZHBK,2,1,10.01,,0.0,0.83,0,0
2024-07-26,20240726,980753.ZHBK,2,0,20.02,,9.96,0.34,0,0
2024-07-26,20240726,980756.ZHBK,2,1,10.01,,10.01,0.5,0,0
2024-07-25,20240725,980365.ZHBK,2,1,50.07,,30.04,-1.31,0,0
2024-07-25,20240725,980335.ZHBK,2,1,10.02,,0.01,-0.54,0,0
2024-07-25,20240725,980336.ZHBK,2,1,10.01,,0.0,0.42,0,0
2024-07-25,20240725,980338.ZHBK,2,1,10.01,,-10.02,-1.05,0,0
2024-07-25,20240725,980339.ZHBK,2,1,20.03,,10.02,-0.95,0,0
2024-07-25,20240725,980352.ZHBK,2,1,10.01,,10.01,-0.9,0,0
2024-07-25,20240725,980357.ZHBK,2,0,10.01,,-30.07,-1.85,0,0
2024-07-25,20240725,980358.ZHBK,2,1,10.01,,0.0,-2.22,0,0
2024-07-25,20240725,980362.ZHBK,2,1,10.01,,-0.02,-0.35,0,0
2024-07-25,20240725,980364.ZHBK,2,1,20.02,,10.01,-1.8,0,0
2024-07-25,20240725,980366.ZHBK,2,0,10.06,,-19.97,-2.14,0,0
2024-07-25,20240725,980368.ZHBK,2,1,10.01,,-0.01,-1.33,0,0
2024-07-25,20240725,980372.ZHBK,2,1,10.01,,-10.01,-2.66,0,0
2024-07-25,20240725,980378.ZHBK,2,1,10.01,,-0.01,-1.93,0,0
2024-07-25,20240725,980474.ZHBK,2,1,10.02,,10.02,-1.22,0,0
2024-07-25,20240725,980476.ZHBK,2,1,10.01,,-0.02,-1.28,0,0
2024-07-25,20240725,980750.ZHBK,2,1,10.01,,0.0,0.46,0,0
2024-07-25,20240725,980753.ZHBK,2,0,10.06,,-19.98,-2.01,0,0
2024-07-24,20240724,980335.ZHBK,2,1,10.01,,0.0,-2.39,0,0
2024-07-24,20240724,980336.ZHBK,2,1,10.01,,0.0,-0.77,0,0
2024-07-24,20240724,980338.ZHBK,2,1,20.03,,10.02,-1.1,0,0
2024-07-24,20240724,980339.ZHBK,2,1,10.01,,0.0,0.13,0,0
2024-07-24,20240724,980343.ZHBK,2,0,10.02,,10.02,-1.6,0,0
2024-07-24,20240724,980345.ZHBK,2,0,10.01,,-10.01,-1.06,0,0
2024-07-24,20240724,980357.ZHBK,2,0,40.08,,10.03,-3.39,0,0
2024-07-24,20240724,980358.ZHBK,2,1,10.01,,0.0,-1.01,0,0
2024-07-24,20240724,980362.ZHBK,2,1,10.03,,0.02,-0.81,0,0
2024-07-24,20240724,980364.ZHBK,2,1,10.01,,-0.01,-2.3,0,0
2024-07-24,20240724,980365.ZHBK,2,1,20.03,,-10.01,-2.13,0,0
2024-07-24,20240724,980366.ZHBK,2,0,30.03,,-0.01,-1.51,0,0
2024-07-24,20240724,980368.ZHBK,2,1,10.02,,10.02,-1.49,0,0
2024-07-24,20240724,980372.ZHBK,2,1,20.02,,-20.02,-1.46,0,0
2024-07-24,20240724,980376.ZHBK,2,0,10.01,,0.0,-2.24,0,0
2024-07-24,20240724,980378.ZHBK,2,1,10.02,,-10.0,-2.52,0,0
2024-07-24,20240724,980476.ZHBK,2,1,10.03,,-10.0,-0.58,0,0
2024-07-24,20240724,980750.ZHBK,2,1,10.01,,0.0,-0.83,0,0
2024-07-24,20240724,980753.ZHBK,2,0,30.04,,20.02,-1.77,0,0
2024-07-23,20240723,980335.ZHBK,2,1,10.01,,0.0,-0.71,0,0
2024-07-23,20240723,980336.ZHBK,2,1,10.01,,10.01,-0.1,0,0
2024-07-23,20240723,980338.ZHBK,2,1,10.01,,10.01,1.04,0,0
2024-07-23,20240723,980339.ZHBK,2,1,10.01,,-20.02,0.44,0,0
2024-07-23,20240723,980341.ZHBK,2,1,10.01,,0.0,-0.42,0,0
2024-07-23,20240723,980345.ZHBK,2,0,20.02,,10.01,-0.1,0,0
2024-07-23,20240723,980348.ZHBK,2,0,10.01,,10.01,0.5,0,0
2024-07-23,20240723,980352.ZHBK,2,1,10.01,,10.01,-0.16,0,0
2024-07-23,20240723,980355.ZHBK,2,0,20.02,,10.01,0.67,0,0
2024-07-23,20240723,980357.ZHBK,2,0,30.05,,0.01,0.63,0,0
2024-07-23,20240723,980358.ZHBK,2,1,10.01,,0.0,-0.28,0,0
2024-07-23,20240723,980360.ZHBK,2,1,10.01,,-0.01,0.13,0,0
2024-07-23,20240723,980362.ZHBK,2,1,10.01,,0.0,-0.05,0,0
2024-07-23,20240723,980364.ZHBK,2,1,10.02,,-10.0,-0.26,0,0
2024-07-23,20240723,980365.ZHBK,2,1,30.04,,-20.02,0.78,0,0
2024-07-23,20240723,980366.ZHBK,2,0,30.04,,-80.08,2.39,0,0
2024-07-23,20240723,980371.ZHBK,2,1,10.01,,10.01,-0.6,0,0
2024-07-23,20240723,980372.ZHBK,2,1,40.04,,40.04,0.1,0,0
2024-07-23,20240723,980376.ZHBK,2,0,10.01,,10.01,1.04,0,0
2024-07-23,20240723,980378.ZHBK,2,1,20.02,,0.0,0.66,0,0
2024-07-23,20240723,980474.ZHBK,2,1,20.05,,20.05,0.69,0,0
2024-07-23,20240723,980476.ZHBK,2,1,20.03,,10.01,0.11,0,0
2024-07-23,20240723,980750.ZHBK,2,1,10.01,,10.01,-0.09,0,0
2024-07-23,20240723,980753.ZHBK,2,0,10.02,,-90.09,2.18,0,0
2024-07-23,20240723,980756.ZHBK,2,1,10.02,,0.01,-0.19,0,0
2024-07-22,20240722,980366.ZHBK,2,0,110.12,,100.08,1.54,0,0
2024-07-22,20240722,980753.ZHBK,2,0,100.11,,90.07,1.77,0,0
2024-07-22,20240722,980365.ZHBK,2,1,50.06,,20.01,1.31,0,0
2024-07-22,20240722,980335.ZHBK,2,1,10.01,,0.0,-0.91,0,0
2024-07-22,20240722,980339.ZHBK,2,1,30.03,,20.02,-0.02,0,0
2024-07-22,20240722,980341.ZHBK,2,1,10.01,,10.01,0.17,0,0
2024-07-22,20240722,980345.ZHBK,2,0,10.01,,-0.01,-0.29,0,0
2024-07-22,20240722,980346.ZHBK,2,1,10.01,,10.01,-0.52,0,0
2024-07-22,20240722,980355.ZHBK,2,0,10.01,,-10.02,0.75,0,0
2024-07-22,20240722,980357.ZHBK,2,0,30.04,,-0.02,2.0,0,0
2024-07-22,20240722,980358.ZHBK,2,1,10.01,,0.0,-1.34,0,0
2024-07-22,20240722,980360.ZHBK,2,1,10.02,,0.01,0.42,0,0
2024-07-22,20240722,980362.ZHBK,2,1,10.01,,10.01,-0.18,0,0
2024-07-22,20240722,980364.ZHBK,2,1,20.02,,9.99,0.52,0,0
2024-07-22,20240722,980373.ZHBK,2,1,10.01,,-10.01,-0.18,0,0
2024-07-22,20240722,980378.ZHBK,2,1,20.02,,10.0,0.29,0,0
2024-07-22,20240722,980476.ZHBK,2,1,10.02,,0.0,0.23,0,0
2024-07-22,20240722,980756.ZHBK,2,1,10.01,,10.01,-0.41,0,0
2024-07-19,20240719,980365.ZHBK,2,1,30.05,,10.0,0.34,0,0
2024-07-19,20240719,980335.ZHBK,2,1,10.01,,0.0,0.55,0,0
2024-07-19,20240719,980338.ZHBK,2,1,10.01,,-30.03,-0.2,0,0
2024-07-19,20240719,980339.ZHBK,2,1,10.01,,0.0,0.88,0,0
2024-07-19,20240719,980340.ZHBK,2,0,10.02,,10.02,2.77,0,0
2024-07-19,20240719,980343.ZHBK,2,0,10.01,,-10.02,-0.28,0,0
2024-07-19,20240719,980345.ZHBK,2,0,10.02,,0.01,-0.11,0,0
2024-07-19,20240719,980353.ZHBK,2,0,10.01,,10.01,0.19,0,0
2024-07-19,20240719,980355.ZHBK,2,0,20.03,,20.03,-0.53,0,0
2024-07-19,20240719,980357.ZHBK,2,0,30.06,,20.03,-0.81,0,0
2024-07-19,20240719,980358.ZHBK,2,1,10.01,,-10.02,-0.25,0,0
2024-07-19,20240719,980360.ZHBK,2,1,10.01,,10.01,0.22,0,0
2024-07-19,20240719,980364.ZHBK,2,1,10.03,,-10.04,0.09,0,0
2024-07-19,20240719,980366.ZHBK,2,0,10.04,,10.04,-0.7,0,0
2024-07-19,20240719,980372.ZHBK,2,1,20.03,,10.02,-0.4,0,0
2024-07-19,20240719,980373.ZHBK,2,1,20.02,,10.01,-0.48,0,0
2024-07-19,20240719,980378.ZHBK,2,1,10.02,,-10.0,0.76,0,0
2024-07-19,20240719,980473.ZHBK,2,1,10.02,,10.02,0.24,0,0
2024-07-19,20240719,980476.ZHBK,2,1,10.02,,10.02,-0.05,0,0
2024-07-19,20240719,980753.ZHBK,2,0,10.04,,10.04,-0.7,0,0
2024-07-18,20240718,980364.ZHBK,2,1,20.07,,0.05,-1.25,0,0
2024-07-18,20240718,980335.ZHBK,2,1,10.01,,0.0,-1.63,0,0
2024-07-18,20240718,980338.ZHBK,2,1,40.04,,20.02,-0.18,0,0
2024-07-18,20240718,980339.ZHBK,2,1,10.01,,0.0,-0.3,0,0
2024-07-18,20240718,980343.ZHBK,2,0,20.03,,10.02,-0.84,0,0
2024-07-18,20240718,980345.ZHBK,2,0,10.01,,-20.04,0.14,0,0
2024-07-18,20240718,980352.ZHBK,2,1,10.01,,-20.02,1.17,0,0
2024-07-18,20240718,980357.ZHBK,2,0,10.03,,-20.03,-2.84,0,0
2024-07-18,20240718,980358.ZHBK,2,1,20.03,,10.02,0.32,0,0
2024-07-18,20240718,980365.ZHBK,2,1,20.05,,-20.0,-1.41,0,0
2024-07-18,20240718,980368.ZHBK,2,1,20.02,,20.02,0.19,0,0
2024-07-18,20240718,980371.ZHBK,2,1,10.01,,-10.01,0.36,0,0
2024-07-18,20240718,980372.ZHBK,2,1,10.01,,-30.03,-2.3,0,0
2024-07-18,20240718,980373.ZHBK,2,1,10.01,,10.01,-0.85,0,0
2024-07-18,20240718,980374.ZHBK,2,0,10.01,,10.01,0.6,0,0
2024-07-18,20240718,980378.ZHBK,2,1,20.02,,10.01,0.64,0,0
2024-07-18,20240718,980475.ZHBK,2,1,10.01,,10.01,-1.41,0,0
2024-07-17,20240717,980335.ZHBK,2,1,10.01,,10.01,0.65,0,0
2024-07-17,20240717,980336.ZHBK,2,1,10.01,,10.01,-0.16,0,0
2024-07-17,20240717,980338.ZHBK,2,1,20.02,,10.0,0.04,0,0
2024-07-17,20240717,980339.ZHBK,2,1,10.01,,0.0,0.14,0,0
2024-07-17,20240717,980340.ZHBK,2,0,20.02,,20.02,0.4,0,0
2024-07-17,20240717,980343.ZHBK,2,0,10.01,,10.01,-0.09,0,0
2024-07-17,20240717,980345.ZHBK,2,0,30.05,,0.02,0.02,0,0
2024-07-17,20240717,980352.ZHBK,2,1,30.03,,30.03,1.71,0,0
2024-07-17,20240717,980355.ZHBK,2,0,20.02,,20.02,-0.26,0,0
2024-07-17,20240717,980357.ZHBK,2,0,30.06,,-0.01,1.87,0,0
2024-07-17,20240717,980358.ZHBK,2,1,10.01,,10.01,-0.23,0,0
2024-07-17,20240717,980362.ZHBK,2,1,10.01,,10.01,-0.35,0,0
2024-07-17,20240717,980364.ZHBK,2,1,20.02,,20.02,-0.69,0,0
2024-07-17,20240717,980365.ZHBK,2,1,40.05,,40.05,0.15,0,0
2024-07-17,20240717,980366.ZHBK,2,0,20.03,,20.03,0.8,0,0
2024-07-17,20240717,980371.ZHBK,2,1,20.02,,20.02,-0.13,0,0
2024-07-17,20240717,980372.ZHBK,2,1,40.04,,10.0,0.24,0,0
2024-07-17,20240717,980378.ZHBK,2,1,10.01,,0.0,-0.41,0,0
2024-07-17,20240717,980473.ZHBK,2,1,30.03,,30.03,-0.4,0,0
2024-07-17,20240717,980474.ZHBK,2,1,10.01,,10.01,0.1,0,0
2024-07-17,20240717,980750.ZHBK,2,1,10.01,,10.01,-0.09,0,0
2024-07-17,20240717,980753.ZHBK,2,0,10.01,,10.01,0.86,0,0
2024-07-16,20240716,980338.ZHBK,2,1,10.02,,10.02,-1.51,0,0
2024-07-16,20240716,980339.ZHBK,2,1,10.01,,-10.01,-0.24,0,0
2024-07-16,20240716,980345.ZHBK,2,0,30.03,,0.0,-1.38,0,0
2024-07-16,20240716,980357.ZHBK,2,0,30.07,,0.04,-1.28,0,0
2024-07-16,20240716,980363.ZHBK,2,1,10.01,,-0.01,-0.77,0,0
2024-07-16,20240716,980368.ZHBK,2,1,10.01,,10.01,-1.41,0,0
2024-07-16,20240716,980372.ZHBK,2,1,30.04,,0.01,-1.53,0,0
2024-07-16,20240716,980374.ZHBK,2,0,20.02,,0.0,-1.57,0,0
2024-07-16,20240716,980376.ZHBK,2,0,20.03,,0.01,-1.85,0,0
2024-07-16,20240716,980378.ZHBK,2,1,10.01,,-0.01,-1.87,0,0
2024-07-15,20240715,980753.ZHBK,2,0,50.05,,10.01,-1.03,0,0
2024-07-15,20240715,980364.ZHBK,2,1,50.06,,50.06,-0.32,0,0
2024-07-15,20240715,980335.ZHBK,2,1,10.01,,10.01,-1.35,0,0
2024-07-15,20240715,980339.ZHBK,2,1,20.02,,10.01,-0.13,0,0
2024-07-15,20240715,980345.ZHBK,2,0,30.03,,10.0,0.02,0,0
2024-07-15,20240715,980357.ZHBK,2,0,30.03,,-20.02,-0.83,0,0
2024-07-15,20240715,980362.ZHBK,2,1,10.01,,0.0,-0.51,0,0
2024-07-15,20240715,980363.ZHBK,2,1,10.02,,-10.0,-0.56,0,0
2024-07-15,20240715,980365.ZHBK,2,1,30.04,,10.02,-0.68,0,0
2024-07-15,20240715,980366.ZHBK,2,0,40.04,,-10.02,-0.91,0,0
2024-07-15,20240715,980372.ZHBK,2,1,30.03,,10.0,0.63,0,0
2024-07-15,20240715,980374.ZHBK,2,0,20.02,,10.01,0.07,0,0
2024-07-15,20240715,980376.ZHBK,2,0,20.02,,10.01,-1.01,0,0
2024-07-15,20240715,980378.ZHBK,2,1,10.02,,0.01,0.39,0,0
2024-07-15,20240715,980474.ZHBK,2,1,20.02,,9.99,0.18,0,0
2024-07-12,20240712,980366.ZHBK,2,0,50.06,,-19.99,2.91,0,0
2024-07-12,20240712,980357.ZHBK,2,0,50.05,,-160.07,3.1,0,0
2024-07-12,20240712,980339.ZHBK,2,1,10.01,,0.0,2.06,0,0
2024-07-12,20240712,980345.ZHBK,2,0,20.03,,10.02,3.01,0,0
2024-07-12,20240712,980352.ZHBK,2,1,10.01,,10.01,3.71,0,0
2024-07-12,20240712,980353.ZHBK,2,0,10.01,,-10.0,3.42,0,0
2024-07-12,20240712,980355.ZHBK,2,0,10.01,,-20.01,2.32,0,0
2024-07-12,20240712,980362.ZHBK,2,1,10.01,,10.01,2.45,0,0
2024-07-12,20240712,980363.ZHBK,2,1,20.02,,10.01,3.05,0,0
2024-07-12,20240712,980365.ZHBK,2,1,20.02,,-50.02,3.56,0,0
2024-07-12,20240712,980371.ZHBK,2,1,10.01,,10.01,2.49,0,0
2024-07-12,20240712,980372.ZHBK,2,1,20.03,,0.03,3.12,0,0
2024-07-12,20240712,980374.ZHBK,2,0,10.01,,0.0,2.77,0,0
2024-07-12,20240712,980376.ZHBK,2,0,10.01,,-10.0,2.53,0,0
2024-07-12,20240712,980378.ZHBK,2,1,10.01,,-20.01,3.07,0,0
2024-07-12,20240712,980474.ZHBK,2,1,10.03,,-9.99,3.48,0,0
2024-07-12,20240712,980753.ZHBK,2,0,40.04,,-30.0,2.82,0,0
2024-07-11,20240711,980357.ZHBK,2,0,210.12,,150.06,0.05,0,0
2024-07-11,20240711,980366.ZHBK,2,0,70.05,,9.99,-0.02,0,0
2024-07-11,20240711,980753.ZHBK,2,0,70.04,,50.02,-0.53,0,0
2024-07-11,20240711,980365.ZHBK,2,1,70.04,,30.0,-0.62,0,0
2024-07-11,20240711,980364.ZHBK,2,1,50.03,,20.0,-1.05,0,0
2024-07-11,20240711,980338.ZHBK,2,1,20.02,,-0.01,-1.41,0,0
2024-07-11,20240711,980339.ZHBK,2,1,10.01,,-30.03,-0.38,0,0
2024-07-11,20240711,980345.ZHBK,2,0,10.01,,10.01,-1.31,0,0
2024-07-11,20240711,980346.ZHBK,2,1,10.01,,10.01,-1.72,0,0
2024-07-11,20240711,980353.ZHBK,2,0,20.01,,20.01,-1.29,0,0
2024-07-11,20240711,980355.ZHBK,2,0,30.02,,30.02,-1.59,0,0
2024-07-11,20240711,980363.ZHBK,2,1,10.01,,0.0,-0.34,0,0
2024-07-11,20240711,980372.ZHBK,2,1,20.0,,-20.04,0.95,0,0
2024-07-11,20240711,980373.ZHBK,2,1,10.01,,10.01,-1.49,0,0
2024-07-11,20240711,980374.ZHBK,2,0,10.01,,10.01,-1.58,0,0
2024-07-11,20240711,980376.ZHBK,2,0,20.01,,20.01,-0.75,0,0
2024-07-11,20240711,980378.ZHBK,2,1,30.02,,20.01,-0.62,0,0
2024-07-11,20240711,980474.ZHBK,2,1,20.02,,20.02,-1.08,0,0
2024-07-11,20240711,980756.ZHBK,2,1,10.01,,10.01,-1.64,0,0
2024-07-10,20240710,980366.ZHBK,2,0,60.06,,20.0,2.01,0,0
2024-07-10,20240710,980357.ZHBK,2,0,60.06,,-10.01,4.76,0,0
2024-07-10,20240710,980335.ZHBK,2,1,10.01,,10.01,1.42,0,0
2024-07-10,20240710,980338.ZHBK,2,1,20.03,,20.03,0.29,0,0
2024-07-10,20240710,980339.ZHBK,2,1,40.04,,30.03,1.75,0,0
2024-07-10,20240710,980343.ZHBK,2,0,10.02,,0.01,0.98,0,0
2024-07-10,20240710,980358.ZHBK,2,1,10.01,,10.01,-0.01,0,0
2024-07-10,20240710,980363.ZHBK,2,1,10.01,,10.01,1.8,0,0
2024-07-10,20240710,980364.ZHBK,2,1,30.03,,-10.01,1.81,0,0
2024-07-10,20240710,980365.ZHBK,2,1,40.04,,30.01,2.14,0,0
2024-07-10,20240710,980372.ZHBK,2,1,40.04,,40.04,2.84,0,0
2024-07-10,20240710,980378.ZHBK,2,1,10.01,,-0.01,0.06,0,0
2024-07-10,20240710,980473.ZHBK,2,1,10.01,,0.0,0.72,0,0
2024-07-10,20240710,980753.ZHBK,2,0,20.02,,-10.02,1.83,0,0
2024-07-09,20240709,980357.ZHBK,2,0,70.07,,40.03,-1.67,0,0
2024-07-09,20240709,980339.ZHBK,2,1,10.01,,10.01,-1.96,0,0
2024-07-09,20240709,980343.ZHBK,2,0,10.01,,-10.01,-2.85,0,0
2024-07-09,20240709,980362.ZHBK,2,1,10.01,,10.01,-1.7,0,0
2024-07-09,20240709,980364.ZHBK,2,1,40.04,,-0.01,-2.32,0,0
2024-07-09,20240709,980365.ZHBK,2,1,10.03,,0.0,-3.01,0,0
2024-07-09,20240709,980366.ZHBK,2,0,40.06,,30.03,-3.79,0,0
2024-07-09,20240709,980373.ZHBK,2,1,10.01,,0.0,-2.93,0,0
2024-07-09,20240709,980378.ZHBK,2,1,10.02,,-20.02,-3.12,0,0
2024-07-09,20240709,980473.ZHBK,2,1,10.01,,0.0,-1.8,0,0
2024-07-09,20240709,980474.ZHBK,2,1,10.02,,-10.01,-2.44,0,0
2024-07-09,20240709,980476.ZHBK,2,1,10.01,,0.0,-2.35,0,0
2024-07-09,20240709,980753.ZHBK,2,0,30.04,,20.01,-3.55,0,0
2024-07-08,20240708,980343.ZHBK,2,0,20.02,,20.02,1.61,0,0
2024-07-08,20240708,980357.ZHBK,2,0,30.04,,30.04,0.2,0,0
2024-07-08,20240708,980364.ZHBK,2,1,40.05,,30.03,0.94,0,0
2024-07-08,20240708,980365.ZHBK,2,1,10.03,,-40.05,0.88,0,0
2024-07-08,20240708,980366.ZHBK,2,0,10.03,,-0.02,1.53,0,0
2024-07-08,20240708,980372.ZHBK,2,1,10.03,,10.03,0.44,0,0
2024-07-08,20240708,980373.ZHBK,2,1,10.01,,10.01,1.05,0,0
2024-07-08,20240708,980376.ZHBK,2,0,10.01,,0.0,1.01,0,0
2024-07-08,20240708,980378.ZHBK,2,1,30.04,,20.01,3.43,0,0
2024-07-08,20240708,980473.ZHBK,2,1,10.01,,10.01,0.63,0,0
2024-07-08,20240708,980474.ZHBK,2,1,20.03,,-10.02,0.62,0,0
2024-07-08,20240708,980476.ZHBK,2,1,10.01,,10.01,0.92,0,0
2024-07-08,20240708,980477.ZHBK,2,1,10.01,,0.0,1.82,0,0
2024-07-08,20240708,980753.ZHBK,2,0,10.03,,0.01,1.71,0,0
2024-07-05,20240705,980365.ZHBK,2,1,50.08,,10.04,-2.38,0,0
2024-07-05,20240705,980338.ZHBK,2,1,10.01,,-30.03,-2.57,0,0
2024-07-05,20240705,980364.ZHBK,2,1,10.02,,-20.01,-2.54,0,0
2024-07-05,20240705,980366.ZHBK,2,0,10.05,,-50.01,-2.89,0,0
2024-07-05,20240705,980376.ZHBK,2,0,10.01,,0.0,-2.64,0,0
2024-07-05,20240705,980378.ZHBK,2,1,10.03,,-9.99,-3.01,0,0
2024-07-05,20240705,980474.ZHBK,2,1,30.05,,0.02,-2.39,0,0
2024-07-05,20240705,980477.ZHBK,2,1,10.01,,10.01,-3.11,0,0
2024-07-05,20240705,980753.ZHBK,2,0,10.02,,-40.03,-3.03,0,0
2024-07-04,20240704,980372.ZHBK,2,1,50.05,,10.0,-0.86,0,0
2024-07-04,20240704,980366.ZHBK,2,0,60.06,,9.98,-2.03,0,0
2024-07-04,20240704,980753.ZHBK,2,0,50.05,,9.99,-1.75,0,0
2024-07-04,20240704,980338.ZHBK,2,1,40.04,,10.0,0.22,0,0
2024-07-04,20240704,980340.ZHBK,2,0,10.01,,0.0,1.46,0,0
2024-07-04,20240704,980343.ZHBK,2,0,20.02,,20.02,-1.31,0,0
2024-07-04,20240704,980345.ZHBK,2,0,20.02,,10.01,0.69,0,0
2024-07-04,20240704,980357.ZHBK,2,0,40.04,,20.02,-0.49,0,0
2024-07-04,20240704,980358.ZHBK,2,1,20.02,,0.0,0.4,0,0
2024-07-04,20240704,980362.ZHBK,2,1,20.02,,10.01,-0.91,0,0
2024-07-04,20240704,980363.ZHBK,2,1,20.02,,20.02,-1.71,0,0
2024-07-04,20240704,980364.ZHBK,2,1,30.03,,20.02,-0.53,0,0
2024-07-04,20240704,980365.ZHBK,2,1,40.04,,20.01,-1.36,0,0
2024-07-04,20240704,980373.ZHBK,2,1,10.01,,-10.01,-0.57,0,0
2024-07-04,20240704,980374.ZHBK,2,0,20.02,,20.02,1.92,0,0
2024-07-04,20240704,980376.ZHBK,2,0,10.01,,10.01,-2.04,0,0
2024-07-04,20240704,980378.ZHBK,2,1,20.02,,-20.03,-0.95,0,0
2024-07-04,20240704,980473.ZHBK,2,1,10.01,,0.0,0.05,0,0
2024-07-04,20240704,980474.ZHBK,2,1,30.03,,0.0,-1.45,0,0
2024-07-04,20240704,980476.ZHBK,2,1,10.01,,0.0,-0.92,0,0
2024-07-03,20240703,980366.ZHBK,2,0,50.08,,-40.01,2.07,0,0
2024-07-03,20240703,980338.ZHBK,2,1,30.04,,20.03,0.8,0,0
2024-07-03,20240703,980340.ZHBK,2,0,10.01,,0.0,1.04,0,0
2024-07-03,20240703,980345.ZHBK,2,0,10.01,,10.01,0.73,0,0
2024-07-03,20240703,980346.ZHBK,2,1,10.01,,10.01,0.71,0,0
2024-07-03,20240703,980352.ZHBK,2,1,10.01,,-10.01,2.15,0,0
2024-07-03,20240703,980357.ZHBK,2,0,20.02,,-0.02,-1.18,0,0
2024-07-03,20240703,980358.ZHBK,2,1,20.02,,0.0,0.02,0,0
2024-07-03,20240703,980362.ZHBK,2,1,10.01,,10.01,0.49,0,0
2024-07-03,20240703,980364.ZHBK,2,1,10.01,,-0.01,-0.31,0,0
2024-07-03,20240703,980365.ZHBK,2,1,20.03,,-10.0,-0.46,0,0
2024-07-03,20240703,980368.ZHBK,2,1,10.01,,0.0,0.38,0,0
2024-07-03,20240703,980371.ZHBK,2,1,10.01,,-0.01,0.54,0,0
2024-07-03,20240703,980372.ZHBK,2,1,40.05,,20.02,-0.4,0,0
2024-07-03,20240703,980373.ZHBK,2,1,20.02,,10.01,0.33,0,0
2024-07-03,20240703,980378.ZHBK,2,1,40.05,,20.03,0.06,0,0
2024-07-03,20240703,980473.ZHBK,2,1,10.01,,-10.01,0.17,0,0
2024-07-03,20240703,980474.ZHBK,2,1,30.03,,20.02,-0.47,0,0
2024-07-03,20240703,980476.ZHBK,2,1,10.01,,10.01,0.43,0,0
2024-07-03,20240703,980477.ZHBK,2,1,10.01,,0.0,0.02,0,0
2024-07-03,20240703,980753.ZHBK,2,0,40.06,,-50.03,2.01,0,0
2024-07-03,20240703,980756.ZHBK,2,1,10.01,,10.01,0.63,0,0
2024-07-02,20240702,980366.ZHBK,2,0,90.09,,80.08,-0.02,0,0
2024-07-02,20240702,980753.ZHBK,2,0,90.09,,70.07,0.01,0,0
2024-07-02,20240702,980336.ZHBK,2,1,10.02,,10.02,2.22,0,0
2024-07-02,20240702,980338.ZHBK,2,1,10.01,,-20.02,1.69,0,0
2024-07-02,20240702,980340.ZHBK,2,0,10.01,,-10.01,1.13,0,0
2024-07-02,20240702,980343.ZHBK,2,0,10.01,,-10.01,1.2,0,0
2024-07-02,20240702,980352.ZHBK,2,1,20.02,,10.01,1.48,0,0
2024-07-02,20240702,980353.ZHBK,2,0,10.02,,10.02,1.15,0,0
2024-07-02,20240702,980357.ZHBK,2,0,20.04,,-40.02,-0.91,0,0
2024-07-02,20240702,980358.ZHBK,2,1,20.02,,0.0,2.69,0,0
2024-07-02,20240702,980363.ZHBK,2,1,10.01,,10.01,-0.88,0,0
2024-07-02,20240702,980364.ZHBK,2,1,10.02,,0.01,1.49,0,0
2024-07-02,20240702,980365.ZHBK,2,1,30.03,,0.0,0.14,0,0
2024-07-02,20240702,980368.ZHBK,2,1,10.01,,0.0,1.78,0,0
2024-07-02,20240702,980371.ZHBK,2,1,10.02,,10.02,2.08,0,0
2024-07-02,20240702,980372.ZHBK,2,1,20.03,,-10.0,0.82,0,0
2024-07-02,20240702,980373.ZHBK,2,1,10.01,,0.0,1.11,0,0
2024-07-02,20240702,980378.ZHBK,2,1,20.02,,0.0,0.89,0,0
2024-07-02,20240702,980473.ZHBK,2,1,20.02,,-10.01,0.63,0,0
2024-07-02,20240702,980474.ZHBK,2,1,10.01,,-30.04,0.41,0,0
2024-07-02,20240702,980477.ZHBK,2,1,10.01,,0.0,0.96,0,0
2024-07-01,20240701,980357.ZHBK,2,0,60.06,,50.02,1.74,0,0
2024-07-01,20240701,980338.ZHBK,2,1,30.03,,20.02,-0.04,0,0
2024-07-01,20240701,980340.ZHBK,2,0,20.02,,20.02,-0.73,0,0
2024-07-01,20240701,980343.ZHBK,2,0,20.02,,10.0,0.05,0,0
2024-07-01,20240701,980346.ZHBK,2,1,20.02,,20.02,0.03,0,0
2024-07-01,20240701,980352.ZHBK,2,1,10.01,,10.01,0.24,0,0
2024-07-01,20240701,980355.ZHBK,2,0,20.02,,20.02,-0.82,0,0
2024-07-01,20240701,980358.ZHBK,2,1,20.02,,0.0,-1.0,0,0
2024-07-01,20240701,980364.ZHBK,2,1,10.01,,10.01,0.17,0,0
2024-07-01,20240701,980365.ZHBK,2,1,30.03,,-10.03,0.84,0,0
2024-07-01,20240701,980366.ZHBK,2,0,10.01,,-20.03,-0.7,0,0
2024-07-01,20240701,980368.ZHBK,2,1,10.01,,10.01,-0.46,0,0
2024-07-01,20240701,980372.ZHBK,2,1,30.03,,30.03,0.45,0,0
2024-07-01,20240701,980373.ZHBK,2,1,10.01,,-10.01,-0.06,0,0
2024-07-01,20240701,980376.ZHBK,2,0,20.02,,20.02,1.17,0,0
2024-07-01,20240701,980378.ZHBK,2,1,20.02,,9.99,-0.54,0,0
2024-07-01,20240701,980473.ZHBK,2,1,30.03,,30.03,-0.22,0,0
2024-07-01,20240701,980474.ZHBK,2,1,40.05,,20.01,1.37,0,0
2024-07-01,20240701,980477.ZHBK,2,1,10.01,,0.0,-0.18,0,0
2024-07-01,20240701,980753.ZHBK,2,0,20.02,,-10.03,-0.69,0,0
2024-07-01,20240701,980756.ZHBK,2,1,20.02,,20.02,0.06,0,0
2024-06-28,20240628,980338.ZHBK,2,1,10.01,,-10.01,-1.28,0,0
2024-06-28,20240628,980343.ZHBK,2,0,10.02,,0.01,-1.28,0,0
2024-06-28,20240628,980357.ZHBK,2,0,10.04,,-10.0,-1.94,0,0
2024-06-28,20240628,980358.ZHBK,2,1,20.02,,9.99,-1.57,0,0
2024-06-28,20240628,980363.ZHBK,2,1,10.02,,10.02,-1.97,0,0
2024-06-28,20240628,980365.ZHBK,2,1,40.06,,20.01,-1.58,0,0
2024-06-28,20240628,980366.ZHBK,2,0,30.04,,10.0,-1.46,0,0
2024-06-28,20240628,980373.ZHBK,2,1,20.02,,20.02,-1.64,0,0
2024-06-28,20240628,980378.ZHBK,2,1,10.03,,10.03,-2.37,0,0
2024-06-28,20240628,980474.ZHBK,2,1,20.04,,-10.0,-1.88,0,0
2024-06-28,20240628,980477.ZHBK,2,1,10.01,,10.01,-1.75,0,0
2024-06-28,20240628,980753.ZHBK,2,0,30.05,,-10.01,-1.42,0,0
2024-06-27,20240627,980338.ZHBK,2,1,20.02,,10.01,2.04,0,0
2024-06-27,20240627,980343.ZHBK,2,0,10.01,,0.0,2.73,0,0
2024-06-27,20240627,980348.ZHBK,2,0,10.01,,10.01,5.13,0,0
2024-06-27,20240627,980353.ZHBK,2,0,10.01,,10.01,3.61,0,0
2024-06-27,20240627,980355.ZHBK,2,0,20.02,,20.02,4.71,0,0
2024-06-27,20240627,980357.ZHBK,2,0,20.04,,-20.05,3.63,0,0
2024-06-27,20240627,980358.ZHBK,2,1,10.03,,10.03,0.6,0,0
2024-06-27,20240627,980365.ZHBK,2,1,20.05,,0.03,3.03,0,0
2024-06-27,20240627,980366.ZHBK,2,0,20.04,,10.0,4.67,0,0
2024-06-27,20240627,980372.ZHBK,2,1,10.02,,-30.04,2.54,0,0
2024-06-27,20240627,980376.ZHBK,2,0,10.01,,10.01,3.68,0,0
2024-06-27,20240627,980474.ZHBK,2,1,30.04,,20.03,2.96,0,0
2024-06-27,20240627,980753.ZHBK,2,0,40.06,,30.02,4.9,0,0
2024-06-26,20240626,980372.ZHBK,2,1,40.06,,0.02,0.93,0,0
2024-06-26,20240626,980357.ZHBK,2,0,40.09,,-40.01,-2.48,0,0
2024-06-26,20240626,980338.ZHBK,2,1,10.01,,-20.02,-0.37,0,0
2024-06-26,20240626,980343.ZHBK,2,0,10.01,,0.0,-0.42,0,0
2024-06-26,20240626,980364.ZHBK,2,1,10.02,,10.02,0.67,0,0
2024-06-26,20240626,980365.ZHBK,2,1,20.02,,-0.01,0.63,0,0
2024-06-26,20240626,980366.ZHBK,2,0,10.04,,-40.02,-1.26,0,0
2024-06-26,20240626,980378.ZHBK,2,1,10.01,,0.0,-0.11,0,0
2024-06-26,20240626,980474.ZHBK,2,1,10.01,,-0.01,-0.37,0,0
2024-06-26,20240626,980753.ZHBK,2,0,10.04,,-20.0,-1.24,0,0
2024-06-25,20240625,980357.ZHBK,2,0,80.1,,40.02,-3.96,0,0
2024-06-25,20240625,980366.ZHBK,2,0,50.06,,50.06,-3.88,0,0
2024-06-25,20240625,980338.ZHBK,2,1,30.03,,10.0,-3.31,0,0
2024-06-25,20240625,980343.ZHBK,2,0,10.01,,-0.02,-4.56,0,0
2024-06-25,20240625,980365.ZHBK,2,1,20.03,,10.01,-4.1,0,0
2024-06-25,20240625,980368.ZHBK,2,1,10.01,,10.01,-2.98,0,0
2024-06-25,20240625,980372.ZHBK,2,1,40.04,,20.02,-4.03,0,0
2024-06-25,20240625,980376.ZHBK,2,0,10.01,,0.0,-4.02,0,0
2024-06-25,20240625,980378.ZHBK,2,1,10.01,,0.0,-3.86,0,0
2024-06-25,20240625,980474.ZHBK,2,1,10.02,,0.01,-3.75,0,0
2024-06-25,20240625,980753.ZHBK,2,0,30.04,,30.04,-3.87,0,0
2024-06-24,20240624,980335.ZHBK,2,1,10.01,,10.01,-0.28,0,0
2024-06-24,20240624,980338.ZHBK,2,1,20.03,,-0.02,1.16,0,0
2024-06-24,20240624,980343.ZHBK,2,0,10.03,,10.03,1.52,0,0
2024-06-24,20240624,980345.ZHBK,2,0,30.03,,20.02,-0.36,0,0
2024-06-24,20240624,980346.ZHBK,2,1,10.01,,10.01,-0.32,0,0
2024-06-24,20240624,980352.ZHBK,2,1,10.01,,10.01,-0.97,0,0
2024-06-24,20240624,980357.ZHBK,2,0,40.08,,10.04,-0.63,0,0
2024-06-24,20240624,980358.ZHBK,2,1,20.02,,20.02,-0.38,0,0
2024-06-24,20240624,980362.ZHBK,2,1,10.01,,0.0,-0.02,0,0
2024-06-24,20240624,980363.ZHBK,2,1,10.01,,10.01,-0.29,0,0
2024-06-24,20240624,980364.ZHBK,2,1,30.05,,10.03,-0.32,0,0
2024-06-24,20240624,980365.ZHBK,2,1,10.02,,10.02,-0.8,0,0
2024-06-24,20240624,980371.ZHBK,2,1,20.02,,20.02,0.56,0,0
2024-06-24,20240624,980372.ZHBK,2,1,20.02,,0.0,0.28,0,0
2024-06-24,20240624,980374.ZHBK,2,0,10.01,,10.01,-0.46,0,0
2024-06-24,20240624,980376.ZHBK,2,0,10.01,,-0.01,-0.11,0,0
2024-06-24,20240624,980378.ZHBK,2,1,10.01,,-10.02,0.52,0,0
2024-06-24,20240624,980474.ZHBK,2,1,10.01,,10.01,-0.84,0,0
2024-06-24,20240624,980476.ZHBK,2,1,10.01,,10.01,0.16,0,0
2024-06-24,20240624,980756.ZHBK,2,1,10.01,,10.01,-0.05,0,0
2024-06-21,20240621,980338.ZHBK,2,1,20.05,,20.05,-2.44,0,0
2024-06-21,20240621,980345.ZHBK,2,0,10.01,,10.01,-2.52,0,0
2024-06-21,20240621,980357.ZHBK,2,0,30.04,,-30.05,-1.09,0,0
2024-06-21,20240621,980362.ZHBK,2,1,10.01,,10.01,-1.79,0,0
2024-06-21,20240621,980364.ZHBK,2,1,20.02,,-0.02,-2.23,0,0
2024-06-21,20240621,980372.ZHBK,2,1,20.02,,0.0,-2.34,0,0
2024-06-21,20240621,980373.ZHBK,2,1,10.01,,0.0,-2.35,0,0
2024-06-21,20240621,980376.ZHBK,2,0,10.02,,0.01,-2.37,0,0
2024-06-21,20240621,980378.ZHBK,2,1,20.03,,0.0,-1.2,0,0
2024-06-21,20240621,980753.ZHBK,2,0,10.06,,-60.01,-1.97,0,0
2024-06-20,20240620,980366.ZHBK,2,0,70.07,,-20.03,0.5,0,0
2024-06-20,20240620,980753.ZHBK,2,0,70.07,,40.03,-0.13,0,0
2024-06-20,20240620,980357.ZHBK,2,0,60.09,,-30.01,-0.51,0,0
2024-06-20,20240620,980335.ZHBK,2,1,10.01,,-10.01,0.17,0,0
2024-06-20,20240620,980339.ZHBK,2,1,10.01,,10.01,-0.49,0,0
2024-06-20,20240620,980352.ZHBK,2,1,10.01,,0.0,-0.01,0,0
2024-06-20,20240620,980353.ZHBK,2,0,10.02,,-10.0,-0.9,0,0
2024-06-20,20240620,980355.ZHBK,2,0,10.01,,0.0,-1.13,0,0
2024-06-20,20240620,980358.ZHBK,2,1,20.02,,20.02,-1.03,0,0
2024-06-20,20240620,980364.ZHBK,2,1,20.04,,10.02,-0.45,0,0
2024-06-20,20240620,980365.ZHBK,2,1,10.02,,-30.02,-0.48,0,0
2024-06-20,20240620,980372.ZHBK,2,1,20.02,,10.01,-1.01,0,0
2024-06-20,20240620,980373.ZHBK,2,1,10.01,,10.01,-0.39,0,0
2024-06-20,20240620,980376.ZHBK,2,0,10.01,,-20.02,-0.42,0,0
2024-06-20,20240620,980378.ZHBK,2,1,20.03,,-10.0,-1.0,0,0
2024-06-20,20240620,980474.ZHBK,2,1,10.02,,10.02,-1.98,0,0
2024-06-20,20240620,980477.ZHBK,2,1,10.01,,10.01,-0.94,0,0
2024-06-19,20240619,980366.ZHBK,2,0,90.1,,70.08,2.84,0,0
2024-06-19,20240619,980357.ZHBK,2,0,90.1,,20.03,0.99,0,0
2024-06-19,20240619,980335.ZHBK,2,1,20.02,,10.01,0.85,0,0
2024-06-19,20240619,980338.ZHBK,2,1,20.02,,10.01,0.8,0,0
2024-06-19,20240619,980343.ZHBK,2,0,20.02,,10.01,1.36,0,0
2024-06-19,20240619,980345.ZHBK,2,0,20.02,,20.02,0.8,0,0
2024-06-19,20240619,980352.ZHBK,2,1,10.01,,-30.03,1.34,0,0
2024-06-19,20240619,980353.ZHBK,2,0,20.02,,10.01,1.01,0,0
2024-06-19,20240619,980355.ZHBK,2,0,10.01,,10.01,0.82,0,0
2024-06-19,20240619,980364.ZHBK,2,1,10.02,,-30.03,1.45,0,0
2024-06-19,20240619,980365.ZHBK,2,1,40.04,,9.99,2.07,0,0
2024-06-19,20240619,980368.ZHBK,2,1,10.01,,0.0,0.81,0,0
2024-06-19,20240619,980372.ZHBK,2,1,10.01,,-10.01,2.66,0,0
2024-06-19,20240619,980376.ZHBK,2,0,30.03,,0.0,2.56,0,0
2024-06-19,20240619,980378.ZHBK,2,1,30.03,,10.0,0.03,0,0
2024-06-19,20240619,980475.ZHBK,2,1,10.01,,0.0,1.12,0,0
2024-06-19,20240619,980753.ZHBK,2,0,30.04,,10.02,2.29,0,0
2024-06-18,20240618,980357.ZHBK,2,0,70.07,,9.99,1.66,0,0
2024-06-18,20240618,980335.ZHBK,2,1,10.01,,10.01,-1.43,0,0
2024-06-18,20240618,980338.ZHBK,2,1,10.01,,10.01,-0.67,0,0
2024-06-18,20240618,980343.ZHBK,2,0,10.01,,10.01,-0.52,0,0
2024-06-18,20240618,980352.ZHBK,2,1,40.04,,20.02,-0.36,0,0
2024-06-18,20240618,980353.ZHBK,2,0,10.01,,0.0,-1.17,0,0
2024-06-18,20240618,980358.ZHBK,2,1,10.01,,-10.01,-1.71,0,0
2024-06-18,20240618,980363.ZHBK,2,1,10.01,,10.01,-0.23,0,0
2024-06-18,20240618,980364.ZHBK,2,1,40.05,,10.02,-0.63,0,0
2024-06-18,20240618,980365.ZHBK,2,1,30.05,,20.03,-0.33,0,0
2024-06-18,20240618,980366.ZHBK,2,0,20.02,,-40.08,-0.3,0,0
2024-06-18,20240618,980368.ZHBK,2,1,10.01,,0.0,-1.29,0,0
2024-06-18,20240618,980371.ZHBK,2,1,20.03,,20.03,-1.3,0,0
2024-06-18,20240618,980372.ZHBK,2,1,20.02,,-10.01,-0.05,0,0
2024-06-18,20240618,980373.ZHBK,2,1,10.01,,10.01,-1.79,0,0
2024-06-18,20240618,980374.ZHBK,2,0,10.01,,10.01,-1.28,0,0
2024-06-18,20240618,980376.ZHBK,2,0,30.03,,-20.03,0.13,0,0
2024-06-18,20240618,980378.ZHBK,2,1,20.03,,10.02,-0.59,0,0
2024-06-18,20240618,980475.ZHBK,2,1,10.01,,10.01,-1.34,0,0
2024-06-18,20240618,980753.ZHBK,2,0,20.02,,-10.04,-0.34,0,0
2024-06-17,20240617,980376.ZHBK,2,0,50.06,,30.03,1.45,0,0
2024-06-17,20240617,980366.ZHBK,2,0,60.1,,50.09,0.56,0,0
2024-06-17,20240617,980357.ZHBK,2,0,60.08,,0.01,0.17,0,0
2024-06-17,20240617,980345.ZHBK,2,0,10.01,,0.0,-0.28,0,0
2024-06-17,20240617,980352.ZHBK,2,1,20.02,,0.0,0.79,0,0
2024-06-17,20240617,980353.ZHBK,2,0,10.01,,10.01,0.67,0,0
2024-06-17,20240617,980358.ZHBK,2,1,20.02,,0.0,0.92,0,0
2024-06-17,20240617,980364.ZHBK,2,1,30.03,,9.99,-0.47,0,0
2024-06-17,20240617,980365.ZHBK,2,1,10.02,,-10.01,-0.53,0,0
2024-06-17,20240617,980368.ZHBK,2,1,10.01,,10.01,0.38,0,0
2024-06-17,20240617,980372.ZHBK,2,1,30.03,,20.02,-0.08,0,0
2024-06-17,20240617,980378.ZHBK,2,1,10.01,,10.01,-1.0,0,0
2024-06-17,20240617,980753.ZHBK,2,0,30.06,,20.05,0.54,0,0
2024-06-14,20240614,980357.ZHBK,2,0,60.07,,9.99,1.22,0,0
2024-06-14,20240614,980339.ZHBK,2,1,20.03,,10.02,-1.41,0,0
2024-06-14,20240614,980343.ZHBK,2,0,10.01,,0.0,-0.57,0,0
2024-06-14,20240614,980345.ZHBK,2,0,10.01,,0.0,-1.42,0,0
2024-06-14,20240614,980348.ZHBK,2,0,20.02,,-10.01,0.07,0,0
2024-06-14,20240614,980352.ZHBK,2,1,20.02,,0.0,-0.91,0,0
2024-06-14,20240614,980355.ZHBK,2,0,20.02,,-10.01,-0.75,0,0
2024-06-14,20240614,980358.ZHBK,2,1,20.02,,10.01,-1.46,0,0
2024-06-14,20240614,980364.ZHBK,2,1,20.04,,-30.01,-1.01,0,0
2024-06-14,20240614,980365.ZHBK,2,1,20.03,,-10.01,0.3,0,0
2024-06-14,20240614,980366.ZHBK,2,0,10.01,,-0.01,0.35,0,0
2024-06-14,20240614,980372.ZHBK,2,1,10.01,,-20.02,-0.35,0,0
2024-06-14,20240614,980376.ZHBK,2,0,20.03,,10.01,0.34,0,0
2024-06-14,20240614,980473.ZHBK,2,1,10.01,,10.01,-1.21,0,0
2024-06-14,20240614,980474.ZHBK,2,1,40.05,,30.04,0.67,0,0
2024-06-14,20240614,980753.ZHBK,2,0,10.01,,-10.02,0.55,0,0
2024-06-13,20240613,980357.ZHBK,2,0,50.08,,-130.09,1.35,0,0
2024-06-13,20240613,980364.ZHBK,2,1,50.05,,-30.03,1.24,0,0
2024-06-13,20240613,980338.ZHBK,2,1,20.02,,10.01,1.71,0,0
2024-06-13,20240613,980339.ZHBK,2,1,10.01,,10.01,0.62,0,0
2024-06-13,20240613,980343.ZHBK,2,0,10.01,,10.01,1.72,0,0
2024-06-13,20240613,980345.ZHBK,2,0,10.01,,0.0,1.15,0,0
2024-06-13,20240613,980348.ZHBK,2,0,30.03,,20.02,3.86,0,0
2024-06-13,20240613,980352.ZHBK,2,1,20.02,,10.02,1.24,0,0
2024-06-13,20240613,980355.ZHBK,2,0,30.03,,10.01,2.88,0,0
2024-06-13,20240613,980358.ZHBK,2,1,10.01,,10.01,0.34,0,0
2024-06-13,20240613,980365.ZHBK,2,1,30.04,,-10.0,1.85,0,0
2024-06-13,20240613,980366.ZHBK,2,0,10.02,,10.02,1.5,0,0
2024-06-13,20240613,980368.ZHBK,2,1,10.01,,0.0,0.91,0,0
2024-06-13,20240613,980372.ZHBK,2,1,30.03,,20.03,1.3,0,0
2024-06-13,20240613,980373.ZHBK,2,1,10.02,,0.01,0.97,0,0
2024-06-13,20240613,980376.ZHBK,2,0,10.02,,10.02,1.4,0,0
2024-06-13,20240613,980378.ZHBK,2,1,20.02,,0.0,0.87,0,0
2024-06-13,20240613,980474.ZHBK,2,1,10.01,,10.01,0.67,0,0
2024-06-13,20240613,980753.ZHBK,2,0,20.03,,10.02,1.54,0,0
2024-06-12,20240612,980357.ZHBK,2,0,180.17,,110.07,3.27,0,0
2024-06-12,20240612,980364.ZHBK,2,1,80.08,,30.0,0.74,0,0
2024-06-12,20240612,980338.ZHBK,2,1,10.01,,0.0,-0.08,0,0
2024-06-12,20240612,980345.ZHBK,2,0,10.01,,0.0,-0.05,0,0
2024-06-12,20240612,980348.ZHBK,2,0,10.01,,0.0,0.16,0,0
2024-06-12,20240612,980352.ZHBK,2,1,10.0,,-0.01,0.19,0,0
2024-06-12,20240612,980355.ZHBK,2,0,20.02,,10.0,0.61,0,0
2024-06-12,20240612,980365.ZHBK,2,1,40.04,,20.0,0.73,0,0
2024-06-12,20240612,980368.ZHBK,2,1,10.01,,10.01,-0.64,0,0
2024-06-12,20240612,980371.ZHBK,2,1,10.01,,10.01,-0.13,0,0
2024-06-12,20240612,980372.ZHBK,2,1,10.0,,-10.02,0.19,0,0
2024-06-12,20240612,980373.ZHBK,2,1,10.01,,0.0,-0.29,0,0
2024-06-12,20240612,980374.ZHBK,2,0,10.01,,-10.01,-0.74,0,0
2024-06-12,20240612,980378.ZHBK,2,1,20.02,,20.02,0.88,0,0
2024-06-12,20240612,980753.ZHBK,2,0,10.01,,-0.01,2.11,0,0
2024-06-11,20240611,980357.ZHBK,2,0,70.1,,-9.98,0.45,0,0
2024-06-11,20240611,980364.ZHBK,2,1,50.08,,40.07,2.26,0,0
2024-06-11,20240611,980338.ZHBK,2,1,10.01,,0.0,2.75,0,0
2024-06-11,20240611,980343.ZHBK,2,0,20.02,,0.0,2.6,0,0
2024-06-11,20240611,980345.ZHBK,2,0,10.01,,0.0,1.92,0,0
2024-06-11,20240611,980348.ZHBK,2,0,10.01,,0.0,2.45,0,0
2024-06-11,20240611,980352.ZHBK,2,1,10.01,,10.01,2.63,0,0
2024-06-11,20240611,980353.ZHBK,2,0,10.01,,0.0,2.75,0,0
2024-06-11,20240611,980355.ZHBK,2,0,10.02,,0.01,2.08,0,0
2024-06-11,20240611,980363.ZHBK,2,1,10.01,,0.0,0.79,0,0
2024-06-11,20240611,980365.ZHBK,2,1,20.04,,-20.0,2.36,0,0
2024-06-11,20240611,980366.ZHBK,2,0,10.01,,-40.04,1.64,0,0
2024-06-11,20240611,980372.ZHBK,2,1,20.02,,20.02,1.83,0,0
2024-06-11,20240611,980373.ZHBK,2,1,10.01,,0.0,2.46,0,0
2024-06-11,20240611,980374.ZHBK,2,0,20.02,,0.0,2.33,0,0
2024-06-11,20240611,980376.ZHBK,2,0,10.01,,0.0,0.81,0,0
2024-06-11,20240611,980475.ZHBK,2,1,10.01,,10.01,1.93,0,0
2024-06-11,20240611,980753.ZHBK,2,0,10.02,,-20.01,1.78,0,0
2024-06-07,20240607,980357.ZHBK,2,0,80.08,,-150.15,-2.08,0,0
2024-06-07,20240607,980366.ZHBK,2,0,50.05,,30.03,-5.11,0,0
2024-06-07,20240607,980338.ZHBK,2,1,10.01,,0.0,-4.01,0,0
2024-06-07,20240607,980343.ZHBK,2,0,20.02,,10.01,-5.01,0,0
2024-06-07,20240607,980345.ZHBK,2,0,10.01,,-10.01,-3.78,0,0
2024-06-07,20240607,980348.ZHBK,2,0,10.01,,10.01,-3.18,0,0
2024-06-07,20240607,980353.ZHBK,2,0,10.01,,10.01,-3.91,0,0
2024-06-07,20240607,980355.ZHBK,2,0,10.01,,10.01,-4.06,0,0
2024-06-07,20240607,980362.ZHBK,2,1,20.02,,10.0,-2.69,0,0
2024-06-07,20240607,980363.ZHBK,2,1,10.01,,10.01,-4.35,0,0
2024-06-07,20240607,980364.ZHBK,2,1,10.01,,-20.02,-3.31,0,0
2024-06-07,20240607,980365.ZHBK,2,1,40.04,,30.03,-4.09,0,0
2024-06-07,20240607,980371.ZHBK,2,1,20.02,,20.02,-3.93,0,0
2024-06-07,20240607,980373.ZHBK,2,1,10.01,,10.01,-3.93,0,0
2024-06-07,20240607,980374.ZHBK,2,0,20.02,,20.02,-3.59,0,0
2024-06-07,20240607,980376.ZHBK,2,0,10.01,,0.0,-4.08,0,0
2024-06-07,20240607,980378.ZHBK,2,1,10.01,,10.01,-3.39,0,0
2024-06-07,20240607,980474.ZHBK,2,1,10.01,,0.0,-4.11,0,0
2024-06-07,20240607,980753.ZHBK,2,0,30.03,,30.03,-4.95,0,0
2024-06-06,20240606,980357.ZHBK,2,0,230.23,,210.18,-1.13,0,0
2024-06-06,20240606,980338.ZHBK,2,1,10.01,,-20.02,-1.21,0,0
2024-06-06,20240606,980343.ZHBK,2,0,10.01,,-20.02,-2.0,0,0
2024-06-06,20240606,980345.ZHBK,2,0,20.02,,-0.01,-2.43,0,0
2024-06-06,20240606,980362.ZHBK,2,1,10.02,,10.02,-1.88,0,0
2024-06-06,20240606,980364.ZHBK,2,1,30.03,,20.01,-2.2,0,0
2024-06-06,20240606,980365.ZHBK,2,1,10.01,,-10.01,-2.13,0,0
2024-06-06,20240606,980366.ZHBK,2,0,20.02,,-40.04,-0.84,0,0
2024-06-06,20240606,980368.ZHBK,2,1,10.01,,10.01,-2.02,0,0
2024-06-06,20240606,980376.ZHBK,2,0,10.01,,-0.02,-1.67,0,0
2024-06-06,20240606,980474.ZHBK,2,1,10.01,,-0.01,-2.58,0,0
2024-06-05,20240605,980372.ZHBK,2,1,50.05,,40.04,-0.83,0,0
2024-06-05,20240605,980366.ZHBK,2,0,60.06,,50.04,-1.66,0,0
2024-06-05,20240605,980338.ZHBK,2,1,30.03,,9.97,-0.23,0,0
2024-06-05,20240605,980339.ZHBK,2,1,10.02,,10.02,0.52,0,0
2024-06-05,20240605,980343.ZHBK,2,0,30.03,,9.99,0.22,0,0
2024-06-05,20240605,980345.ZHBK,2,0,20.03,,10.0,-0.49,0,0
2024-06-05,20240605,980353.ZHBK,2,0,10.01,,10.01,-0.88,0,0
2024-06-05,20240605,980357.ZHBK,2,0,20.05,,-10.02,-2.06,0,0
2024-06-05,20240605,980363.ZHBK,2,1,10.02,,0.01,-1.28,0,0
2024-06-05,20240605,980364.ZHBK,2,1,10.02,,0.0,-0.78,0,0
2024-06-05,20240605,980365.ZHBK,2,1,20.02,,10.0,-1.66,0,0
2024-06-05,20240605,980373.ZHBK,2,1,10.01,,10.01,-1.03,0,0
2024-06-05,20240605,980374.ZHBK,2,0,10.02,,-0.01,-0.39,0,0
2024-06-05,20240605,980376.ZHBK,2,0,10.03,,10.03,-2.25,0,0
2024-06-05,20240605,980473.ZHBK,2,1,10.01,,-0.01,-0.9,0,0
2024-06-05,20240605,980474.ZHBK,2,1,10.02,,0.01,0.66,0,0
2024-06-05,20240605,980753.ZHBK,2,0,40.05,,30.03,-1.74,0,0
2024-06-04,20240604,980357.ZHBK,2,0,30.07,,-60.03,-0.23,0,0
2024-06-04,20240604,980338.ZHBK,2,1,20.06,,10.05,-2.35,0,0
2024-06-04,20240604,980343.ZHBK,2,0,20.04,,10.03,-2.29,0,0
2024-06-04,20240604,980345.ZHBK,2,0,10.03,,0.02,-1.98,0,0
2024-06-04,20240604,980363.ZHBK,2,1,10.01,,-10.01,-1.51,0,0
2024-06-04,20240604,980364.ZHBK,2,1,10.02,,-30.02,-2.33,0,0
2024-06-04,20240604,980365.ZHBK,2,1,10.02,,-10.0,-1.87,0,0
2024-06-04,20240604,980366.ZHBK,2,0,10.02,,-30.02,-2.29,0,0
2024-06-04,20240604,980368.ZHBK,2,1,20.02,,20.02,-3.01,0,0
2024-06-04,20240604,980371.ZHBK,2,1,10.01,,0.0,-1.2,0,0
2024-06-04,20240604,980372.ZHBK,2,1,10.01,,-10.01,-1.7,0,0
2024-06-04,20240604,980374.ZHBK,2,0,10.03,,0.01,-2.2,0,0
2024-06-04,20240604,980473.ZHBK,2,1,10.02,,10.02,-2.4,0,0
2024-06-04,20240604,980474.ZHBK,2,1,10.01,,10.01,-2.18,0,0
2024-06-04,20240604,980753.ZHBK,2,0,10.02,,-20.01,-2.23,0,0
2024-06-03,20240603,980357.ZHBK,2,0,90.1,,30.02,1.47,0,0
2024-06-03,20240603,980336.ZHBK,2,1,10.01,,0.0,-0.78,0,0
2024-06-03,20240603,980338.ZHBK,2,1,10.01,,0.0,0.21,0,0
2024-06-03,20240603,980339.ZHBK,2,1,10.01,,10.01,0.13,0,0
2024-06-03,20240603,980343.ZHBK,2,0,10.01,,-0.01,0.74,0,0
2024-06-03,20240603,980345.ZHBK,2,0,10.01,,10.01,0.56,0,0
2024-06-03,20240603,980362.ZHBK,2,1,10.01,,-10.01,-0.74,0,0
2024-06-03,20240603,980363.ZHBK,2,1,20.02,,10.01,2.4,0,0
2024-06-03,20240603,980364.ZHBK,2,1,40.04,,10.01,-0.24,0,0
2024-06-03,20240603,980365.ZHBK,2,1,20.02,,10.0,1.01,0,0
2024-06-03,20240603,980366.ZHBK,2,0,40.04,,40.04,2.1,0,0
2024-06-03,20240603,980371.ZHBK,2,1,10.01,,10.01,-0.17,0,0
2024-06-03,20240603,980372.ZHBK,2,1,20.02,,0.0,1.04,0,0
2024-06-03,20240603,980374.ZHBK,2,0,10.02,,10.02,0.56,0,0
2024-06-03,20240603,980376.ZHBK,2,0,20.02,,0.0,1.63,0,0
2024-06-03,20240603,980750.ZHBK,2,1,10.01,,0.0,-0.69,0,0
2024-06-03,20240603,980753.ZHBK,2,0,30.03,,20.01,1.98,0,0
2024-05-31,20240531,980357.ZHBK,2,0,60.08,,40.06,0.97,0,0
2024-05-31,20240531,980335.ZHBK,2,1,10.03,,10.03,-2.99,0,0
2024-05-31,20240531,980336.ZHBK,2,1,10.01,,-10.01,-2.58,0,0
2024-05-31,20240531,980338.ZHBK,2,1,10.01,,10.01,-1.32,0,0
2024-05-31,20240531,980343.ZHBK,2,0,10.02,,10.02,-1.08,0,0
2024-05-31,20240531,980346.ZHBK,2,1,10.01,,10.01,-0.45,0,0
2024-05-31,20240531,980362.ZHBK,2,1,20.02,,-0.01,-1.64,0,0
2024-05-31,20240531,980363.ZHBK,2,1,10.01,,10.01,1.27,0,0
2024-05-31,20240531,980364.ZHBK,2,1,30.03,,20.02,-0.53,0,0
2024-05-31,20240531,980365.ZHBK,2,1,10.02,,-0.02,-0.18,0,0
2024-05-31,20240531,980372.ZHBK,2,1,20.02,,-20.04,0.01,0,0
2024-05-31,20240531,980376.ZHBK,2,0,20.02,,20.02,-0.77,0,0
2024-05-31,20240531,980474.ZHBK,2,1,20.04,,-10.05,-1.04,0,0
2024-05-31,20240531,980476.ZHBK,2,1,10.01,,10.01,0.06,0,0
2024-05-31,20240531,980750.ZHBK,2,1,10.01,,-10.01,-2.56,0,0
2024-05-31,20240531,980753.ZHBK,2,0,10.02,,0.0,-0.3,0,0
2024-05-31,20240531,980756.ZHBK,2,1,10.01,,10.01,-0.43,0,0
2024-05-30,20240530,980336.ZHBK,2,1,20.02,,0.0,-0.44,0,0
2024-05-30,20240530,980345.ZHBK,2,0,10.01,,0.0,-0.54,0,0
2024-05-30,20240530,980357.ZHBK,2,0,20.02,,-30.03,0.22,0,0
2024-05-30,20240530,980362.ZHBK,2,1,20.03,,0.01,-0.19,0,0
2024-05-30,20240530,980364.ZHBK,2,1,10.01,,-10.01,0.69,0,0
2024-05-30,20240530,980365.ZHBK,2,1,10.04,,-50.02,0.4,0,0
2024-05-30,20240530,980366.ZHBK,2,0,10.02,,0.01,-0.26,0,0
2024-05-30,20240530,980371.ZHBK,2,1,10.01,,0.0,-0.12,0,0
2024-05-30,20240530,980372.ZHBK,2,1,40.06,,20.03,1.08,0,0
2024-05-30,20240530,980374.ZHBK,2,0,10.01,,10.01,-0.94,0,0
2024-05-30,20240530,980474.ZHBK,2,1,30.09,,-9.95,0.48,0,0
2024-05-30,20240530,980750.ZHBK,2,1,20.02,,0.0,-0.41,0,0
2024-05-30,20240530,980753.ZHBK,2,0,10.02,,0.01,-0.22,0,0
2024-05-29,20240529,980365.ZHBK,2,1,60.06,,60.06,-0.83,0,0
2024-05-29,20240529,980357.ZHBK,2,0,50.05,,50.05,-0.32,0,0
2024-05-29,20240529,980335.ZHBK,2,1,10.01,,0.0,0.59,0,0
2024-05-29,20240529,980336.ZHBK,2,1,20.02,,0.0,1.49,0,0
2024-05-29,20240529,980345.ZHBK,2,0,10.01,,0.0,-1.57,0,0
2024-05-29,20240529,980358.ZHBK,2,1,20.02,,-0.03,-2.81,0,0
2024-05-29,20240529,980362.ZHBK,2,1,20.02,,0.0,0.64,0,0
2024-05-29,20240529,980363.ZHBK,2,1,30.03,,30.03,-0.63,0,0
2024-05-29,20240529,980364.ZHBK,2,1,20.02,,-20.02,-1.33,0,0
2024-05-29,20240529,980366.ZHBK,2,0,10.01,,0.0,-1.28,0,0
2024-05-29,20240529,980371.ZHBK,2,1,10.01,,-10.01,-1.54,0,0
2024-05-29,20240529,980372.ZHBK,2,1,20.03,,20.03,-1.09,0,0
2024-05-29,20240529,980376.ZHBK,2,0,10.02,,10.02,-1.58,0,0
2024-05-29,20240529,980474.ZHBK,2,1,40.04,,10.01,0.44,0,0
2024-05-29,20240529,980475.ZHBK,2,1,10.01,,10.01,-0.24,0,0
2024-05-29,20240529,980750.ZHBK,2,1,20.02,,0.0,1.67,0,0
2024-05-29,20240529,980753.ZHBK,2,0,10.01,,10.01,-1.37,0,0
2024-05-28,20240528,980335.ZHBK,2,1,10.01,,0.0,1.41,0,0
2024-05-28,20240528,980336.ZHBK,2,1,20.02,,-10.01,1.23,0,0
2024-05-28,20240528,980338.ZHBK,2,1,10.03,,-9.99,-0.28,0,0
2024-05-28,20240528,980339.ZHBK,2,1,10.02,,10.02,1.66,0,0
2024-05-28,20240528,980343.ZHBK,2,0,10.02,,0.01,-0.23,0,0
2024-05-28,20240528,980345.ZHBK,2,0,10.01,,0.0,0.53,0,0
2024-05-28,20240528,980353.ZHBK,2,0,10.01,,10.01,1.13,0,0
2024-05-28,20240528,980358.ZHBK,2,1,20.05,,10.04,-0.61,0,0
2024-05-28,20240528,980362.ZHBK,2,1,20.02,,-10.01,0.73,0,0
2024-05-28,20240528,980364.ZHBK,2,1,40.04,,0.0,1.05,0,0
2024-05-28,20240528,980366.ZHBK,2,0,10.01,,0.0,0.45,0,0
2024-05-28,20240528,980371.ZHBK,2,1,20.02,,20.02,-1.13,0,0
2024-05-28,20240528,980374.ZHBK,2,0,10.02,,-10.0,0.18,0,0
2024-05-28,20240528,980378.ZHBK,2,1,10.01,,-10.0,0.36,0,0
2024-05-28,20240528,980473.ZHBK,2,1,10.01,,0.0,-0.17,0,0
2024-05-28,20240528,980474.ZHBK,2,1,30.03,,-10.01,1.02,0,0
2024-05-28,20240528,980750.ZHBK,2,1,20.02,,-10.01,1.24,0,0
2024-05-27,20240527,980357.ZHBK,2,0,60.05,,20.01,-2.15,0,0
2024-05-27,20240527,980335.ZHBK,2,1,10.01,,10.01,0.16,0,0
2024-05-27,20240527,980336.ZHBK,2,1,30.03,,10.01,2.27,0,0
2024-05-27,20240527,980338.ZHBK,2,1,20.02,,0.0,-0.95,0,0
2024-05-27,20240527,980343.ZHBK,2,0,10.01,,10.01,-1.59,0,0
2024-05-27,20240527,980345.ZHBK,2,0,10.01,,0.0,-0.71,0,0
2024-05-27,20240527,980348.ZHBK,2,0,10.01,,10.01,-0.99,0,0
2024-05-27,20240527,980352.ZHBK,2,1,10.01,,10.01,-0.51,0,0
2024-05-27,20240527,980355.ZHBK,2,0,10.01,,10.01,-1.43,0,0
2024-05-27,20240527,980358.ZHBK,2,1,10.01,,10.01,-2.98,0,0
2024-05-27,20240527,980362.ZHBK,2,1,30.03,,10.01,1.48,0,0
2024-05-27,20240527,980364.ZHBK,2,1,40.04,,-0.02,-0.89,0,0
2024-05-27,20240527,980365.ZHBK,2,1,20.02,,20.02,-1.04,0,0
2024-05-27,20240527,980366.ZHBK,2,0,10.01,,-0.01,-1.89,0,0
2024-05-27,20240527,980368.ZHBK,2,1,20.02,,10.01,-0.99,0,0
2024-05-27,20240527,980372.ZHBK,2,1,10.01,,10.01,-1.17,0,0
2024-05-27,20240527,980373.ZHBK,2,1,30.03,,20.02,-1.13,0,0
2024-05-27,20240527,980374.ZHBK,2,0,20.02,,10.01,-0.73,0,0
2024-05-27,20240527,980376.ZHBK,2,0,10.01,,-10.02,-1.2,0,0
2024-05-27,20240527,980378.ZHBK,2,1,20.01,,-20.04,-0.75,0,0
2024-05-27,20240527,980473.ZHBK,2,1,10.01,,10.01,-1.27,0,0
2024-05-27,20240527,980474.ZHBK,2,1,40.04,,30.02,-0.07,0,0
2024-05-27,20240527,980750.ZHBK,2,1,30.03,,10.01,2.2,0,0
2024-05-27,20240527,980753.ZHBK,2,0,10.01,,0.0,-1.67,0,0
2024-05-24,20240524,980336.ZHBK,2,1,20.02,,20.02,-2.17,0,0
2024-05-24,20240524,980338.ZHBK,2,1,20.02,,-10.01,-1.78,0,0
2024-05-24,20240524,980345.ZHBK,2,0,10.01,,10.01,-2.4,0,0
2024-05-24,20240524,980357.ZHBK,2,0,40.04,,-50.07,-1.38,0,0
2024-05-24,20240524,980362.ZHBK,2,1,20.02,,20.02,-2.39,0,0
2024-05-24,20240524,980364.ZHBK,2,1,40.06,,30.05,-2.2,0,0
2024-05-24,20240524,980366.ZHBK,2,0,10.02,,-40.04,-2.11,0,0
2024-05-24,20240524,980368.ZHBK,2,1,10.01,,10.01,-3.04,0,0
2024-05-24,20240524,980371.ZHBK,2,1,10.01,,-10.01,-1.72,0,0
2024-05-24,20240524,980373.ZHBK,2,1,10.01,,10.01,-2.57,0,0
2024-05-24,20240524,980374.ZHBK,2,0,10.01,,10.01,-2.39,0,0
2024-05-24,20240524,980376.ZHBK,2,0,20.03,,0.0,-1.78,0,0
2024-05-24,20240524,980378.ZHBK,2,1,40.05,,30.04,-2.22,0,0
2024-05-24,20240524,980474.ZHBK,2,1,10.02,,-20.01,-2.37,0,0
2024-05-24,20240524,980750.ZHBK,2,1,20.02,,20.02,-2.08,0,0
2024-05-24,20240524,980753.ZHBK,2,0,10.01,,-40.05,-2.22,0,0
2024-05-23,20240523,980357.ZHBK,2,0,90.11,,30.06,1.3,0,0
2024-05-23,20240523,980366.ZHBK,2,0,50.06,,50.06,0.77,0,0
2024-05-23,20240523,980753.ZHBK,2,0,50.06,,50.06,0.8,0,0
2024-05-23,20240523,980338.ZHBK,2,1,30.03,,-10.01,1.4,0,0
2024-05-23,20240523,980343.ZHBK,2,0,20.02,,0.0,1.51,0,0
2024-05-23,20240523,980352.ZHBK,2,1,10.01,,10.01,-0.46,0,0
2024-05-23,20240523,980358.ZHBK,2,1,10.01,,-30.03,0.65,0,0
2024-05-23,20240523,980363.ZHBK,2,1,10.01,,0.01,0.03,0,0
2024-05-23,20240523,980364.ZHBK,2,1,10.01,,-50.05,0.02,0,0
2024-05-23,20240523,980365.ZHBK,2,1,20.02,,10.01,0.67,0,0
2024-05-23,20240523,980371.ZHBK,2,1,20.02,,10.01,-0.12,0,0
2024-05-23,20240523,980376.ZHBK,2,0,20.03,,10.02,0.42,0,0
2024-05-23,20240523,980378.ZHBK,2,1,10.01,,-50.04,-0.13,0,0
2024-05-23,20240523,980474.ZHBK,2,1,30.03,,10.01,2.09,0,0
2024-05-22,20240522,980378.ZHBK,2,1,60.05,,60.05,-1.24,0,0
2024-05-22,20240522,980357.ZHBK,2,0,60.05,,30.02,-0.09,0,0
2024-05-22,20240522,980364.ZHBK,2,1,60.06,,40.02,-1.52,0,0
2024-05-22,20240522,980335.ZHBK,2,1,10.01,,10.01,-1.62,0,0
2024-05-22,20240522,980338.ZHBK,2,1,40.04,,10.0,-1.0,0,0
2024-05-22,20240522,980339.ZHBK,2,1,10.01,,10.01,-0.4,0,0
2024-05-22,20240522,980343.ZHBK,2,0,20.02,,10.0,-1.86,0,0
2024-05-22,20240522,980345.ZHBK,2,0,20.02,,20.02,-0.97,0,0
2024-05-22,20240522,980358.ZHBK,2,1,40.04,,0.0,-0.43,0,0
2024-05-22,20240522,980362.ZHBK,2,1,10.01,,10.01,-1.13,0,0
2024-05-22,20240522,980363.ZHBK,2,1,10.0,,10.0,-2.34,0,0
2024-05-22,20240522,980365.ZHBK,2,1,10.01,,0.0,-1.27,0,0
2024-05-22,20240522,980368.ZHBK,2,1,20.01,,10.0,-0.95,0,0
2024-05-22,20240522,980371.ZHBK,2,1,10.01,,10.01,-0.38,0,0
2024-05-22,20240522,980372.ZHBK,2,1,20.01,,10.0,-1.22,0,0
2024-05-22,20240522,980373.ZHBK,2,1,20.02,,20.02,-1.19,0,0
2024-05-22,20240522,980374.ZHBK,2,0,10.01,,10.01,-0.76,0,0
2024-05-22,20240522,980376.ZHBK,2,0,10.01,,-10.02,-1.21,0,0
2024-05-22,20240522,980474.ZHBK,2,1,20.02,,-10.01,-1.2,0,0
2024-05-21,20240521,980753.ZHBK,2,0,50.05,,20.03,0.05,0,0
2024-05-21,20240521,980338.ZHBK,2,1,30.04,,-20.0,-0.24,0,0
2024-05-21,20240521,980343.ZHBK,2,0,10.02,,-9.99,-0.71,0,0
2024-05-21,20240521,980355.ZHBK,2,0,20.02,,0.0,-0.1,0,0
2024-05-21,20240521,980357.ZHBK,2,0,30.03,,-20.01,0.37,0,0
2024-05-21,20240521,980358.ZHBK,2,1,40.04,,0.0,-2.24,0,0
2024-05-21,20240521,980364.ZHBK,2,1,20.04,,-50.03,0.5,0,0
2024-05-21,20240521,980365.ZHBK,2,1,10.01,,-30.03,0.24,0,0
2024-05-21,20240521,980366.ZHBK,2,0,40.04,,20.03,0.11,0,0
2024-05-21,20240521,980368.ZHBK,2,1,10.01,,10.01,-0.14,0,0
2024-05-21,20240521,980372.ZHBK,2,1,10.01,,0.01,-0.11,0,0
2024-05-21,20240521,980376.ZHBK,2,0,20.03,,0.01,-0.03,0,0
2024-05-21,20240521,980474.ZHBK,2,1,30.03,,-9.99,0.29,0,0
2024-05-20,20240520,980473.ZHBK,2,1,50.03,,40.02,0.17,0,0
2024-05-20,20240520,980336.ZHBK,2,1,50.03,,50.03,0.82,0,0
2024-05-20,20240520,980338.ZHBK,2,1,50.04,,-20.02,1.56,0,0
2024-05-20,20240520,980364.ZHBK,2,1,70.07,,30.03,1.68,0,0
2024-05-20,20240520,980357.ZHBK,2,0,50.04,,-10.01,2.31,0,0
2024-05-20,20240520,980335.ZHBK,2,1,20.02,,20.02,0.83,0,0
2024-05-20,20240520,980343.ZHBK,2,0,20.01,,-20.02,1.32,0,0
2024-05-20,20240520,980345.ZHBK,2,0,40.03,,40.03,0.42,0,0
2024-05-20,20240520,980346.ZHBK,2,1,40.03,,30.02,0.48,0,0
2024-05-20,20240520,980351.ZHBK,2,1,20.01,,20.01,0.6,0,0
2024-05-20,20240520,980353.ZHBK,2,0,10.0,,-0.01,1.27,0,0
2024-05-20,20240520,980355.ZHBK,2,0,20.02,,-10.01,-0.02,0,0
2024-05-20,20240520,980358.ZHBK,2,1,40.04,,20.02,4.57,0,0
2024-05-20,20240520,980365.ZHBK,2,1,40.04,,-10.01,1.23,0,0
2024-05-20,20240520,980366.ZHBK,2,0,20.01,,0.01,1.86,0,0
2024-05-20,20240520,980371.ZHBK,2,1,10.01,,10.01,0.56,0,0
2024-05-20,20240520,980372.ZHBK,2,1,10.0,,-30.04,1.0,0,0
2024-05-20,20240520,980373.ZHBK,2,1,10.01,,-20.02,1.12,0,0
2024-05-20,20240520,980374.ZHBK,2,0,40.03,,30.02,0.52,0,0
2024-05-20,20240520,980376.ZHBK,2,0,20.02,,0.0,1.8,0,0
2024-05-20,20240520,980378.ZHBK,2,1,10.0,,-0.01,0.12,0,0
2024-05-20,20240520,980474.ZHBK,2,1,40.02,,40.02,0.98,0,0
2024-05-20,20240520,980753.ZHBK,2,0,30.02,,-10.01,1.61,0,0
2024-05-20,20240520,980756.ZHBK,2,1,40.03,,30.02,0.48,0,0
2024-05-17,20240517,980363.ZHBK,2,1,70.03,,60.02,0.06,0,0
2024-05-17,20240517,980338.ZHBK,2,1,70.06,,60.05,2.38,0,0
2024-05-17,20240517,980357.ZHBK,2,0,60.05,,-10.02,0.89,0,0
2024-05-17,20240517,980365.ZHBK,2,1,50.05,,20.02,0.38,0,0
2024-05-17,20240517,980339.ZHBK,2,1,10.01,,0.0,-0.66,0,0
2024-05-17,20240517,980340.ZHBK,2,0,10.01,,10.01,-0.19,0,0
2024-05-17,20240517,980343.ZHBK,2,0,40.03,,40.03,1.44,0,0
2024-05-17,20240517,980346.ZHBK,2,1,10.01,,0.0,0.93,0,0
2024-05-17,20240517,980348.ZHBK,2,0,10.01,,10.01,1.3,0,0
2024-05-17,20240517,980353.ZHBK,2,0,10.01,,10.01,1.32,0,0
2024-05-17,20240517,980355.ZHBK,2,0,30.03,,30.03,0.79,0,0
2024-05-17,20240517,980358.ZHBK,2,1,20.02,,10.01,2.77,0,0
2024-05-17,20240517,980364.ZHBK,2,1,40.04,,-10.01,0.26,0,0
2024-05-17,20240517,980366.ZHBK,2,0,20.0,,9.99,1.07,0,0
2024-05-17,20240517,980368.ZHBK,2,1,10.0,,-0.01,2.63,0,0
2024-05-17,20240517,980372.ZHBK,2,1,40.04,,30.03,0.02,0,0
2024-05-17,20240517,980373.ZHBK,2,1,30.03,,20.02,0.84,0,0
2024-05-17,20240517,980374.ZHBK,2,0,10.01,,10.01,0.96,0,0
2024-05-17,20240517,980376.ZHBK,2,0,20.02,,-20.02,1.12,0,0
2024-05-17,20240517,980378.ZHBK,2,1,10.01,,10.01,-0.57,0,0
2024-05-17,20240517,980473.ZHBK,2,1,10.01,,10.01,0.32,0,0
2024-05-17,20240517,980475.ZHBK,2,1,10.01,,10.01,0.18,0,0
2024-05-17,20240517,980753.ZHBK,2,0,40.03,,20.01,0.91,0,0
2024-05-17,20240517,980756.ZHBK,2,1,10.01,,0.0,0.89,0,0
2024-05-16,20240516,980357.ZHBK,2,0,70.07,,50.04,-0.8,0,0
2024-05-16,20240516,980364.ZHBK,2,1,50.05,,-0.01,-0.0,0,0
2024-05-16,20240516,980338.ZHBK,2,1,10.01,,-20.02,0.35,0,0
2024-05-16,20240516,980339.ZHBK,2,1,10.01,,10.01,-0.76,0,0
2024-05-16,20240516,980341.ZHBK,2,1,10.01,,-10.01,-1.65,0,0
2024-05-16,20240516,980346.ZHBK,2,1,10.01,,0.0,-0.8,0,0
2024-05-16,20240516,980358.ZHBK,2,1,10.01,,0.0,0.97,0,0
2024-05-16,20240516,980360.ZHBK,2,1,10.01,,-10.01,-2.32,0,0
2024-05-16,20240516,980362.ZHBK,2,1,10.01,,10.01,-1.7,0,0
2024-05-16,20240516,980363.ZHBK,2,1,10.01,,10.01,-0.53,0,0
2024-05-16,20240516,980365.ZHBK,2,1,30.03,,20.0,-0.58,0,0
2024-05-16,20240516,980366.ZHBK,2,0,10.01,,10.01,-1.23,0,0
2024-05-16,20240516,980368.ZHBK,2,1,10.01,,10.01,0.51,0,0
2024-05-16,20240516,980371.ZHBK,2,1,20.02,,10.01,-0.49,0,0
2024-05-16,20240516,980372.ZHBK,2,1,10.01,,10.01,-1.17,0,0
2024-05-16,20240516,980373.ZHBK,2,1,10.01,,-0.02,-0.03,0,0
2024-05-16,20240516,980376.ZHBK,2,0,40.04,,30.03,-0.76,0,0
2024-05-16,20240516,980474.ZHBK,2,1,20.02,,-10.02,-1.36,0,0
2024-05-16,20240516,980753.ZHBK,2,0,20.02,,-10.02,-1.14,0,0
2024-05-16,20240516,980756.ZHBK,2,1,10.01,,0.0,-0.81,0,0
2024-05-15,20240515,980355.ZHBK,2,0,40.05,,-19.99,2.1,0,0
2024-05-15,20240515,980364.ZHBK,2,1,50.06,,0.01,0.39,0,0
2024-05-15,20240515,980338.ZHBK,2,1,30.03,,20.02,1.01,0,0
2024-05-15,20240515,980341.ZHBK,2,1,20.02,,20.02,0.09,0,0
2024-05-15,20240515,980346.ZHBK,2,1,10.01,,-10.01,0.75,0,0
2024-05-15,20240515,980348.ZHBK,2,0,10.01,,0.0,2.11,0,0
2024-05-15,20240515,980357.ZHBK,2,0,20.03,,-50.04,0.68,0,0
2024-05-15,20240515,980358.ZHBK,2,1,10.01,,10.01,-0.36,0,0
2024-05-15,20240515,980360.ZHBK,2,1,20.02,,20.02,0.48,0,0
2024-05-15,20240515,980365.ZHBK,2,1,10.03,,-9.98,0.78,0,0
2024-05-15,20240515,980371.ZHBK,2,1,10.01,,-10.01,0.95,0,0
2024-05-15,20240515,980373.ZHBK,2,1,10.03,,-9.99,2.12,0,0
2024-05-15,20240515,980376.ZHBK,2,0,10.01,,0.0,1.1,0,0
2024-05-15,20240515,980378.ZHBK,2,1,10.02,,-50.03,0.46,0,0
2024-05-15,20240515,980474.ZHBK,2,1,30.04,,0.01,0.12,0,0
2024-05-15,20240515,980753.ZHBK,2,0,30.04,,-9.98,1.71,0,0
2024-05-15,20240515,980756.ZHBK,2,1,10.01,,-10.01,0.68,0,0
2024-05-14,20240514,980357.ZHBK,2,0,70.07,,50.04,-2.28,0,0
2024-05-14,20240514,980378.ZHBK,2,1,60.05,,-20.03,-1.69,0,0
2024-05-14,20240514,980355.ZHBK,2,0,60.04,,40.02,-2.24,0,0
2024-05-14,20240514,980364.ZHBK,2,1,50.05,,30.03,-2.15,0,0
2024-05-14,20240514,980753.ZHBK,2,0,40.02,,20.0,-2.77,0,0
2024-05-14,20240514,980474.ZHBK,2,1,30.03,,9.99,-0.92,0,0
2024-05-14,20240514,980343.ZHBK,2,0,30.02,,-0.01,-1.83,0,0
2024-05-14,20240514,980346.ZHBK,2,1,20.02,,0.0,-1.55,0,0
2024-05-14,20240514,980366.ZHBK,2,0,20.02,,0.0,-2.71,0,0
2024-05-14,20240514,980371.ZHBK,2,1,20.02,,20.02,-0.98,0,0
2024-05-14,20240514,980373.ZHBK,2,1,20.02,,20.02,-2.14,0,0
2024-05-14,20240514,980756.ZHBK,2,1,20.02,,-10.01,-1.5,0,0
2024-05-14,20240514,980365.ZHBK,2,1,20.01,,9.99,-1.79,0,0
2024-05-14,20240514,980338.ZHBK,2,1,10.01,,-10.01,-1.02,0,0
2024-05-14,20240514,980345.ZHBK,2,0,10.01,,10.01,-1.67,0,0
2024-05-14,20240514,980348.ZHBK,2,0,10.01,,0.0,-1.97,0,0
2024-05-14,20240514,980353.ZHBK,2,0,10.01,,10.01,-1.99,0,0
2024-05-14,20240514,980362.ZHBK,2,1,10.01,,-30.04,0.66,0,0
2024-05-14,20240514,980376.ZHBK,2,0,10.01,,-10.01,-2.15,0,0
2024-05-14,20240514,980476.ZHBK,2,1,10.01,,0.0,-0.96,0,0
2024-05-13,20240513,980378.ZHBK,2,1,80.08,,80.08,-1.98,0,0
2024-05-13,20240513,980362.ZHBK,2,1,40.05,,40.05,0.54,0,0
2024-05-13,20240513,980750.ZHBK,2,1,40.05,,40.05,1.67,0,0
2024-05-13,20240513,980336.ZHBK,2,1,40.04,,40.04,1.6,0,0
2024-05-13,20240513,980343.ZHBK,2,0,30.03,,30.03,-1.44,0,0
2024-05-13,20240513,980756.ZHBK,2,1,30.03,,30.03,-0.88,0,0
2024-05-13,20240513,980474.ZHBK,2,1,20.04,,20.04,-0.64,0,0
2024-05-13,20240513,980357.ZHBK,2,0,20.03,,20.03,-2.32,0,0
2024-05-13,20240513,980338.ZHBK,2,1,20.02,,20.02,-0.73,0,0
2024-05-13,20240513,980346.ZHBK,2,1,20.02,,20.02,-0.8,0,0
2024-05-13,20240513,980355.ZHBK,2,0,20.02,,20.02,-1.32,0,0
2024-05-13,20240513,980364.ZHBK,2,1,20.02,,20.02,-1.35,0,0
2024-05-13,20240513,980366.ZHBK,2,0,20.02,,20.02,-1.84,0,0
2024-05-13,20240513,980376.ZHBK,2,0,20.02,,20.02,-1.97,0,0
2024-05-13,20240513,980753.ZHBK,2,0,20.02,,20.02,-1.69,0,0
2024-05-13,20240513,980365.ZHBK,2,1,10.02,,10.02,-1.47,0,0
2024-05-13,20240513,980339.ZHBK,2,1,10.01,,10.01,-0.41,0,0
2024-05-13,20240513,980348.ZHBK,2,0,10.01,,10.01,-0.77,0,0
2024-05-13,20240513,980352.ZHBK,2,1,10.01,,10.01,-1.37,0,0
2024-05-13,20240513,980476.ZHBK,2,1,10.01,,10.01,-1.15,0,0
